/*******************************************************************************
 * Size: 16 px
 * Bpp: 4
 * Opts: --font C:\Users\Doro\esp\fonts\NotoSansCJKsc-Regular.otf -r 0x20-0x7E --symbols 健康信息紧急联系医疗信息急救须知姓名年龄血型性别男女家属电话过敏史慢性病常服药物备注关系手机急救提示器官捐献意愿同意拒绝无有未知请注意如遇事故请先联系家属呼叫拨打请勿移动保持清醒需要帮助医护人员谢谢信息档案卡提示示例岁号出生年月日糖尿病高血压心脏病哮喘癫痫肾病肝病肿瘤癌症中风手术阿司匹林青霉素头孢抗生素疫苗胰岛素起搏器支架药物过敏史服药记录定期检查按时住院病历王李张刘陈杨黄赵吴周徐孙马朱胡郭何高林罗郑梁谢宋唐许韩冯邓曹彭曾肖田董袁潘于蒋蔡余杜叶程苏魏吕丁任沈姚卢姜崔钟谭陆汪范金石廖贾夏韦付方白邹孟熊秦邱江尹薛闫段雷侯龙史陶黎贺顾毛郝龚邵万钱严覃武戴莫孔向汤文华明军强和平安杰志伟建国春丽娟秀英红梅芳燕娜婷雪琴兰青霞静波涛勇辉斌鹏飞云翔宇浩轩泽铭萱欣怡嘉诗涵雨桐梦瑶思远俊杰晨曦亦辰若曦可心怡然佳琪彤欣慧子墨一鸣，。：；？！、（）【】·—…“”‘’～％°×@#* --size 16 --bpp 4 --format lvgl --output C:\Users\Doro\esp\fonts\health_font_16.c --lv-font-name lv_font_health_16
 ******************************************************************************/

#ifdef LV_LVGL_H_INCLUDE_SIMPLE
#include "lvgl.h"
#else
#include "lvgl/lvgl.h"
#endif

#ifndef LV_FONT_HEALTH_16
#define LV_FONT_HEALTH_16 1
#endif

#if LV_FONT_HEALTH_16

/*-----------------
 *    BITMAPS
 *----------------*/

/*Store the image of the glyphs*/
static LV_ATTRIBUTE_LARGE_CONST const uint8_t glyph_bitmap[] = {
    /* U+0020 " " */

    /* U+0021 "!" */
    0x2f, 0x40, 0x8, 0xc0, 0x33, 0x88, 0x6, 0x10,
    0xe, 0x30, 0x81, 0x5, 0x5, 0xd7, 0x61, 0x20,

    /* U+0022 "\"" */
    0x8f, 0x6, 0xf1, 0x1, 0x0, 0xde, 0x60, 0x40,
    0x24, 0x20, 0xe2, 0xf, 0x60, 0x4c, 0x0,

    /* U+0023 "#" */
    0x0, 0xb8, 0x1, 0x68, 0x1, 0x11, 0x0, 0xc,
    0xa0, 0x13, 0x30, 0x0, 0x42, 0x0, 0xfb, 0x5f,
    0xf0, 0x7a, 0x87, 0xbc, 0xfe, 0x27, 0xa8, 0x0,
    0x88, 0xc, 0x20, 0x19, 0x98, 0x6, 0x40, 0x5,
    0xe3, 0xce, 0x97, 0xe0, 0x5f, 0xf, 0xf2, 0x57,
    0x80, 0x44, 0x22, 0x77, 0x8, 0x0, 0x98, 0x0,
    0x46, 0x1, 0x31, 0x0, 0x4, 0x40, 0x0,

    /* U+0024 "$" */
    0x0, 0xde, 0x1, 0xf8, 0x40, 0x33, 0xf8, 0x75,
    0x0, 0x12, 0x21, 0xf8, 0xc8, 0x18, 0x2e, 0x7,
    0x88, 0x0, 0x10, 0xf, 0x58, 0x59, 0x0, 0x63,
    0xb5, 0xd7, 0x0, 0xc9, 0xed, 0x16, 0x1, 0x86,
    0x6d, 0x20, 0x3, 0x91, 0x6, 0x2, 0x1, 0x84,
    0x1, 0x94, 0x60, 0xaa, 0xd0, 0xe6, 0xcf, 0xa7,
    0x60, 0x3c, 0xe0, 0xe8, 0x0, 0xc2, 0x2, 0x0,

    /* U+0025 "%" */
    0x3, 0xde, 0xa0, 0xc, 0x58, 0x1, 0xdb, 0x3c,
    0x30, 0x1, 0x4c, 0x0, 0x64, 0x34, 0xf, 0x50,
    0x2, 0x2, 0x0, 0x61, 0x10, 0x1, 0xcc, 0x1,
    0x10, 0x0, 0xe6, 0x10, 0x3, 0x98, 0x2b, 0x15,
    0x75, 0x0, 0xc, 0xca, 0x1f, 0x41, 0x10, 0xb2,
    0xe0, 0x80, 0x6, 0xcf, 0x13, 0xb2, 0x12, 0xc8,
    0x43, 0x0, 0xf, 0x3a, 0x42, 0xe0, 0x84, 0x40,
    0x42, 0x1, 0xe8, 0xa1, 0x0, 0xff, 0x85, 0x5c,
    0x8, 0x44, 0x4, 0x20, 0x1d, 0x16, 0x1, 0x2c,
    0x85, 0xb8, 0x6, 0x24, 0x60, 0xa, 0xcf, 0x8e,
    0x40,

    /* U+0026 "&" */
    0x0, 0xa7, 0xb5, 0x0, 0x3d, 0x9, 0x95, 0x60,
    0x1e, 0x5a, 0x25, 0x1, 0x0, 0xe1, 0x0, 0x52,
    0x8, 0x7, 0x5d, 0xa5, 0x68, 0x3, 0xc4, 0x6b,
    0xa2, 0x0, 0x62, 0x5, 0xa4, 0x32, 0x0, 0x24,
    0x98, 0xd3, 0xda, 0x78, 0x87, 0x20, 0xa0, 0x48,
    0x50, 0xe3, 0x2c, 0x80, 0x81, 0x0, 0xe8, 0xca,
    0x90, 0x21, 0x72, 0x9b, 0x19, 0x2d, 0x98, 0x63,
    0xde, 0xe5, 0x6d, 0x83, 0x0,

    /* U+0027 "'" */
    0x8f, 0x1, 0xf3, 0x21, 0x7b,

    /* U+0028 "(" */
    0x0, 0xf4, 0x40, 0x5, 0xa4, 0x19, 0x4, 0x2b,
    0xc0, 0x49, 0x1, 0x4, 0x40, 0x64, 0x0, 0x17,
    0x0, 0xf0, 0xb8, 0x0, 0xc8, 0x0, 0x82, 0x20,
    0x12, 0x40, 0x5, 0x78, 0x1, 0x90, 0x40, 0x5a,
    0x40, 0x11, 0x0,

    /* U+0029 ")" */
    0x1, 0x0, 0x17, 0x80, 0x9, 0x1c, 0x1, 0xd2,
    0x0, 0x40, 0x40, 0x2, 0x60, 0x3, 0x4c, 0x0,
    0x4c, 0x0, 0x13, 0x0, 0xf0, 0x98, 0x0, 0x98,
    0x1, 0xa6, 0x0, 0x4b, 0x4, 0x3, 0xf, 0x90,
    0x25, 0x70, 0x2e, 0x0, 0x0,

    /* U+002A "*" */
    0x0, 0x59, 0x80, 0x14, 0xd9, 0x54, 0x25, 0xa5,
    0x3c, 0x6f, 0x22, 0x2b, 0x21, 0x9c, 0x47, 0x1,
    0xf2, 0xa7, 0x0,

    /* U+002B "+" */
    0x0, 0xc4, 0x1, 0xf1, 0x68, 0x7, 0xff, 0x29,
    0x7f, 0xda, 0x1f, 0xf2, 0x2e, 0xea, 0xc3, 0x76,
    0x40, 0x22, 0x30, 0x11, 0x40, 0x1f, 0xfc, 0x70,

    /* U+002C "," */
    0x0, 0xe8, 0xe2, 0x0, 0xa, 0x84, 0x20, 0x82,
    0xa9, 0xc3, 0xbc, 0x42, 0xc4, 0x0,

    /* U+002D "-" */
    0x4f, 0xfb, 0x13, 0x76, 0xe0,

    /* U+002E "." */
    0x1, 0xa, 0xe2, 0x28, 0xc0,

    /* U+002F "/" */
    0x0, 0xc7, 0xc0, 0x1c, 0x8e, 0x1, 0xd7, 0xa0,
    0x18, 0x49, 0x0, 0x33, 0xa0, 0x7, 0x6f, 0x80,
    0x61, 0x45, 0x0, 0xc8, 0x80, 0xe, 0xfd, 0x0,
    0xe5, 0x70, 0xc, 0x86, 0x20, 0x1b, 0x6c, 0x3,
    0x9d, 0x40, 0x31, 0x98, 0x80, 0x35, 0xa8, 0x7,
    0x75, 0x0, 0x70,

    /* U+0030 "0" */
    0x0, 0x26, 0x7d, 0x90, 0x4, 0x76, 0xb8, 0x38,
    0x20, 0xa, 0x39, 0x3a, 0x9, 0x0, 0x35, 0x80,
    0x4e, 0xa0, 0x20, 0x60, 0x17, 0x90, 0x18, 0x38,
    0x4, 0x60, 0x1f, 0xf1, 0x3, 0x0, 0x46, 0x1,
    0x88, 0x2, 0xf2, 0x0, 0x35, 0x80, 0x4f, 0x40,
    0xb, 0x39, 0x4a, 0x6, 0x0, 0x16, 0x2d, 0x8e,
    0x8, 0x0,

    /* U+0031 "1" */
    0x4, 0x9f, 0x70, 0xa, 0x14, 0x3, 0xb3, 0x0,
    0x1f, 0xfe, 0x92, 0x33, 0x7, 0x19, 0xaf, 0x30,
    0xd, 0x9c,

    /* U+0032 "2" */
    0x1, 0x9d, 0xeb, 0x20, 0x0, 0xf9, 0x45, 0xb6,
    0x0, 0x6, 0xec, 0xaa, 0xf1, 0x50, 0x2, 0x80,
    0x44, 0x4, 0x1, 0xe1, 0x2, 0x0, 0xf3, 0x2,
    0x0, 0x70, 0xc3, 0x88, 0x7, 0x51, 0x40, 0x7,
    0x4a, 0x78, 0x7, 0x4b, 0x61, 0x0, 0x69, 0x68,
    0x74, 0x48, 0x11, 0x82, 0x2e, 0xf0, 0x80,

    /* U+0033 "3" */
    0x1, 0x9d, 0xfc, 0x40, 0x6, 0x14, 0x53, 0xd9,
    0x86, 0x5a, 0xaa, 0xc2, 0xc0, 0x40, 0x3b, 0xc0,
    0x31, 0xd9, 0x30, 0x0, 0xbf, 0x1b, 0x4, 0x0,
    0x59, 0x43, 0xe4, 0x1, 0x1a, 0xe1, 0x48, 0x7,
    0x91, 0x41, 0x40, 0x31, 0x92, 0x55, 0x15, 0x29,
    0x25, 0x30, 0x22, 0xda, 0xd4,

    /* U+0034 "4" */
    0x0, 0xc5, 0xf8, 0x1, 0xe9, 0x0, 0xf9, 0x10,
    0xc0, 0x1e, 0x96, 0x10, 0xe, 0x73, 0x80, 0xe,
    0x18, 0xb1, 0x0, 0xeb, 0x35, 0x0, 0xe4, 0x5e,
    0x0, 0xf7, 0x6, 0xff, 0x9c, 0xfd, 0xa3, 0x77,
    0x29, 0x6b, 0x91, 0x78, 0x48, 0x40, 0x3f, 0x80,

    /* U+0035 "5" */
    0x4, 0xff, 0xe7, 0x0, 0x8, 0x5e, 0x64, 0xc0,
    0x3, 0x14, 0x33, 0x84, 0x0, 0x26, 0x1, 0xf7,
    0x1d, 0xf6, 0x28, 0x5, 0x89, 0xfa, 0xb4, 0xa0,
    0x5, 0xa4, 0x39, 0x39, 0x0, 0xf9, 0xc, 0x3,
    0xf0, 0x80, 0x10, 0x3, 0x2a, 0x81, 0x2e, 0x95,
    0x2c, 0xa4, 0x13, 0x2, 0x28, 0x34, 0x80,

    /* U+0036 "6" */
    0x0, 0xa3, 0x7a, 0xc8, 0x2, 0xb5, 0xba, 0x3b,
    0x0, 0x2a, 0x63, 0x24, 0x48, 0x2, 0x58, 0x40,
    0x3c, 0x7e, 0xfb, 0xa8, 0x0, 0x8, 0x5f, 0x72,
    0x1e, 0x0, 0x25, 0x93, 0x58, 0x70, 0x10, 0xe0,
    0x8, 0xc0, 0x40, 0xbc, 0x3, 0xea, 0x70, 0xb,
    0x4, 0x40, 0xc1, 0x66, 0xcf, 0x0, 0x1, 0xf1,
    0xdb, 0x96, 0x0,

    /* U+0037 "7" */
    0x3f, 0xff, 0x84, 0xf3, 0x38, 0xd0, 0x40, 0xcf,
    0x39, 0xc8, 0x7, 0xa6, 0x8, 0x3, 0x90, 0x98,
    0x3, 0xde, 0xa2, 0x1, 0xe4, 0xf0, 0xf, 0x20,
    0x38, 0x7, 0x8c, 0x8, 0x3, 0xdc, 0x40, 0x1f,
    0x10, 0x80, 0x7c, 0xee, 0x0, 0xc0,

    /* U+0038 "8" */
    0x0, 0x2e, 0xfe, 0xa8, 0x4, 0x95, 0x7b, 0x74,
    0x80, 0xd, 0x46, 0x26, 0x5e, 0x0, 0x8, 0x6,
    0x30, 0xa, 0xd1, 0x80, 0x9, 0xc0, 0x3, 0x99,
    0x65, 0xaa, 0x0, 0xa, 0xe5, 0x51, 0x2, 0x0,
    0xfa, 0x69, 0xe1, 0xd0, 0x32, 0x50, 0x0, 0xc1,
    0x88, 0x80, 0x40, 0x23, 0x1, 0x24, 0xe4, 0x25,
    0x86, 0x0, 0x5a, 0xce, 0xc4, 0xc8, 0x0,

    /* U+0039 "9" */
    0x0, 0x47, 0x72, 0x84, 0x2, 0x96, 0xaa, 0xe,
    0x0, 0x5, 0xad, 0x11, 0x66, 0xc0, 0xa0, 0x80,
    0x13, 0xd0, 0x30, 0x10, 0x5, 0xc4, 0x4, 0x48,
    0x10, 0x68, 0x10, 0x7, 0xb7, 0x7e, 0x40, 0x4,
    0x5b, 0xdf, 0x5c, 0x40, 0x18, 0x40, 0x8, 0x80,
    0xf, 0x21, 0x50, 0x3, 0x25, 0x1a, 0xd4, 0xc0,
    0x1e, 0x55, 0x71, 0x40, 0x0,

    /* U+003A ":" */
    0x8d, 0x12, 0x21, 0xd7, 0x10, 0x8, 0x7, 0xe1,
    0xa, 0xe2, 0x28, 0xc0,

    /* U+003B ";" */
    0x8, 0xd1, 0x2, 0x21, 0x85, 0x71, 0x0, 0x4,
    0x3, 0xff, 0x85, 0x1c, 0x40, 0x1, 0x50, 0x84,
    0x10, 0x55, 0x38, 0x77, 0x88, 0x58, 0x80,

    /* U+003C "<" */
    0x0, 0xf9, 0x48, 0x3, 0x14, 0x75, 0x88, 0x1,
    0x6f, 0x4a, 0xb8, 0xd3, 0xa3, 0x3a, 0x90, 0x3,
    0x84, 0x3, 0x93, 0xa3, 0x7a, 0xd4, 0x3, 0x2d,
    0xe9, 0xdf, 0x18, 0x6, 0x28, 0xeb, 0x10,

    /* U+003D "=" */
    0x6f, 0xff, 0x91, 0xbb, 0xbe, 0x40, 0x11, 0xf8,
    0x3, 0xfc, 0xbf, 0xff, 0x22, 0xee, 0xfc, 0x80,

    /* U+003E ">" */
    0x34, 0x0, 0xf9, 0xef, 0x9c, 0x40, 0x32, 0x7d,
    0xe7, 0x52, 0x0, 0x65, 0xbe, 0xd9, 0xe2, 0x0,
    0xff, 0x96, 0xfb, 0x27, 0x89, 0x3e, 0xf3, 0xad,
    0x0, 0xf, 0x7c, 0xe2, 0x1, 0x80,

    /* U+003F "?" */
    0x3, 0xbe, 0xe3, 0x80, 0xe9, 0xd3, 0xc3, 0xf,
    0x42, 0x49, 0x60, 0x7, 0x19, 0x0, 0x67, 0x1a,
    0x0, 0x8e, 0x28, 0x80, 0x2e, 0x65, 0x0, 0x88,
    0x9a, 0x1, 0x8a, 0xd0, 0x3, 0x98, 0x3, 0x97,
    0x5c, 0x3, 0x30, 0x90, 0x0,

    /* U+0040 "@" */
    0x0, 0xe6, 0xbe, 0xfc, 0x92, 0x0, 0xf1, 0x66,
    0xf6, 0x7f, 0x87, 0x14, 0x3, 0x16, 0x55, 0xa9,
    0x1, 0xc6, 0xd9, 0x0, 0x5d, 0x2c, 0x1, 0xe3,
    0x99, 0x0, 0x18, 0x1c, 0x0, 0xfb, 0x94, 0xc0,
    0xc8, 0x0, 0xa9, 0x0, 0x4e, 0x63, 0xd5, 0x40,
    0x23, 0x1, 0xa0, 0x13, 0x50, 0x90, 0x10, 0x0,
    0xcc, 0x20, 0x20, 0x88, 0x10, 0x22, 0x8, 0x0,
    0x88, 0x20, 0x21, 0xc2, 0x0, 0x56, 0x0, 0x2a,
    0x0, 0xd, 0x43, 0x50, 0x4e, 0x98, 0xe, 0x24,
    0x0, 0x9e, 0xa, 0xf9, 0x3a, 0xbb, 0x1e, 0x40,
    0x8, 0x67, 0x9, 0xda, 0x18, 0xdb, 0x20, 0xd,
    0xf5, 0x68, 0x20, 0x2a, 0x60, 0x1e, 0x2d, 0xd7,
    0xe7, 0xe6, 0x90, 0x6,

    /* U+0041 "A" */
    0x0, 0x8b, 0xf4, 0x3, 0xe5, 0x32, 0x20, 0x7,
    0xae, 0x8e, 0x80, 0x38, 0x8d, 0xed, 0x40, 0x39,
    0x48, 0x54, 0x88, 0x1, 0xad, 0x40, 0x89, 0x40,
    0x10, 0x9d, 0x80, 0x15, 0x40, 0x13, 0x6, 0x7f,
    0x9c, 0x88, 0x0, 0xb5, 0xdd, 0xc2, 0xa0, 0x27,
    0xc4, 0x59, 0x28, 0x18, 0x10, 0x3, 0x79, 0x12,
    0xd0, 0x3, 0x90, 0x14,

    /* U+0042 "B" */
    0x6f, 0xfd, 0xb0, 0x1, 0xb3, 0x72, 0xde, 0xc0,
    0x22, 0x21, 0xb4, 0x20, 0x7, 0xc2, 0x1, 0xf2,
    0x43, 0x80, 0x5d, 0xfe, 0xb2, 0x90, 0xb, 0x37,
    0x28, 0x3c, 0x80, 0x4, 0x43, 0x5c, 0x3b, 0x0,
    0xf9, 0x88, 0x3, 0xc2, 0xa4, 0x0, 0x53, 0x33,
    0x60, 0x58, 0x2, 0xf3, 0x16, 0x98, 0x40,

    /* U+0043 "C" */
    0x0, 0x8e, 0xb7, 0xa8, 0xc0, 0x26, 0xc6, 0xa8,
    0xc, 0x10, 0x29, 0x6c, 0x76, 0xad, 0x10, 0x81,
    0x90, 0xc, 0x40, 0x7, 0x40, 0xf, 0xc4, 0x40,
    0xf, 0xfe, 0x31, 0x10, 0x3, 0xf3, 0xa0, 0x7,
    0xe8, 0x19, 0x0, 0xca, 0x20, 0x50, 0xd6, 0xcc,
    0xaa, 0x28, 0x1, 0xf0, 0x22, 0x1, 0x88,

    /* U+0044 "D" */
    0x6f, 0xfb, 0x68, 0xc0, 0x3a, 0xf2, 0xc7, 0x1c,
    0x3, 0x29, 0xb5, 0xbc, 0x18, 0x7, 0xd0, 0x32,
    0x1, 0xf9, 0x1c, 0x3, 0xf1, 0x10, 0x3, 0xff,
    0x8c, 0x44, 0x0, 0xfc, 0x8e, 0x1, 0xf4, 0x8c,
    0x0, 0x4a, 0x8d, 0x8d, 0x4, 0x1, 0x5d, 0xcd,
    0x8e, 0x0,

    /* U+0045 "E" */
    0x6f, 0xff, 0x28, 0x2, 0xb3, 0x32, 0x0, 0x10,
    0xcf, 0x8, 0x7, 0xf8, 0xc0, 0x3e, 0xdf, 0xfa,
    0x0, 0x2b, 0xcc, 0xa4, 0x2, 0x53, 0x38, 0x40,
    0x3f, 0xf8, 0xe8, 0x9c, 0x40, 0xa, 0xbb, 0xd4,

    /* U+0046 "F" */
    0x6f, 0xff, 0x28, 0x2, 0xb3, 0x32, 0x0, 0x10,
    0xcf, 0x8, 0x7, 0xff, 0x1b, 0xbf, 0xe8, 0x0,
    0xaf, 0x32, 0x90, 0x9, 0x4c, 0xe1, 0x0, 0xff,
    0xea, 0x80,

    /* U+0047 "G" */
    0x0, 0x8a, 0xb7, 0xad, 0x80, 0x25, 0xd7, 0xab,
    0x29, 0x60, 0x1a, 0x5d, 0x75, 0x9d, 0x60, 0xb0,
    0xb0, 0xc, 0x40, 0x7, 0x51, 0x0, 0xf8, 0x88,
    0x1, 0xff, 0xc1, 0xff, 0xb4, 0x8, 0x80, 0x16,
    0x61, 0x80, 0xe, 0x80, 0x11, 0x98, 0x40, 0x10,
    0x32, 0x1, 0xf1, 0x4b, 0x63, 0xab, 0xb3, 0x0,
    0xd, 0x8d, 0x54, 0xb9, 0xb0,

    /* U+0048 "H" */
    0x6f, 0x10, 0xc, 0xde, 0x1, 0xff, 0xd5, 0x30,
    0xc, 0x20, 0x1b, 0x7f, 0xf4, 0x0, 0x6b, 0xcc,
    0xcc, 0x1, 0x94, 0xcf, 0x78, 0x7, 0xff, 0x78,

    /* U+0049 "I" */
    0x6f, 0x10, 0xf, 0xfe, 0xa8,

    /* U+004A "J" */
    0x0, 0xe7, 0xf0, 0xf, 0xff, 0x97, 0x80, 0x4c,
    0x1, 0x11, 0x0, 0xa2, 0xd6, 0x16, 0x80, 0xb4,
    0x6d, 0x5d, 0xc0,

    /* U+004B "K" */
    0x6f, 0x10, 0x9, 0xbd, 0x40, 0x3c, 0x73, 0xa,
    0x1, 0xc3, 0xaa, 0xe0, 0x1e, 0xd3, 0xa0, 0xf,
    0x51, 0xf0, 0x7, 0xa5, 0x42, 0x80, 0x3c, 0xf1,
    0x6, 0x20, 0xe, 0x57, 0x70, 0xc8, 0x7, 0x58,
    0x2, 0xd1, 0x0, 0x1f, 0x29, 0xc8, 0x7, 0xef,
    0x26, 0x0, 0xf8, 0xd6, 0x0,

    /* U+004C "L" */
    0x6f, 0x10, 0xf, 0xff, 0xf8, 0x6, 0x44, 0xe0,
    0xa, 0xae, 0xf1, 0x80,

    /* U+004D "M" */
    0x6f, 0x80, 0xe, 0x9f, 0x50, 0x3, 0x0, 0x73,
    0x80, 0x46, 0x8, 0x1, 0x20, 0x10, 0x0, 0x5f,
    0x40, 0x2e, 0x63, 0x0, 0x1e, 0xb8, 0x4, 0xb6,
    0x20, 0x12, 0x2, 0x2, 0x91, 0x80, 0x73, 0x70,
    0x7d, 0x0, 0x7a, 0x94, 0x55, 0x40, 0x1e, 0x22,
    0x59, 0x90, 0x7, 0xd4, 0xb4, 0x1, 0xf9, 0x8d,
    0xc0, 0x3f, 0xe, 0x8, 0x6,

    /* U+004E "N" */
    0x6f, 0x60, 0xc, 0xfe, 0x0, 0x80, 0xf, 0x88,
    0xe0, 0x3, 0xc7, 0xe, 0x40, 0x1c, 0x2a, 0x70,
    0x1, 0xf7, 0xa9, 0x80, 0x78, 0xd7, 0xc0, 0x3e,
    0x83, 0x51, 0x0, 0xe2, 0x78, 0x30, 0xf, 0x41,
    0xf8, 0x7, 0xd0, 0xa0, 0x1f, 0x31, 0x0,

    /* U+004F "O" */
    0x0, 0x92, 0xfb, 0x94, 0x60, 0x19, 0xec, 0x22,
    0x5b, 0x14, 0x0, 0x70, 0xf6, 0xcf, 0x8b, 0x42,
    0x12, 0x30, 0x1, 0xac, 0x24, 0x1d, 0x0, 0x38,
    0x4c, 0xc0, 0x44, 0x0, 0xf3, 0x30, 0x3, 0xff,
    0x80, 0x44, 0x0, 0xf3, 0x30, 0x1d, 0x0, 0x38,
    0x4c, 0xc1, 0x3, 0x0, 0x1a, 0xc2, 0x40, 0xa1,
    0xed, 0x99, 0x8b, 0x42, 0x0, 0x7b, 0x8, 0x83,
    0x62, 0x80,

    /* U+0050 "P" */
    0x6f, 0xfd, 0xae, 0x1, 0xaf, 0x2e, 0xa6, 0xc0,
    0x25, 0x34, 0x7b, 0x42, 0x0, 0xf3, 0x83, 0x0,
    0x79, 0xc1, 0x80, 0x30, 0xad, 0xa1, 0x0, 0x3b,
    0xfa, 0x9e, 0x80, 0x2b, 0xcd, 0xf9, 0x10, 0x9,
    0x4c, 0x80, 0x3f, 0xfa, 0x60,

    /* U+0051 "Q" */
    0x0, 0x92, 0xfb, 0x94, 0x60, 0x1c, 0xf6, 0x11,
    0x2d, 0x8a, 0x1, 0x14, 0x35, 0xb3, 0xe2, 0x58,
    0x5, 0x1, 0x20, 0x1a, 0x45, 0xc0, 0xe, 0xa0,
    0x1c, 0x47, 0x80, 0x2, 0x20, 0x7, 0x99, 0x80,
    0x17, 0x80, 0x78, 0xcc, 0x0, 0x1e, 0x0, 0xf1,
    0x10, 0x0, 0xa8, 0x1, 0xe5, 0x50, 0x3, 0x89,
    0x0, 0x33, 0xd, 0x0, 0x14, 0xe9, 0x0, 0xb,
    0x2a, 0x60, 0x16, 0x2d, 0xf7, 0xd2, 0xd0, 0x7,
    0x5f, 0x28, 0x65, 0x0, 0x7c, 0x32, 0x3c, 0x82,
    0x40, 0x1e, 0x2c, 0x6b, 0xed, 0x10, 0xf, 0x15,
    0xfe, 0xf0, 0x80,

    /* U+0052 "R" */
    0x6f, 0xfd, 0xb0, 0x20, 0x15, 0xe6, 0x2d, 0xb4,
    0x2, 0x53, 0x33, 0x59, 0x90, 0x7, 0x9c, 0x1c,
    0x3, 0xcc, 0xc, 0x1, 0xc9, 0x44, 0x60, 0xe,
    0xff, 0x5a, 0xe0, 0x5, 0x7a, 0xa3, 0x42, 0x1,
    0x29, 0x58, 0x40, 0x7, 0x86, 0x18, 0xc0, 0x3c,
    0xc5, 0xe0, 0x1f, 0x49, 0xb0,

    /* U+0053 "S" */
    0x0, 0x1d, 0xf7, 0x28, 0xc0, 0x5, 0x8f, 0x30,
    0x18, 0x61, 0x43, 0x8e, 0xd5, 0xa6, 0x2, 0x1,
    0xc4, 0x0, 0xa1, 0xc3, 0x0, 0xe3, 0xb1, 0xcc,
    0x20, 0x6, 0x4d, 0xa1, 0xba, 0x10, 0xc, 0xbb,
    0x2b, 0x0, 0x1e, 0x64, 0x50, 0x72, 0x0, 0xcc,
    0xc0, 0xbd, 0x96, 0x65, 0x94, 0x86, 0x41, 0x44,
    0x3, 0xc,

    /* U+0054 "T" */
    0x7f, 0xff, 0xc2, 0xd9, 0x90, 0x2e, 0x64, 0x22,
    0x33, 0x80, 0x8c, 0xe0, 0xf, 0xff, 0xf8, 0x7,
    0xff, 0x10,

    /* U+0055 "U" */
    0x6f, 0x0, 0xe6, 0xf0, 0xf, 0xff, 0x40, 0x81,
    0x80, 0x80, 0x6f, 0x16, 0x2, 0x0, 0xc4, 0x43,
    0x19, 0x0, 0x85, 0x50, 0x25, 0x69, 0x5b, 0x6,
    0x41, 0xe9, 0xaa, 0x1f, 0xc4,

    /* U+0056 "V" */
    0xdb, 0x0, 0xe7, 0xf1, 0x54, 0x0, 0xec, 0x41,
    0xb0, 0x40, 0xc, 0x9a, 0x6, 0x3a, 0x1, 0x28,
    0x38, 0x1, 0xdc, 0x1, 0x61, 0x88, 0x3, 0x44,
    0x80, 0xf, 0x60, 0x12, 0xa, 0x81, 0xa, 0x80,
    0x64, 0xb0, 0x52, 0x20, 0x6, 0xf3, 0xb, 0x50,
    0xe, 0x50, 0x63, 0xb0, 0xf, 0x24, 0x9, 0x80,
    0x7b, 0x45, 0xc0, 0x30,

    /* U+0057 "W" */
    0x7f, 0x0, 0xd7, 0xa0, 0x1b, 0xa0, 0xc0, 0xc0,
    0x24, 0x21, 0x0, 0x8, 0xb1, 0x41, 0x40, 0x6,
    0x24, 0x80, 0x5, 0x5, 0x12, 0xf0, 0x2, 0x21,
    0xf0, 0x0, 0x62, 0x20, 0x75, 0x0, 0x66, 0xe2,
    0x0, 0x35, 0x40, 0x1a, 0x60, 0x4, 0x42, 0x90,
    0x83, 0x98, 0x1, 0x0, 0x8c, 0xc, 0xc0, 0x80,
    0x58, 0x0, 0x30, 0x74, 0x40, 0x1, 0x30, 0xc1,
    0x40, 0x22, 0xdd, 0x60, 0x3, 0x15, 0x42, 0x20,
    0x9, 0xcd, 0xcc, 0x0, 0x87, 0xea, 0x1, 0xb1,
    0x9, 0x0, 0x6, 0xe, 0x60, 0x19, 0x40, 0xc0,
    0x32, 0xe, 0x0, 0x0,

    /* U+0058 "X" */
    0x3f, 0x60, 0x8, 0xbd, 0x8d, 0x60, 0x2, 0x82,
    0x60, 0x81, 0x60, 0x25, 0x90, 0x1, 0x34, 0x4,
    0x1a, 0x0, 0x50, 0x32, 0xbe, 0x1, 0x86, 0x19,
    0x4c, 0x3, 0xb4, 0x18, 0x3, 0x8d, 0x6c, 0xd8,
    0x3, 0x7a, 0xa3, 0x40, 0x4, 0xa7, 0x1, 0x2,
    0xe0, 0x8, 0x62, 0x1, 0x78, 0x17, 0x2b, 0x0,
    0xa4, 0x60,

    /* U+0059 "Y" */
    0xc, 0xc0, 0x6, 0x4f, 0x40, 0x83, 0x30, 0x5,
    0xe6, 0x80, 0x85, 0x20, 0x2, 0x48, 0x0, 0xa1,
    0x48, 0x2c, 0x90, 0x2, 0x52, 0xa1, 0x68, 0x0,
    0xeb, 0x79, 0x25, 0x0, 0xe6, 0x17, 0x80, 0xf,
    0x98, 0x14, 0x3, 0xef, 0x0, 0xff, 0xeb, 0x80,

    /* U+005A "Z" */
    0xa, 0xff, 0xf6, 0x4, 0x66, 0x68, 0xa, 0x2,
    0x33, 0xd6, 0x6c, 0x1, 0xcc, 0x7c, 0x1, 0xc3,
    0x2e, 0x40, 0x1d, 0x65, 0x0, 0x1c, 0xaa, 0x90,
    0xf, 0x5a, 0xa0, 0x7, 0x48, 0x58, 0x7, 0x1b,
    0x40, 0x80, 0x77, 0x9, 0x22, 0x71, 0x90, 0xdd,
    0xf5, 0x0,

    /* U+005B "[" */
    0x4f, 0xdb, 0x3, 0xdb, 0x0, 0xff, 0xf4, 0x96,
    0xd8,

    /* U+005C "\\" */
    0x97, 0x0, 0xed, 0xb0, 0xe, 0x43, 0x10, 0xe,
    0x54, 0x0, 0xef, 0xf0, 0x7, 0x22, 0x80, 0x70,
    0x9a, 0x0, 0x75, 0xe8, 0x7, 0x2b, 0x80, 0x71,
    0x19, 0x80, 0x39, 0x6c, 0x3, 0xad, 0x40, 0x38,
    0xcc, 0x40, 0x1c, 0xea, 0x1, 0xdb, 0x60, 0x1c,
    0x96, 0x0,

    /* U+005D "]" */
    0x6d, 0xeb, 0x6d, 0xb0, 0xf, 0xff, 0x4b, 0x6c,
    0x8,

    /* U+005E "^" */
    0x0, 0x37, 0xa0, 0x6, 0xa2, 0xe0, 0x8, 0x8f,
    0xd4, 0x40, 0x14, 0xc4, 0x8c, 0x0, 0x6d, 0xd,
    0xa0, 0x50, 0x40, 0x62, 0x3e, 0x60, 0x9, 0x68,

    /* U+005F "_" */
    0xcf, 0xff, 0xac,

    /* U+0060 "`" */
    0x0, 0xc9, 0x80, 0x6, 0x2a, 0x2, 0xc4, 0x80,
    0x2c, 0xc0,

    /* U+0061 "a" */
    0x0, 0x3e, 0x7e, 0xb0, 0x1, 0xee, 0xad, 0x25,
    0x1, 0xf1, 0x92, 0x43, 0x40, 0x21, 0x57, 0x12,
    0x1, 0xaf, 0xf0, 0x18, 0x2, 0x9b, 0xa9, 0xd8,
    0x0, 0x96, 0x1, 0x38, 0x0, 0xa9, 0x17, 0xc,
    0x1, 0xc3, 0x73, 0xe, 0x0,

    /* U+0062 "b" */
    0x8e, 0x0, 0xff, 0xec, 0x1d, 0xf6, 0x28, 0x4,
    0x3b, 0x94, 0xd4, 0xa0, 0x17, 0xba, 0x51, 0x48,
    0x0, 0x44, 0x1, 0x29, 0x80, 0x7d, 0xe0, 0x1f,
    0xb8, 0x40, 0x2, 0x1, 0x9d, 0x0, 0x2c, 0x55,
    0x60, 0xc0, 0x1, 0x26, 0x29, 0xf4, 0x80,

    /* U+0063 "c" */
    0x0, 0x15, 0x77, 0x24, 0x40, 0xb5, 0xae, 0xc4,
    0x40, 0x91, 0xc5, 0x55, 0x98, 0x23, 0x0, 0x71,
    0x7, 0x0, 0x71, 0x0, 0x80, 0x78, 0xe8, 0x3,
    0xde, 0x58, 0xaa, 0xb7, 0x3, 0xc7, 0xbb, 0x13,
    0x0,

    /* U+0064 "d" */
    0x0, 0xfb, 0xdc, 0x3, 0xff, 0xa2, 0x77, 0xfa,
    0xa0, 0x11, 0xe3, 0xd4, 0x48, 0x5, 0x5, 0x8a,
    0xac, 0x0, 0x91, 0x40, 0x3c, 0x21, 0xc0, 0x1e,
    0x10, 0x10, 0xf, 0x8a, 0xc0, 0x22, 0x0, 0xa0,
    0xe9, 0x1b, 0x0, 0x25, 0xa7, 0xbd, 0xd1, 0x80,

    /* U+0065 "e" */
    0x0, 0x15, 0xf6, 0xb8, 0x4, 0x5a, 0x3b, 0x12,
    0xe0, 0x9, 0x3a, 0x35, 0x89, 0x0, 0x25, 0x0,
    0x48, 0x22, 0x20, 0x9e, 0xeb, 0x0, 0xc8, 0x23,
    0xff, 0x71, 0x1, 0xe0, 0x8f, 0x0, 0x39, 0x29,
    0xd, 0x98, 0x0, 0x2d, 0x1a, 0xdd, 0x10, 0x0,

    /* U+0066 "f" */
    0x0, 0x2e, 0xfb, 0x80, 0xd3, 0x62, 0x82, 0x84,
    0x19, 0x0, 0x42, 0x0, 0x7b, 0xd, 0xf0, 0x69,
    0xa, 0xc0, 0x12, 0x7, 0x30, 0xf, 0xfe, 0xc8,

    /* U+0067 "g" */
    0x0, 0x36, 0xf7, 0xfd, 0x40, 0xd1, 0xfd, 0x41,
    0x76, 0xa, 0x72, 0x5, 0x23, 0x10, 0x73, 0x0,
    0x8c, 0x2, 0xe5, 0x40, 0x71, 0x50, 0x2, 0x8c,
    0x7d, 0xe1, 0x0, 0x21, 0x33, 0xf0, 0xc0, 0x21,
    0x74, 0x33, 0x10, 0x5, 0x65, 0x59, 0x8d, 0xe3,
    0xe, 0x8e, 0xff, 0x60, 0x40, 0x9a, 0x80, 0x46,
    0x42, 0x34, 0x90, 0x14, 0x9c, 0x6, 0xe, 0x7f,
    0x83, 0x48,

    /* U+0068 "h" */
    0x8e, 0x0, 0xff, 0xea, 0xd, 0x76, 0xa8, 0x0,
    0x70, 0xac, 0x68, 0x40, 0x1d, 0xb, 0xe0, 0x80,
    0x26, 0x0, 0x20, 0x30, 0xe, 0x10, 0xf, 0xfe,
    0xb0,

    /* U+0069 "i" */
    0x8d, 0xf, 0x10, 0x7c, 0x0, 0xd1, 0xc0, 0x1f,
    0xfc, 0xd0,

    /* U+006A "j" */
    0x0, 0x46, 0x80, 0x5e, 0x20, 0x13, 0xe0, 0x7,
    0xe8, 0xe0, 0xf, 0xff, 0x20, 0x80, 0x9, 0x10,
    0xa1, 0x56, 0x32, 0x0,

    /* U+006B "k" */
    0x8e, 0x0, 0xff, 0xeb, 0xde, 0x80, 0x74, 0x27,
    0x80, 0x64, 0x7b, 0x20, 0x8, 0xa9, 0x90, 0x3,
    0x78, 0x38, 0x6, 0x11, 0x78, 0x40, 0x6, 0xd1,
    0xb7, 0x20, 0x0, 0x88, 0x14, 0xf8, 0x3, 0xde,
    0x6a,

    /* U+006C "l" */
    0x8e, 0x0, 0xff, 0xe9, 0xf0, 0x92, 0xc, 0x80,

    /* U+006D "m" */
    0x8b, 0x2a, 0xeb, 0x20, 0x8e, 0xd5, 0x0, 0x2f,
    0xed, 0xaf, 0xe0, 0xdb, 0x50, 0x80, 0xfb, 0xac,
    0x15, 0x4a, 0xc8, 0x20, 0x9, 0x0, 0x8, 0x10,
    0x0, 0x40, 0x40, 0x1f, 0xff, 0x50,

    /* U+006E "n" */
    0x8b, 0x1a, 0xed, 0x50, 0x2, 0xe1, 0x58, 0xd0,
    0x80, 0xf4, 0x2f, 0x82, 0x0, 0x98, 0x0, 0x80,
    0xc0, 0x38, 0x40, 0x3f, 0xfa, 0xc0,

    /* U+006F "o" */
    0x0, 0x15, 0xf6, 0xc8, 0x4, 0x5a, 0x17, 0x67,
    0xc0, 0x4, 0x95, 0xab, 0x61, 0xb0, 0x25, 0x0,
    0x44, 0x78, 0x40, 0x20, 0x19, 0x9c, 0x80, 0x40,
    0x33, 0x38, 0x1d, 0x0, 0x44, 0x78, 0x1c, 0x56,
    0x8b, 0x84, 0xc0, 0x5a, 0x15, 0xf, 0xa0,

    /* U+0070 "p" */
    0x8b, 0x3b, 0xec, 0x50, 0x9, 0x37, 0x29, 0xa9,
    0x40, 0x2f, 0x74, 0xa2, 0x90, 0x0, 0x88, 0x2,
    0x53, 0x0, 0xfb, 0xc0, 0x3f, 0x70, 0x80, 0x4,
    0x3, 0x3a, 0x0, 0x58, 0xaa, 0xc1, 0x80, 0x0,
    0xcc, 0x53, 0xe9, 0x0, 0x4b, 0xbf, 0x64, 0x1,
    0xff, 0xd1,

    /* U+0071 "q" */
    0x0, 0x1d, 0xfe, 0xbe, 0xb8, 0x1e, 0x17, 0x7e,
    0x90, 0x2, 0xe, 0x44, 0xa8, 0x2, 0x4b, 0x0,
    0xf0, 0x80, 0x80, 0x78, 0x40, 0x40, 0x3e, 0x2a,
    0x0, 0x88, 0x2, 0x82, 0xa4, 0x6c, 0x0, 0x96,
    0x9e, 0xf7, 0x40, 0x19, 0x77, 0xec, 0xc0, 0x3f,
    0xfa, 0x20,

    /* U+0072 "r" */
    0x8b, 0x2b, 0xe2, 0x6, 0xe3, 0x82, 0x2, 0xa8,
    0x60, 0x9, 0x80, 0x30, 0x80, 0x7f, 0xf4, 0x0,

    /* U+0073 "s" */
    0x1, 0xae, 0xe5, 0x10, 0x6b, 0xd6, 0x9b, 0x1,
    0xd2, 0x1c, 0xa0, 0x2c, 0x38, 0x80, 0x55, 0x35,
    0xd0, 0x1, 0x36, 0xd3, 0x48, 0x6, 0x57, 0x43,
    0xe6, 0x35, 0x74, 0x38, 0xac, 0xb7, 0x90,

    /* U+0074 "t" */
    0x0, 0x38, 0x80, 0x43, 0x6, 0x1, 0x18, 0x6,
    0x8d, 0xd, 0xf8, 0x99, 0x5, 0x64, 0x89, 0x3,
    0x98, 0x80, 0x7f, 0xf1, 0xdc, 0x18, 0x2, 0x20,
    0xf4, 0x30, 0x1a, 0x5a, 0xb0,

    /* U+0075 "u" */
    0xac, 0x0, 0x8f, 0xcc, 0x3, 0xff, 0xaa, 0x20,
    0x1e, 0x23, 0x0, 0x90, 0x1, 0x83, 0x2b, 0x36,
    0x0, 0x47, 0x74, 0xe, 0x0, 0x0,

    /* U+0076 "v" */
    0x9e, 0x0, 0xcf, 0xc1, 0xa2, 0x60, 0x15, 0xb8,
    0x20, 0xd8, 0x0, 0x4f, 0x40, 0xe, 0xa0, 0x7,
    0x14, 0x0, 0x51, 0x10, 0x35, 0xc0, 0x23, 0x15,
    0x14, 0xd0, 0xc, 0xd6, 0x82, 0x80, 0x1a, 0x8e,
    0x5c, 0x3, 0x88, 0x87, 0x40, 0x10,

    /* U+0077 "w" */
    0x6f, 0x0, 0x9b, 0xd0, 0x0, 0x3e, 0x88, 0x4,
    0x0, 0x60, 0xe0, 0x1, 0x1, 0x8, 0x70, 0x0,
    0x92, 0xa0, 0xc, 0x30, 0x2, 0x20, 0x8, 0x18,
    0x84, 0x11, 0x0, 0xf, 0x30, 0x45, 0x12, 0x41,
    0x2b, 0x0, 0x20, 0x26, 0x60, 0x13, 0x10, 0xc,
    0x0, 0x24, 0x68, 0xa1, 0x89, 0xa8, 0x1, 0x96,
    0x80, 0x81, 0x9, 0x70, 0x3, 0x61, 0x20, 0x0,
    0x48, 0x88, 0x0,

    /* U+0078 "x" */
    0x3f, 0x50, 0x2, 0x79, 0x99, 0xac, 0x1, 0x2c,
    0x61, 0x1, 0xa, 0x70, 0x0, 0x18, 0x7b, 0x81,
    0x0, 0x9c, 0x5, 0x80, 0x34, 0x20, 0xc0, 0x4,
    0x6d, 0x30, 0xe4, 0x0, 0xe6, 0x26, 0x3e, 0x7,
    0x28, 0x0, 0x79, 0xb0,

    /* U+0079 "y" */
    0x9e, 0x0, 0xcf, 0xc1, 0x42, 0x60, 0x15, 0xa0,
    0x19, 0x50, 0x0, 0x4f, 0x80, 0x14, 0xe0, 0x7,
    0x4, 0x0, 0x30, 0xa0, 0x6a, 0x80, 0x42, 0x9c,
    0x9, 0xc0, 0x1b, 0xd5, 0x1, 0x0, 0x32, 0xc,
    0xa8, 0x7, 0x98, 0xb8, 0x3, 0xdc, 0x8, 0x1,
    0xeb, 0x60, 0xe, 0x49, 0x28, 0x0, 0xc9, 0x6b,
    0x82, 0x1, 0x80,

    /* U+007A "z" */
    0xe, 0xff, 0xe0, 0x6, 0xe6, 0x28, 0x1c, 0x0,
    0x67, 0x71, 0x40, 0x6, 0x54, 0xe0, 0xc, 0x36,
    0xe6, 0x1, 0xac, 0xe0, 0x3, 0x2a, 0xa4, 0x3,
    0xd, 0xa3, 0x99, 0xc0, 0xe2, 0x99, 0x98, 0x80,

    /* U+007B "{" */
    0x0, 0x37, 0x60, 0x2, 0x27, 0x0, 0x2, 0x80,
    0x1f, 0x84, 0x3, 0x9c, 0x0, 0x62, 0xa0, 0xd9,
    0x2, 0xd, 0x70, 0x20, 0x4, 0x12, 0x0, 0xce,
    0x1, 0xb, 0x80, 0x7f, 0xf0, 0x49, 0x0, 0x29,
    0xab,

    /* U+007C "|" */
    0x5a, 0x0, 0xff, 0xeb, 0x0,

    /* U+007D "}" */
    0x6f, 0xb0, 0x3, 0x72, 0x28, 0x0, 0x4c, 0xc0,
    0x1f, 0x84, 0xc0, 0x30, 0x80, 0x4f, 0xa0, 0x15,
    0xb6, 0x0, 0x2d, 0x70, 0x0, 0xfe, 0x1, 0xff,
    0xc1, 0x13, 0x0, 0xf8, 0x8c, 0x81, 0xb1, 0x50,
    0x0,

    /* U+007E "~" */
    0x3, 0xdc, 0x20, 0x2, 0x0, 0xec, 0x5e, 0x19,
    0xa8, 0x42, 0x15, 0xef, 0x31, 0x42, 0x26, 0x0,
    0x2f, 0xf9, 0x0,

    /* U+00B0 "°" */
    0x4, 0xcc, 0x18, 0xd, 0x77, 0x34, 0x9, 0x48,
    0xb9, 0x48, 0xb0, 0xd7, 0x73, 0x40,

    /* U+00B7 "·" */
    0x4, 0x40, 0x2d, 0xd9, 0x70, 0x1, 0x96, 0x66,
    0xb0,

    /* U+00D7 "×" */
    0x1, 0x0, 0xfc, 0x20, 0xf, 0x60, 0xf, 0x37,
    0x80, 0x36, 0x58, 0x3, 0x34, 0x68, 0x0, 0xf2,
    0x58, 0x0, 0xd3, 0xa6, 0x1, 0x1e, 0x4a, 0xaa,
    0x70, 0xc0, 0x38, 0xf2, 0xa9, 0x86, 0x1, 0xf3,
    0x0, 0x18, 0x3, 0xe5, 0xab, 0xb5, 0x28, 0x7,
    0x2d, 0x5a, 0x22, 0xe9, 0x40, 0x25, 0xab, 0x40,
    0x2, 0x5d, 0x28, 0x2, 0x2d, 0x0, 0x32, 0x5c,
    0x0, 0x35, 0x0, 0x3c, 0x9a, 0x0,

    /* U+2014 "—" */
    0x4f, 0xff, 0xfe, 0x4, 0x0,

    /* U+2018 "‘" */
    0x0, 0x18, 0x1, 0x64, 0x1, 0x16, 0x0, 0x2f,
    0x10, 0x63, 0x0,

    /* U+2019 "’" */
    0x0, 0xc3, 0xd4, 0x0, 0x35, 0x1, 0xc2, 0x0,
    0x54, 0x80, 0x25, 0x0,

    /* U+201C "“" */
    0x0, 0x18, 0x81, 0x8, 0x24, 0x9, 0xc8, 0x2,
    0x28, 0x22, 0x44, 0xf, 0x89, 0xb4, 0xc1, 0xc8,
    0x28, 0x44,

    /* U+201D "”" */
    0x0, 0xf8, 0xfe, 0xb, 0xa4, 0x0, 0x2c, 0x0,
    0x60, 0x3d, 0x52, 0xf3, 0x1, 0x89, 0x1a, 0xf0,
    0x5, 0x10, 0xc9, 0x80,

    /* U+2026 "…" */
    0x0, 0xff, 0xe1, 0x1f, 0xc0, 0x5, 0xba, 0x0,
    0xa3, 0xcc, 0x45, 0xc0, 0x13, 0x30, 0x2, 0xe1,
    0x10,

    /* U+3001 "、" */
    0x4, 0x10, 0xd, 0x3e, 0x40, 0x16, 0x16, 0x10,
    0x0, 0x74, 0xf0, 0x40, 0x3, 0x88, 0x0,

    /* U+3002 "。" */
    0x3, 0xbd, 0x70, 0x7, 0x46, 0x6a, 0x93, 0x98,
    0xf6, 0x13, 0x88, 0x6f, 0x84, 0xe6, 0x83, 0x0,

    /* U+3010 "【" */
    0x0, 0xf4, 0x7f, 0xd6, 0x1, 0x8a, 0xc0, 0x34,
    0x80, 0x63, 0x40, 0xd, 0x60, 0x1c, 0x80, 0x1c,
    0x20, 0x1f, 0xf0, 0x80, 0x72, 0x0, 0x75, 0x80,
    0x71, 0xa0, 0x7, 0x48, 0x7, 0x16, 0x0,

    /* U+3011 "】" */
    0xc, 0xff, 0xa0, 0x30, 0x80, 0x3a, 0x40, 0x39,
    0xc, 0x3, 0xac, 0x3, 0x8c, 0x3, 0x98, 0x3,
    0xfe, 0x60, 0xe, 0x30, 0xe, 0xb0, 0xc, 0x86,
    0x1, 0xa4, 0x3, 0x61, 0x0, 0x6c, 0xff, 0xa0,

    /* U+4E00 "一" */
    0x1f, 0xff, 0xfe, 0x14, 0xd, 0x57, 0xff, 0xa,
    0xc0,

    /* U+4E01 "丁" */
    0xf, 0xff, 0xfe, 0x10, 0x2, 0xef, 0xd2, 0x13,
    0x77, 0xc0, 0x4, 0x4f, 0x28, 0x22, 0x78, 0x3,
    0xff, 0xfe, 0x1, 0xff, 0xee, 0x55, 0xac, 0xc,
    0x3, 0xfd, 0xd5, 0x45, 0x71, 0x0, 0xf0,

    /* U+4E07 "万" */
    0x3, 0x3f, 0xfe, 0x10, 0x3, 0x33, 0xff, 0x84,
    0x0, 0xff, 0xc8, 0xff, 0xff, 0x80, 0x3c, 0xfe,
    0x1, 0xff, 0xc3, 0x10, 0xf, 0xfe, 0x11, 0x4f,
    0xff, 0xa0, 0x3, 0xc2, 0x2a, 0xcc, 0xe2, 0xf0,
    0xf, 0x28, 0x29, 0x9f, 0x0, 0x80, 0x7b, 0x10,
    0x3, 0xc6, 0x60, 0xf, 0x37, 0x0, 0x78, 0x44,
    0x1, 0xd0, 0xa, 0x1, 0xc2, 0xc, 0x1, 0x91,
    0xe8, 0x3, 0xca, 0x4, 0x1, 0x35, 0xc2, 0x0,
    0x46, 0x44, 0xe3, 0x0, 0x8a, 0x29, 0xc0, 0x36,
    0x6e, 0x9f, 0xc0, 0x22, 0xe5, 0x0, 0xef, 0xfb,
    0x4c, 0x2,

    /* U+4E25 "严" */
    0x1, 0xff, 0xff, 0xe0, 0x58, 0xf, 0x67, 0xe8,
    0x6f, 0xa3, 0xfe, 0xea, 0xc0, 0x5, 0x82, 0x60,
    0x60, 0xf, 0xb, 0x90, 0x8, 0xd1, 0x80, 0x3c,
    0x2d, 0x0, 0x1b, 0x68, 0x3, 0xd2, 0x86, 0x1,
    0xa, 0xc1, 0x1, 0xb, 0xfe, 0xf8, 0x88, 0x1,
    0xd9, 0x58, 0x19, 0xc6, 0xf5, 0x7d, 0xe0, 0x16,
    0x7f, 0xff, 0xb8, 0x3, 0xff, 0x88, 0x20, 0x40,
    0x1f, 0xfc, 0x3, 0x1, 0x0, 0xff, 0xe0, 0x38,
    0x80, 0x7f, 0xf0, 0x79, 0xc0, 0x3f, 0xf8, 0x4,
    0x96, 0x1, 0xff, 0xc0, 0x2d, 0x20, 0xf, 0xfe,
    0x0,

    /* U+4E2D "中" */
    0x0, 0xf2, 0xf0, 0x7, 0xff, 0x20, 0x55, 0x7b,
    0x5, 0x57, 0x91, 0x6a, 0x67, 0x38, 0x4c, 0xeb,
    0x90, 0x1c, 0xcd, 0x63, 0x99, 0xa0, 0x3, 0xff,
    0xa6, 0x45, 0xc0, 0x45, 0x84, 0x0, 0x3b, 0xba,
    0x7, 0x77, 0x40, 0x0, 0x7f, 0xf5, 0xf, 0xfe,
    0x90, 0x5d, 0x0, 0xff, 0x3f, 0x89, 0x80, 0x7f,
    0x84, 0x80, 0x3f, 0xfa, 0x0,

    /* U+4E3D "丽" */
    0x2f, 0xff, 0xfe, 0x11, 0x13, 0x77, 0xff, 0x84,
    0x40, 0x45, 0xff, 0xc2, 0x0, 0x1e, 0xef, 0x1a,
    0x6e, 0xf2, 0x80, 0x1c, 0xfb, 0xa2, 0x1, 0xe,
    0xe8, 0xc, 0x2, 0x33, 0xc2, 0x0, 0x13, 0x38,
    0x40, 0x3a, 0x14, 0x3, 0x99, 0x0, 0x3e, 0xbb,
    0x0, 0x71, 0x48, 0x7, 0xc6, 0xac, 0x1, 0x90,
    0x58, 0x3, 0xe8, 0x50, 0xe, 0xf2, 0x0, 0xf8,
    0xcc, 0x1, 0xc6, 0x80, 0x1f, 0xfc, 0xb2, 0x31,
    0x0, 0xc2, 0x42, 0x1, 0xe4, 0xd4, 0x30, 0x9,
    0x30, 0x10, 0x0,

    /* U+4E8B "事" */
    0x0, 0xfa, 0x68, 0x3, 0xf6, 0x77, 0x73, 0x2f,
    0x77, 0x84, 0x33, 0xbb, 0x99, 0x7b, 0xbc, 0x20,
    0x3, 0xfd, 0xd9, 0xd7, 0x76, 0xf7, 0x0, 0xe1,
    0xdd, 0x9d, 0x77, 0x64, 0x0, 0xf1, 0xee, 0xce,
    0xbb, 0xb3, 0x8, 0x6, 0x3d, 0xdc, 0xeb, 0xbb,
    0x98, 0x3, 0x4e, 0xee, 0x75, 0xdd, 0xba, 0xc0,
    0x34, 0xee, 0xe7, 0x5d, 0xd9, 0x9c, 0x0, 0x3d,
    0xde, 0x65, 0xee, 0x9c, 0xf9, 0x87, 0xbb, 0xcc,
    0xbd, 0xd4, 0x27, 0x30, 0x3, 0x3b, 0xb3, 0x2f,
    0x75, 0x0, 0x1d, 0x9d, 0xd9, 0x97, 0xba, 0xa2,
    0x0, 0xfb, 0xfc, 0xfe, 0x1, 0x2c, 0x80, 0x0,

    /* U+4E8E "于" */
    0x0, 0x19, 0xff, 0xf0, 0x0, 0x36, 0x67, 0xff,
    0x0, 0x3, 0x7f, 0xf4, 0x1f, 0xff, 0x0, 0x7f,
    0xf7, 0x7c, 0x3, 0xf0, 0xff, 0xf9, 0xcf, 0xff,
    0xc4, 0x3b, 0xbe, 0x73, 0xdd, 0xf1, 0x1, 0x17,
    0xbc, 0x8, 0xbc, 0x1, 0xff, 0xe9, 0x33, 0xb5,
    0xc0, 0x3f, 0xeb, 0xcc, 0x3f, 0x0, 0x7c,

    /* U+4E91 "云" */
    0x0, 0x88, 0xbf, 0xc2, 0x1, 0x97, 0x77, 0xfc,
    0xc0, 0x19, 0x7f, 0xff, 0xce, 0x1, 0xff, 0xd6,
    0x1d, 0xdf, 0xfe, 0x10, 0x8a, 0x23, 0x29, 0x24,
    0x47, 0xc2, 0xa, 0xb9, 0xa, 0x55, 0x7e, 0x0,
    0xe5, 0x39, 0x0, 0xb2, 0x0, 0x3f, 0x5a, 0xa0,
    0x5, 0xe, 0x60, 0x1e, 0xa3, 0xa0, 0xc, 0x8d,
    0xa0, 0x1c, 0xcb, 0x6, 0x8c, 0xf1, 0x24, 0x32,
    0x1, 0xc, 0x85, 0x65, 0xdc, 0x40, 0x6e, 0xc6,
    0x0, 0x1a, 0xcd, 0xff, 0x6e, 0x54, 0xc4, 0x11,
    0x0, 0x12, 0x99, 0x0, 0x7e, 0xb7, 0x0,

    /* U+4EA6 "亦" */
    0x0, 0xf0, 0xc8, 0x80, 0x7f, 0xf0, 0x45, 0x60,
    0x3, 0xff, 0x85, 0xe, 0x1, 0xfb, 0xbb, 0xd4,
    0x1d, 0xde, 0x0, 0x55, 0x69, 0x1a, 0xa3, 0x85,
    0x56, 0x0, 0x22, 0x63, 0x14, 0x47, 0x9a, 0x26,
    0x0, 0x8b, 0x84, 0x3, 0xc5, 0xa0, 0x1c, 0xa4,
    0x22, 0x30, 0xc, 0x40, 0xe0, 0x1a, 0xac, 0x8,
    0x40, 0x3a, 0x60, 0x40, 0xc, 0x6e, 0x18, 0x80,
    0x1c, 0x84, 0xc0, 0xb, 0xb0, 0xa, 0x68, 0x7,
    0xaa, 0x80, 0xd, 0x50, 0x82, 0x50, 0xf, 0x35,
    0x80, 0x63, 0x68, 0x0, 0xf8, 0x58, 0x2, 0x3d,
    0x65, 0x3, 0x37, 0x88, 0x7, 0xd0, 0xf2, 0x0,
    0xfc, 0x7a, 0x0, 0xfa, 0xe4, 0x2, 0xcf, 0xe6,
    0x0, 0xe0,

    /* U+4EBA "人" */
    0x0, 0xfb, 0x20, 0x3, 0xff, 0x84, 0x20, 0x1f,
    0xfc, 0x33, 0xf0, 0xf, 0xfe, 0x10, 0xe8, 0x7,
    0xff, 0x4, 0x81, 0xc0, 0x3f, 0xf8, 0x2e, 0x4,
    0x40, 0xf, 0xfe, 0x6, 0x21, 0xa8, 0x7, 0xff,
    0x1, 0xb6, 0xe8, 0x3, 0xfe, 0x60, 0x76, 0x24,
    0x0, 0xfe, 0x18, 0x71, 0x13, 0xc8, 0x7, 0xf5,
    0x84, 0x0, 0x24, 0xe4, 0x3, 0xe8, 0x5d, 0x0,
    0x87, 0x59, 0xc0, 0x3a, 0x5e, 0x8c, 0x3, 0x1d,
    0x44, 0x80, 0x7, 0x9f, 0x14, 0x3, 0xcb, 0x89,
    0xc2, 0x28, 0xf3, 0x0, 0xfc, 0x7b, 0x62,

    /* U+4ED8 "付" */
    0x0, 0xff, 0xe4, 0x5b, 0x80, 0x71, 0x78, 0x7,
    0x8d, 0x14, 0x3, 0xff, 0x83, 0xa, 0x40, 0x1f,
    0xfc, 0x4, 0x44, 0xd7, 0xff, 0x68, 0x7f, 0x84,
    0x6, 0x80, 0x62, 0xef, 0xa4, 0x2e, 0xc2, 0x1a,
    0x40, 0x2, 0x44, 0xf0, 0x22, 0x0, 0x87, 0x40,
    0x26, 0xc0, 0xf, 0xc5, 0xa2, 0x1, 0x31, 0x38,
    0x7, 0xff, 0xa, 0xe0, 0x40, 0x3f, 0xf8, 0x2a,
    0x72, 0x1, 0xff, 0xc2, 0xd8, 0x0, 0xff, 0xe1,
    0x8, 0x7, 0xff, 0xc, 0x8a, 0x40, 0xf, 0x84,
    0x3, 0x2e, 0xea, 0x1c, 0x2,

    /* U+4EFB "任" */
    0x0, 0xc8, 0xa0, 0x1f, 0x10, 0x7, 0xa8, 0x80,
    0x23, 0x69, 0xdd, 0x28, 0x6, 0x60, 0x2b, 0xdf,
    0xc9, 0x8, 0xe5, 0x0, 0xd1, 0x2f, 0xbd, 0xc9,
    0x39, 0x51, 0x0, 0xd2, 0x2a, 0x4c, 0x62, 0x1,
    0xf9, 0x58, 0x3, 0xff, 0x82, 0x95, 0x0, 0x1f,
    0xfc, 0x26, 0x70, 0x6c, 0xcd, 0x7, 0x99, 0x91,
    0x12, 0x0, 0x79, 0x9c, 0xe5, 0x33, 0x94, 0x3,
    0xa, 0xae, 0xf1, 0x55, 0xc2, 0x1, 0xff, 0xe9,
    0x24, 0x4b, 0xc5, 0x13, 0x0, 0x79, 0x66, 0x64,
    0x9, 0x9c, 0x20,

    /* U+4F1F "伟" */
    0x0, 0xd4, 0xc0, 0x14, 0x48, 0x7, 0xe3, 0x54,
    0x22, 0x84, 0x8b, 0x80, 0x34, 0x3a, 0x6e, 0xcc,
    0x9b, 0xb6, 0x0, 0x46, 0x92, 0xdf, 0xf3, 0xb7,
    0xfd, 0xc0, 0x1, 0xd1, 0x10, 0x11, 0x7e, 0x10,
    0x5, 0x0, 0x6c, 0xc9, 0x53, 0x32, 0x70, 0x25,
    0xb0, 0xb, 0xba, 0x76, 0xee, 0x98, 0xb, 0xd8,
    0x0, 0x45, 0xfe, 0x0, 0x8, 0x0, 0x73, 0x32,
    0xa6, 0x65, 0xa8, 0x1, 0x87, 0xbb, 0x3b, 0x77,
    0x42, 0xc0, 0x1f, 0xfc, 0x21, 0x30, 0xf, 0xfe,
    0x0, 0xa0, 0x88, 0x3, 0xff, 0x81, 0x54, 0x90,
    0xf, 0xfe, 0xd, 0xf3, 0x80, 0x47, 0xc0, 0x1d,
    0x12, 0x1, 0xc0,

    /* U+4F4F "住" */
    0x0, 0xc2, 0x1, 0x8c, 0x3, 0xfd, 0x8c, 0x0,
    0x1c, 0x40, 0xf, 0xcc, 0x4c, 0x0, 0x17, 0x90,
    0xf, 0xd6, 0xe2, 0x45, 0x63, 0x99, 0x14, 0x1,
    0x39, 0x55, 0xee, 0xd6, 0xb9, 0xbb, 0x8, 0x1c,
    0x1, 0x57, 0xfd, 0x27, 0xff, 0x84, 0xb4, 0xc0,
    0x3f, 0xf8, 0x26, 0x9c, 0x1, 0xff, 0xc1, 0x1a,
    0x0, 0x87, 0x76, 0x83, 0xdd, 0x9c, 0x3, 0xc3,
    0x33, 0x39, 0x4c, 0xca, 0x1, 0xf2, 0x25, 0xe2,
    0x89, 0x10, 0x7, 0xff, 0x64, 0x4c, 0xf7, 0x9,
    0x9e, 0x10, 0xe, 0xdd, 0xcc, 0x7b, 0xb9, 0x40,

    /* U+4F55 "何" */
    0x0, 0xca, 0x1, 0xff, 0xc2, 0x5b, 0x0, 0xff,
    0xe1, 0x73, 0xdf, 0xff, 0xf1, 0x0, 0x9, 0x2a,
    0x73, 0x3d, 0x41, 0x84, 0x0, 0x80, 0x32, 0x33,
    0xf3, 0x1, 0x80, 0x11, 0x40, 0x2, 0x89, 0x88,
    0x3, 0x86, 0x88, 0x0, 0xb7, 0x10, 0xa9, 0x0,
    0xe3, 0x29, 0x0, 0x8f, 0x31, 0x0, 0x1e, 0x2c,
    0x70, 0xf, 0xfe, 0xb9, 0xff, 0xa4, 0x3, 0xff,
    0x80, 0x5f, 0xf5, 0x80, 0x7f, 0x96, 0x0, 0x3f,
    0xf8, 0x42, 0xa0, 0x1, 0x33, 0x28, 0x7, 0xff,
    0x0, 0xb3, 0x10, 0xe0, 0x18, 0xfc, 0x3, 0x8f,
    0xfd, 0xd0, 0x0,

    /* U+4F59 "余" */
    0x0, 0xfc, 0x40, 0x1f, 0xfc, 0x28, 0xd2, 0x0,
    0xff, 0xe0, 0x42, 0xb6, 0x18, 0x7, 0xf0, 0xda,
    0xe4, 0xb6, 0x28, 0x7, 0xcb, 0xe3, 0xa2, 0x11,
    0x55, 0x10, 0x4, 0x77, 0x4b, 0xea, 0xb8, 0x21,
    0xb6, 0x88, 0x70, 0x78, 0x26, 0x51, 0x53, 0x2b,
    0x8c, 0x15, 0x1e, 0xa1, 0xbc, 0xc4, 0xe, 0x64,
    0x87, 0x6e, 0x2, 0x45, 0xe0, 0x22, 0xf0, 0x1,
    0x37, 0x7a, 0x7, 0x77, 0xb8, 0x0, 0x9f, 0xee,
    0xff, 0x50, 0xff, 0xbb, 0xfd, 0x80, 0x18, 0xfd,
    0x40, 0x30, 0xfb, 0x80, 0x72, 0x6c, 0x28, 0x6,
    0x1c, 0xab, 0x0, 0x9e, 0xec, 0xc2, 0x44, 0x0,
    0x8b, 0x1e, 0xc0, 0xd, 0xaa, 0x13, 0xb2, 0xc0,
    0x10, 0xed, 0x0, 0x4, 0x80, 0x11, 0xfd, 0x0,
    0x18, 0x44, 0x0,

    /* U+4F73 "佳" */
    0x0, 0xd8, 0x60, 0x13, 0xd8, 0x7, 0xe5, 0x13,
    0x22, 0xbd, 0xc8, 0xa1, 0x0, 0xd1, 0x61, 0x9b,
    0xa7, 0x3d, 0xd9, 0x0, 0x24, 0x26, 0xe, 0xff,
    0x42, 0x7f, 0xca, 0x1, 0x50, 0x80, 0x7f, 0xf0,
    0x68, 0xc0, 0x15, 0xff, 0x42, 0x7f, 0xe1, 0x24,
    0x80, 0x4, 0x66, 0x7f, 0x9, 0x78, 0x80, 0x8,
    0xce, 0x58, 0x33, 0xc0, 0x1, 0x0, 0xc4, 0x57,
    0x39, 0x14, 0x20, 0x1e, 0x4d, 0xd9, 0xcf, 0x76,
    0x80, 0xf, 0x27, 0xfd, 0x9, 0xff, 0x48, 0x7,
    0xff, 0x24, 0x51, 0x37, 0x32, 0x26, 0x10, 0xc,
    0x55, 0x59, 0xce, 0xab, 0x20,

    /* U+4F8B "例" */
    0x0, 0x88, 0x3, 0xff, 0x82, 0x5b, 0x1f, 0xfc,
    0x20, 0x5, 0xc0, 0x2, 0xaa, 0x74, 0x67, 0x74,
    0x18, 0x1, 0xd5, 0xc2, 0x2, 0xe4, 0x43, 0x30,
    0x6, 0x62, 0x70, 0x41, 0x76, 0x40, 0xe, 0x18,
    0x0, 0xb0, 0xf6, 0xf8, 0x3, 0xa5, 0x44, 0x0,
    0xbf, 0x6f, 0xa0, 0x1d, 0x54, 0x0, 0x39, 0x90,
    0x21, 0x80, 0x71, 0x8, 0x3c, 0xd3, 0x88, 0x94,
    0x3, 0xf3, 0xd2, 0x56, 0x20, 0x80, 0x7f, 0x21,
    0x61, 0x68, 0x7, 0xff, 0x1, 0x5, 0xc0, 0xb4,
    0x3, 0xf0, 0xdc, 0x8, 0x0, 0x80, 0x3e, 0x1d,
    0x56, 0x0, 0x88, 0xa0, 0xe, 0x77, 0x58, 0x6,
    0x9d, 0x9a, 0x0, 0x79, 0xb5, 0x80, 0x75, 0xff,
    0x30,

    /* U+4FAF "侯" */
    0x0, 0xd0, 0x1, 0xff, 0xc2, 0x65, 0xb, 0xff,
    0xed, 0x0, 0xf5, 0x50, 0x2f, 0xff, 0x33, 0x80,
    0x71, 0x1a, 0x80, 0x78, 0x88, 0x1, 0xd6, 0x21,
    0xdd, 0xe4, 0x7e, 0xe2, 0x1, 0x30, 0x17, 0xea,
    0xe7, 0xfb, 0xb9, 0xfe, 0x40, 0x91, 0x0, 0xd,
    0xb9, 0x8, 0xf8, 0x0, 0xb0, 0x0, 0x27, 0x3f,
    0xff, 0x30, 0x3, 0xc8, 0x1, 0xcd, 0xfe, 0x1b,
    0xff, 0x98, 0x0, 0x20, 0x17, 0xc8, 0x7, 0xff,
    0x5, 0x33, 0xfe, 0x1b, 0xff, 0xc6, 0x1, 0x93,
    0xba, 0x70, 0x2e, 0xec, 0x60, 0x1c, 0x22, 0x57,
    0xb6, 0xa0, 0x11, 0x0, 0x78, 0xaa, 0x96, 0x96,
    0x5d, 0x28, 0x1, 0xc5, 0x85, 0xe8, 0x0, 0x9d,
    0x19, 0x40, 0x2, 0x71, 0x74, 0x8, 0x6, 0x28,
    0xd4,

    /* U+4FCA "俊" */
    0x0, 0xc2, 0x1, 0x8, 0x80, 0x3f, 0xde, 0xa0,
    0xd, 0x80, 0x41, 0x0, 0xf3, 0x2, 0x85, 0x34,
    0x86, 0xe8, 0x3, 0xd7, 0x21, 0x4f, 0x28, 0xbe,
    0x54, 0x1, 0x98, 0x9e, 0x14, 0xb6, 0x7b, 0x1d,
    0xe0, 0x0, 0xc8, 0x84, 0xf5, 0x46, 0xd8, 0x6f,
    0xb0, 0x3, 0x44, 0x0, 0x2f, 0x6a, 0x0, 0x9a,
    0x51, 0x3, 0x1a, 0x0, 0x54, 0x6a, 0x98, 0x1e,
    0x54, 0x81, 0xe3, 0x80, 0xf, 0xde, 0x40, 0x22,
    0xff, 0x0, 0x4, 0x2, 0x92, 0xb0, 0xcf, 0xfa,
    0x18, 0x3, 0xcd, 0x83, 0x9f, 0xec, 0x8, 0x0,
    0xfb, 0x6f, 0x79, 0x11, 0xb2, 0x40, 0x1f, 0x5a,
    0x1c, 0x5d, 0xa1, 0x80, 0x3f, 0x13, 0x5d, 0x9d,
    0xd1, 0x4a, 0x40, 0x1c, 0xd9, 0x8e, 0xe4, 0x43,
    0xb3, 0xf8, 0x2, 0x3e, 0x6e, 0xa5, 0x0, 0xcd,
    0x58, 0x0,

    /* U+4FDD "保" */
    0x0, 0xce, 0x60, 0x1f, 0xfc, 0x12, 0x81, 0xef,
    0xff, 0x90, 0x3, 0x42, 0x90, 0x5f, 0x77, 0x8,
    0x6, 0x25, 0x80, 0x3, 0x88, 0xf0, 0x7, 0x70,
    0x90, 0x7, 0xff, 0x2, 0xc, 0x3, 0x6f, 0x77,
    0x8, 0x1, 0x5e, 0x0, 0x2c, 0xdd, 0x40, 0xee,
    0xb1, 0x1, 0xa5, 0x0, 0x22, 0x33, 0x10, 0x99,
    0xc0, 0x3, 0x60, 0x0, 0xe6, 0x69, 0x1c, 0xcc,
    0x40, 0x18, 0x62, 0x24, 0x20, 0x18, 0x88, 0x80,
    0x39, 0x10, 0xcc, 0x51, 0x63, 0x44, 0x0, 0x7c,
    0x3e, 0xdc, 0x15, 0x28, 0x1, 0xf2, 0xf2, 0x40,
    0x0, 0x6a, 0xdc, 0x3, 0x92, 0xa9, 0x20, 0x19,
    0x32, 0x54, 0x3, 0x27, 0x28, 0x7, 0x8f, 0xd4,

    /* U+4FE1 "信" */
    0x0, 0xcc, 0x1, 0x9c, 0x3, 0xf8, 0xe0, 0x3,
    0x53, 0x0, 0x7e, 0x96, 0x0, 0xd1, 0xe0, 0x1f,
    0xa, 0xd7, 0x7f, 0xd4, 0xdf, 0xf9, 0x0, 0x10,
    0x25, 0xdf, 0xff, 0xc8, 0x6, 0xc0, 0x11, 0xa2,
    0x7c, 0x1, 0x71, 0x80, 0x57, 0xff, 0xf0, 0x0,
    0x83, 0xc0, 0x28, 0xbb, 0xf8, 0x0, 0x5a, 0x20,
    0x15, 0xf7, 0x7c, 0x1, 0xfa, 0xfb, 0xbe, 0x0,
    0xfd, 0xff, 0xf8, 0x80, 0x3f, 0x77, 0xff, 0x8,
    0x7, 0xf0, 0x80, 0x7f, 0xf0, 0xc8, 0xbc, 0x1,
    0xfe, 0xff, 0xf0, 0x80, 0x62, 0xe0, 0x7, 0xee,
    0xfb, 0xc8, 0x0,

    /* U+5065 "健" */
    0x0, 0xff, 0xe3, 0xf2, 0x91, 0x4, 0x1, 0xe,
    0x1, 0xe4, 0x33, 0x7e, 0xd3, 0x73, 0xc7, 0x78,
    0x6, 0xfb, 0x6d, 0x2f, 0x6e, 0x78, 0xe1, 0x0,
    0x8d, 0x10, 0xa, 0x25, 0xdc, 0x78, 0xe1, 0xe1,
    0xe, 0x0, 0xa3, 0xdb, 0xb8, 0xf1, 0xc3, 0xc2,
    0xe2, 0x20, 0xa2, 0xf7, 0x6e, 0x78, 0xe1, 0x0,
    0x1f, 0x0, 0x3b, 0x17, 0xdb, 0x9e, 0x3b, 0xc0,
    0x8, 0x40, 0x7, 0x31, 0xea, 0xd6, 0x9d, 0xd1,
    0x0, 0x74, 0x19, 0x8a, 0xf1, 0xdb, 0x30, 0x40,
    0x1d, 0xb6, 0xac, 0x66, 0x1, 0x33, 0x10, 0x7,
    0x3b, 0x13, 0xf7, 0x1d, 0xdd, 0xcb, 0x0, 0xe1,
    0x50, 0x4c, 0xc3, 0x4e, 0x62, 0x40, 0x3a, 0x19,
    0x9d, 0x4e, 0xb8, 0x67, 0x0, 0x64, 0x46, 0x56,
    0xeb, 0x99, 0xfb, 0x90, 0x1, 0x73, 0x60, 0x81,
    0x3c, 0xde, 0x6e, 0xac, 0x0,

    /* U+5148 "先" */
    0x0, 0x8a, 0x40, 0x13, 0x20, 0xf, 0xf2, 0xa8,
    0x3, 0xff, 0x85, 0x47, 0xfe, 0x66, 0x7f, 0xed,
    0x0, 0xca, 0x79, 0xba, 0x55, 0x6e, 0xef, 0x0,
    0xd7, 0x6, 0x44, 0x33, 0x11, 0x70, 0x4, 0x2e,
    0xc0, 0x1f, 0xfc, 0x14, 0xc5, 0x5c, 0x44, 0x55,
    0xf0, 0x2, 0x23, 0x55, 0xb3, 0x2e, 0xa2, 0x30,
    0x3, 0x77, 0x5, 0x6e, 0x99, 0x77, 0x70, 0x7,
    0x10, 0x28, 0x7, 0xff, 0x6, 0xd0, 0x40, 0x3e,
    0x30, 0xc, 0x8d, 0xe0, 0x1f, 0xb4, 0xc0, 0xf,
    0x70, 0x80, 0x19, 0x88, 0x86, 0x24, 0x1d, 0x54,
    0x70, 0xd, 0x65, 0xba, 0xc5, 0x10, 0xcd, 0x50,
    0xe, 0x3e, 0xff, 0xa8, 0x0,

    /* U+5170 "兰" */
    0x0, 0x85, 0x0, 0x3c, 0xa4, 0x1, 0xe5, 0xb3,
    0x0, 0xc5, 0x4c, 0x1, 0xe4, 0x7e, 0x0, 0xd0,
    0xc8, 0x1, 0xf4, 0x38, 0x80, 0x15, 0x20, 0x3,
    0x9f, 0xfe, 0x5e, 0xff, 0x50, 0xf7, 0xf9, 0xc0,
    0xd, 0x99, 0xff, 0xc0, 0x60, 0x0, 0x99, 0xff,
    0xf0, 0x4, 0x3, 0xff, 0x8e, 0x46, 0x7f, 0xe1,
    0x0, 0xd7, 0x99, 0xfe, 0x40, 0xd, 0x3f, 0xff,
    0xe5, 0x0, 0xff, 0xeb, 0xf, 0x77, 0xff, 0x8,
    0x7, 0x77, 0xff, 0x84, 0x0,

    /* U+5173 "关" */
    0x0, 0xc2, 0x1, 0xe3, 0x0, 0xf8, 0xb8, 0xc0,
    0x30, 0xe3, 0x0, 0x78, 0x9b, 0xc0, 0x34, 0x9b,
    0x0, 0x7d, 0x0, 0x20, 0x2, 0x7f, 0x0, 0xf7,
    0x7f, 0x1f, 0x7f, 0xb4, 0x33, 0xfc, 0x20, 0x16,
    0x6e, 0xe4, 0x3d, 0xde, 0x10, 0x8, 0x8b, 0xce,
    0x45, 0xc0, 0x1f, 0xc6, 0x1, 0xfd, 0xdf, 0xfc,
    0xa9, 0xff, 0xe0, 0x6, 0x67, 0x58, 0x2, 0x73,
    0x38, 0x0, 0x46, 0x7b, 0x1, 0xac, 0xcf, 0x80,
    0x3c, 0xcf, 0x32, 0xb, 0x0, 0xfe, 0x99, 0x3b,
    0x6, 0x36, 0x18, 0x6, 0x18, 0xe7, 0xa8, 0x0,
    0xe, 0x3e, 0x52, 0x0, 0x3d, 0xa7, 0xd4, 0x3,
    0xd, 0xd3, 0x50, 0x87, 0xf3, 0x88, 0x7, 0xcb,
    0x9c, 0x20,

    /* U+519B "军" */
    0xef, 0xff, 0xfe, 0x6, 0x85, 0xff, 0xb6, 0xbb,
    0xff, 0xa4, 0x0, 0xe0, 0x5, 0x81, 0x0, 0xe3,
    0xb, 0x21, 0x15, 0xa0, 0x8f, 0x9e, 0x14, 0xbb,
    0x86, 0xdd, 0xde, 0x5, 0x3, 0xf5, 0x7f, 0xd5,
    0xff, 0xc4, 0x1, 0x23, 0xc0, 0x1, 0x40, 0x3f,
    0x59, 0xe6, 0x3c, 0x33, 0x33, 0x80, 0x55, 0x48,
    0x85, 0x84, 0x46, 0x50, 0x9, 0x51, 0x30, 0x22,
    0x62, 0x3, 0x44, 0xf0, 0x22, 0x7b, 0xe6, 0x7a,
    0x2, 0x67, 0xd9, 0xbb, 0xd8, 0x1b, 0xbe, 0x0,
    0xff, 0xe1, 0x0,

    /* U+51AF "冯" */
    0x1, 0x0, 0xff, 0xe0, 0x9f, 0x10, 0x17, 0xff,
    0xe2, 0x3, 0x49, 0x2, 0xdd, 0xf5, 0x81, 0x80,
    0x25, 0x10, 0x4, 0xa6, 0x45, 0x38, 0x8, 0x0,
    0x96, 0x0, 0x10, 0x60, 0x13, 0x88, 0x6, 0x88,
    0x0, 0x81, 0x80, 0x44, 0x40, 0xc, 0x48, 0x6,
    0x2, 0x1, 0x73, 0x0, 0x7c, 0xc0, 0x67, 0xc0,
    0x64, 0x0, 0x22, 0x0, 0x8b, 0x77, 0x2a, 0x62,
    0x80, 0x2e, 0x41, 0x7b, 0xbe, 0x31, 0x1, 0x6f,
    0x12, 0x2f, 0x80, 0x88, 0xc, 0x49, 0x3b, 0xbf,
    0x10, 0xa8, 0x4d, 0x84, 0x7f, 0xfc, 0xc0, 0x2c,
    0xc, 0x1, 0xe1, 0x1, 0xe5, 0x6, 0xf0, 0xf,
    0xbf, 0xdc, 0xf0, 0x0, 0x10, 0xf, 0xbb, 0xfd,
    0xa4, 0x0,

    /* U+51FA "出" */
    0x1, 0x10, 0x5, 0xcc, 0x1, 0x9, 0x80, 0x22,
    0x0, 0x1f, 0x9f, 0x40, 0x3f, 0xfc, 0x2d, 0xbb,
    0xc, 0x6e, 0xd0, 0x1, 0x55, 0xcc, 0xc2, 0xf3,
    0x35, 0x50, 0xe, 0x11, 0x30, 0x7a, 0x26, 0xc5,
    0x64, 0x0, 0xff, 0x1e, 0x80, 0x7f, 0xf8, 0x3f,
    0xf0, 0xcf, 0xfe, 0x40, 0x4c, 0xcf, 0xf8, 0xc0,

    /* U+5218 "刘" */
    0x0, 0xc4, 0x1, 0xff, 0xc2, 0xc5, 0x0, 0xf9,
    0x74, 0x3, 0x4f, 0x0, 0x6a, 0x20, 0x8, 0xfb,
    0xa8, 0x4e, 0xe8, 0x10, 0x40, 0x23, 0xcc, 0xb7,
    0x4a, 0xf8, 0x1, 0xf1, 0x1, 0x14, 0xb8, 0x40,
    0x1f, 0x1e, 0xa0, 0x18, 0xa0, 0x7, 0xe3, 0x9b,
    0x34, 0x31, 0x0, 0xfe, 0x69, 0xca, 0xa0, 0x7,
    0xfc, 0xce, 0x4a, 0x1, 0xff, 0xc0, 0x51, 0xe0,
    0xf, 0xfa, 0x3, 0xc2, 0x80, 0x1c, 0x60, 0x1c,
    0xcf, 0xc3, 0xea, 0x60, 0x1f, 0x4c, 0xa8, 0xc0,
    0xb4, 0xc0, 0x4, 0x4d, 0x1, 0x5c, 0x50, 0x8,
    0x80, 0x2f, 0xd6, 0xa1, 0xc3, 0x0, 0xfd, 0xbf,
    0xce,

    /* U+522B "别" */
    0x4, 0xff, 0xf0, 0x80, 0x64, 0xe0, 0x1, 0x77,
    0x5a, 0x1, 0x51, 0x0, 0x70, 0x8e, 0x20, 0x9,
    0x4, 0x3, 0xff, 0x90, 0x55, 0x58, 0x3, 0xf9,
    0xa4, 0x8c, 0xb6, 0x4, 0x3, 0xe2, 0x78, 0x69,
    0x77, 0x0, 0x7e, 0xab, 0xc0, 0xdb, 0xb2, 0x0,
    0x7d, 0xdf, 0x63, 0x1e, 0xa0, 0x1f, 0x91, 0x0,
    0x89, 0x3, 0x80, 0x7f, 0x5e, 0x0, 0x4, 0x41,
    0x86, 0x1, 0xca, 0x4c, 0x2, 0x6, 0x4, 0x1,
    0xcb, 0x56, 0x49, 0x22, 0x20, 0x1, 0x10, 0xc0,
    0x11, 0x4a, 0x32, 0x96, 0x1, 0x6e, 0xa6, 0x41,
    0xaa, 0x7, 0xb8, 0xa0, 0x17, 0xfb, 0x9c,

    /* U+52A8 "动" */
    0x0, 0x8, 0xf8, 0x1, 0x6c, 0x1, 0xd1, 0xdd,
    0xd0, 0x0, 0x70, 0xf, 0x47, 0xff, 0x48, 0x7,
    0xff, 0x12, 0x68, 0xaa, 0xb0, 0x81, 0x17, 0xc2,
    0x60, 0xe6, 0x65, 0x1, 0xdd, 0xf6, 0x44, 0x87,
    0xcc, 0x0, 0x7, 0xf8, 0x37, 0xfd, 0xc0, 0x1,
    0x60, 0x30, 0x10, 0x2, 0x9, 0x11, 0xc0, 0x4,
    0x4, 0x1, 0xef, 0x70, 0x38, 0x10, 0x72, 0x0,
    0x8, 0x80, 0x25, 0xb0, 0x15, 0x60, 0xc7, 0x0,
    0x39, 0x80, 0x18, 0x56, 0xb5, 0x68, 0x1f, 0xc0,
    0x4, 0x20, 0xa, 0xd, 0xce, 0xf1, 0x60, 0x50,
    0x7, 0x30, 0x3, 0x7a, 0x98, 0xc3, 0x62, 0x48,
    0x86, 0xba, 0x0, 0x10, 0xe, 0x45, 0x7a, 0xdc,
    0x16, 0x0, 0xfc, 0xb6, 0x11, 0xfe, 0xc1, 0x0,

    /* U+52A9 "助" */
    0x2, 0xff, 0xe0, 0xa, 0xd8, 0x3, 0x87, 0xb9,
    0xa0, 0x19, 0xc0, 0x3e, 0x11, 0x10, 0x7, 0xff,
    0x0, 0x44, 0x40, 0xdb, 0xa3, 0x8d, 0xd8, 0x0,
    0x3d, 0xcd, 0x5, 0xbb, 0xb, 0xda, 0x90, 0x0,
    0x7f, 0xe0, 0x36, 0x60, 0x53, 0x58, 0x7, 0xfc,
    0x24, 0x0, 0x10, 0x0, 0xff, 0xc0, 0x11, 0x80,
    0x83, 0x80, 0x43, 0xdc, 0xd0, 0xa, 0xd0, 0x2,
    0x30, 0x8, 0x44, 0x40, 0x40, 0x9a, 0x0, 0x11,
    0x0, 0x48, 0xf4, 0x1a, 0xa4, 0xe0, 0x3, 0x72,
    0xf1, 0xac, 0xdc, 0xeb, 0x91, 0x0, 0x70, 0x9d,
    0xef, 0x5b, 0x8e, 0x2b, 0x89, 0x11, 0x74, 0x58,
    0x80, 0x2b, 0x7b, 0x4, 0xdd, 0x3, 0x0, 0x7a,
    0x68, 0x0, 0xbf, 0xed, 0x10,

    /* U+52C7 "勇" */
    0x0, 0xff, 0xe2, 0xf7, 0x7e, 0xff, 0x88, 0x2,
    0xee, 0x9a, 0xf3, 0xc, 0x2b, 0xa4, 0x1, 0xc3,
    0xba, 0x9d, 0x76, 0xa2, 0x0, 0xd3, 0xb9, 0xa,
    0xc4, 0xf, 0xba, 0x80, 0x8, 0xaf, 0x76, 0x45,
    0xff, 0x6a, 0x88, 0x6, 0x8d, 0xd9, 0xdb, 0x76,
    0x60, 0xe, 0x8d, 0xd9, 0xdb, 0x76, 0x60, 0xe,
    0x8c, 0xc9, 0xdb, 0x32, 0x60, 0xc, 0x57, 0x99,
    0x5d, 0x66, 0x52, 0x20, 0x14, 0xa8, 0x5, 0x62,
    0x1, 0x3c, 0x0, 0x13, 0xff, 0x86, 0xbf, 0xf8,
    0x0, 0x9f, 0xf6, 0x8c, 0xff, 0xe9, 0x20, 0x8,
    0x56, 0xb6, 0x18, 0x3, 0x6a, 0x0, 0x37, 0xfb,
    0x79, 0x80, 0xd, 0xfe, 0x6b, 0x0, 0x6f, 0x5b,
    0x88, 0x4, 0xdf, 0xed, 0x20,

    /* U+52FF "勿" */
    0x0, 0xc6, 0x40, 0x1f, 0xfc, 0x1d, 0x50, 0xf,
    0xfe, 0x2, 0x8b, 0x0, 0x7f, 0xf0, 0x38, 0x3b,
    0xff, 0xf7, 0x0, 0xd, 0x2b, 0x14, 0xf3, 0x2,
    0xf9, 0x0, 0x17, 0xaa, 0x8d, 0xe8, 0xc8, 0x68,
    0xc8, 0xc2, 0xa, 0xc0, 0xc9, 0xc1, 0x44, 0x80,
    0xc4, 0x9e, 0x84, 0x21, 0x84, 0x35, 0x0, 0x2,
    0xe5, 0xc8, 0x6, 0x90, 0x0, 0x7f, 0x0, 0x78,
    0x80, 0x80, 0x39, 0xc4, 0x14, 0x14, 0x0, 0x46,
    0x1, 0x48, 0x40, 0x2, 0x58, 0x2, 0x11, 0x0,
    0x21, 0xbc, 0x0, 0xc5, 0x20, 0x13, 0x70, 0x2b,
    0xe1, 0x1, 0x44, 0x4, 0x2, 0x25, 0x5, 0xe3,
    0x1, 0xc4, 0x61, 0x33, 0x48, 0x18, 0x0, 0x40,
    0xa, 0xaa, 0x0, 0x66, 0x1e, 0x80,

    /* U+5339 "匹" */
    0x4f, 0xff, 0xfe, 0x8, 0x0, 0x77, 0x61, 0x9d,
    0xd0, 0x56, 0xec, 0x1, 0x11, 0x42, 0xa4, 0x40,
    0x72, 0x28, 0x3, 0xe1, 0x0, 0xff, 0xe1, 0x18,
    0x7, 0xff, 0x0, 0xc0, 0x40, 0x3f, 0xf8, 0xc,
    0x60, 0x1f, 0x30, 0x7, 0x72, 0x0, 0x78, 0x64,
    0x3, 0x1a, 0x50, 0x6, 0x10, 0x21, 0x0, 0x8b,
    0x5c, 0x80, 0x24, 0xcf, 0xc6, 0x0, 0x8e, 0x60,
    0x3, 0x5f, 0x6f, 0x40, 0x4, 0x2e, 0x1, 0xe1,
    0x21, 0x0, 0x87, 0xff, 0xff, 0x80, 0x69, 0x99,
    0xff, 0xc1, 0x30,

    /* U+533B "医" */
    0x4f, 0xff, 0xfe, 0x8, 0x80, 0xee, 0xd1, 0x7b,
    0xbf, 0x8, 0x0, 0x88, 0x10, 0xe4, 0x5f, 0x0,
    0x74, 0x84, 0x5d, 0xf8, 0x3, 0xa5, 0x6f, 0xf1,
    0x3f, 0xf0, 0x7, 0xb5, 0x10, 0x62, 0x89, 0x80,
    0x3a, 0x8, 0x46, 0x1, 0x1e, 0x0, 0x8b, 0xbb,
    0x50, 0xf7, 0x6a, 0x0, 0x8b, 0xff, 0x28, 0x57,
    0xfd, 0x60, 0x1f, 0x2a, 0xaa, 0xe4, 0x3, 0xf0,
    0xcd, 0x5a, 0xfa, 0xd8, 0x7, 0xab, 0x8b, 0x50,
    0x7, 0x3, 0x0, 0x21, 0x42, 0x9f, 0x64, 0x4d,
    0xc8, 0x82, 0x72, 0x95, 0xb9, 0x9f, 0x42, 0xca,
    0x0,

    /* U+534E "华" */
    0x0, 0xe1, 0x0, 0xff, 0xe1, 0x37, 0x88, 0x45,
    0x0, 0x7f, 0x24, 0xd0, 0x80, 0x61, 0x8f, 0x40,
    0x9, 0x2c, 0xd0, 0x2, 0x7a, 0xe3, 0xc4, 0x0,
    0x45, 0x98, 0x1, 0xa9, 0xcf, 0x7a, 0xcc, 0x2,
    0x2c, 0xa0, 0x7, 0xe3, 0x23, 0x88, 0x1, 0x80,
    0x14, 0x60, 0x14, 0xb0, 0x88, 0x2, 0x39, 0x0,
    0xfe, 0xc4, 0xff, 0xb1, 0xc0, 0x32, 0x40, 0x1,
    0xcf, 0xfb, 0xaf, 0x80, 0xc, 0x48, 0x0, 0xde,
    0x1, 0x18, 0x3, 0x2a, 0xf9, 0x89, 0x57, 0xc0,
    0x51, 0x1e, 0x35, 0x88, 0xf1, 0x13, 0x77, 0xca,
    0xfb, 0xbe, 0x20, 0xf, 0xfe, 0xa0,

    /* U+5361 "卡" */
    0x0, 0xfb, 0xd0, 0x3, 0xff, 0x86, 0x45, 0xc2,
    0x1, 0xfe, 0x9d, 0xdd, 0x20, 0x1f, 0xeb, 0xff,
    0xd0, 0x1, 0xff, 0xc7, 0x55, 0xf0, 0x62, 0xaf,
    0x80, 0xa2, 0x3c, 0xd, 0x11, 0xe2, 0x26, 0xef,
    0x86, 0xb7, 0x7c, 0x40, 0x1f, 0x85, 0x84, 0x3,
    0xff, 0x82, 0x5b, 0xd4, 0x80, 0x1f, 0xf1, 0xdf,
    0x15, 0x69, 0x0, 0x7f, 0xc3, 0x1d, 0x4, 0x1,
    0xff, 0xc2, 0x50, 0xf, 0xfe, 0x30,

    /* U+5362 "卢" */
    0x0, 0xfb, 0x54, 0x3, 0xff, 0x85, 0x5f, 0xfd,
    0x60, 0x1f, 0xa3, 0x77, 0xa8, 0x3, 0xf1, 0x17,
    0x84, 0x0, 0x3f, 0xf8, 0xab, 0xff, 0x20, 0x7,
    0x67, 0xff, 0xc2, 0x1, 0xe1, 0x0, 0xff, 0xe1,
    0x8, 0xfe, 0x0, 0xe3, 0xc, 0xee, 0xf8, 0x40,
    0x33, 0x8f, 0xff, 0xe5, 0x70, 0xb, 0x50, 0x3,
    0xf5, 0x18, 0x4, 0xd8, 0x1, 0xff, 0xc0, 0x70,
    0x60, 0xf, 0xf8, 0x62, 0x0, 0x1f, 0xfc, 0x1,
    0xe6, 0x0, 0xff, 0xe0, 0x0,

    /* U+5386 "历" */
    0x2, 0xff, 0xff, 0xe0, 0x90, 0x5, 0x9b, 0xbf,
    0xf1, 0x0, 0x46, 0x45, 0x1c, 0x19, 0x17, 0x0,
    0x7e, 0x35, 0x0, 0xff, 0xe7, 0xf7, 0xfb, 0x43,
    0xbf, 0xf2, 0x0, 0x4, 0x1, 0xfd, 0xc9, 0x1e,
    0xec, 0xe, 0x0, 0x70, 0x0, 0x8d, 0xca, 0x23,
    0x80, 0x38, 0x40, 0x31, 0x98, 0x2, 0x10, 0x10,
    0x1, 0x18, 0x4, 0x29, 0x40, 0x11, 0x81, 0x0,
    0x39, 0xc0, 0x29, 0x32, 0x0, 0x98, 0x3, 0x1e,
    0x80, 0x11, 0xfc, 0x3, 0x11, 0x80, 0x5, 0x10,
    0xf, 0x72, 0x60, 0x44, 0x3a, 0x50, 0x1, 0x10,
    0xd6, 0x6d, 0x80, 0x11, 0xb8, 0x36, 0x0, 0x3d,
    0x5, 0xe4, 0x0, 0xab, 0xfd, 0xa4, 0x0,

    /* U+538B "压" */
    0x1, 0xff, 0xff, 0xe0, 0x98, 0x5, 0xbb, 0xff,
    0xc0, 0x30, 0x8, 0x8b, 0x85, 0x88, 0xb8, 0x3,
    0xfa, 0xf8, 0x3, 0xff, 0x96, 0x60, 0x2, 0x2e,
    0x12, 0x2c, 0x20, 0x1d, 0x9b, 0xb2, 0xa6, 0xee,
    0x70, 0x0, 0x80, 0x3b, 0xfe, 0x75, 0xff, 0xcc,
    0x0, 0x71, 0x0, 0xfd, 0x26, 0x1, 0x84, 0x80,
    0x3f, 0x66, 0x98, 0x4, 0x4c, 0x1, 0xf9, 0x67,
    0x80, 0x2d, 0xd0, 0x7, 0xf3, 0xe0, 0x4, 0xa8,
    0x85, 0x5c, 0x6c, 0xab, 0x22, 0x8a, 0x9, 0xfc,
    0xce, 0x70, 0x99, 0xe3, 0x4d, 0xb, 0xcc, 0xff,
    0x88,

    /* U+53EB "叫" */
    0x0, 0xff, 0xe0, 0x72, 0x23, 0xff, 0x70, 0x27,
    0x0, 0x78, 0x77, 0x54, 0x1, 0xfe, 0x32, 0x23,
    0x0, 0x7f, 0xff, 0xc0, 0xc4, 0x0, 0x5f, 0xec,
    0x0, 0x60, 0xdf, 0xe8, 0x4, 0x3b, 0xb6, 0x3,
    0x9e, 0x6f, 0x8, 0x3a, 0x11, 0x60, 0xec, 0x72,
    0x0, 0x8e, 0x80, 0x38, 0x40, 0x3f, 0xf9, 0x0,

    /* U+53EF "可" */
    0x3, 0x3f, 0xfe, 0x10, 0xe, 0x67, 0xff, 0x8,
    0x87, 0xff, 0xfe, 0xc, 0xf2, 0x0, 0xff, 0xe3,
    0x3f, 0xff, 0x84, 0x3, 0xf8, 0xf3, 0x2b, 0x0,
    0xff, 0x98, 0xce, 0x50, 0xf, 0xfe, 0xfa, 0xff,
    0xdc, 0x1, 0xff, 0x1e, 0x67, 0x8, 0x7, 0xe5,
    0xf3, 0x3e, 0x0, 0xfe, 0x23, 0x0, 0xc2, 0x88,
    0x50, 0x10, 0xf, 0xf1, 0xdd, 0xca, 0x40, 0x0,

    /* U+53F2 "史" */
    0x0, 0xf9, 0x74, 0x3, 0xff, 0x9b, 0xff, 0xd4,
    0x5f, 0xfc, 0xe0, 0x1a, 0xf7, 0x68, 0x1d, 0xdc,
    0x60, 0x1c, 0xc4, 0x58, 0xc8, 0xb3, 0x80, 0x7f,
    0xf2, 0x77, 0xfe, 0xa2, 0xff, 0xc8, 0x1, 0xb2,
    0xf3, 0x26, 0x3c, 0xce, 0x60, 0x8, 0xad, 0x8c,
    0xe5, 0x33, 0xe1, 0x0, 0x86, 0x2c, 0x85, 0x70,
    0x3, 0xfc, 0xe9, 0x9a, 0x6a, 0x1, 0xff, 0x70,
    0x9b, 0x98, 0x7, 0xe2, 0x7c, 0xb6, 0xb0, 0xce,
    0xa7, 0x54, 0x31, 0x16, 0x5d, 0xb6, 0x52, 0xfa,
    0xcf, 0x2e, 0xd8, 0xc3, 0xd8, 0xe4, 0x1, 0xa,
    0xcd, 0xf7, 0xf9, 0xc0,

    /* U+53F6 "叶" */
    0x0, 0xfc, 0x7e, 0x1, 0xdd, 0xff, 0x70, 0x7,
    0xfd, 0x5b, 0x40, 0x1f, 0xfc, 0x7, 0x26, 0x0,
    0xff, 0xe9, 0xf, 0xfd, 0x81, 0xff, 0x94, 0x3,
    0xb3, 0x29, 0xc, 0xcc, 0x80, 0x18, 0x4c, 0xe5,
    0x3, 0x3c, 0x20, 0x1f, 0xfc, 0x4d, 0xfc, 0x0,
    0xff, 0xe0, 0x56, 0xeb, 0x0, 0x3f, 0xd4, 0xa4,
    0x50, 0x7, 0xf9, 0x0, 0x3f, 0xfa, 0x20,

    /* U+53F7 "号" */
    0x0, 0x7f, 0xff, 0x80, 0x3b, 0x3f, 0xfd, 0x60,
    0x1e, 0x10, 0xf, 0x38, 0x7, 0xba, 0xef, 0xde,
    0x1, 0xd7, 0x1f, 0xfe, 0x8b, 0x0, 0xc8, 0x9f,
    0xe0, 0x7, 0xff, 0xff, 0x7, 0xbf, 0xdc, 0x4f,
    0xff, 0xfb, 0x80, 0x4, 0x4c, 0x11, 0xf8, 0x3,
    0x58, 0x5f, 0x77, 0xc0, 0x1a, 0x3f, 0xfe, 0x83,
    0x0, 0xff, 0xe0, 0x62, 0x80, 0x7e, 0x21, 0x12,
    0x23, 0x40, 0x3f, 0x47, 0x72, 0xd9, 0x0, 0x3f,
    0x57, 0xfd, 0x20, 0x10,

    /* U+53F8 "司" */
    0xaf, 0xff, 0xfe, 0x0, 0xde, 0xef, 0xfb, 0x0,
    0x2, 0x45, 0xff, 0x0, 0x1f, 0x33, 0xf8, 0x3,
    0x2c, 0x47, 0xf0, 0x6, 0x24, 0x4f, 0xe0, 0xe,
    0x8f, 0xff, 0x70, 0x7, 0xcb, 0xdd, 0xac, 0x40,
    0x3e, 0x31, 0x1c, 0xe0, 0x1f, 0xfc, 0xa6, 0xee,
    0xd8, 0x1, 0xf9, 0x7f, 0xf7, 0x70, 0x3, 0xd7,
    0x22, 0x3e, 0x44, 0x38, 0x4, 0x66, 0x0, 0xf4,
    0x5c, 0x30, 0x80,

    /* U+540C "同" */
    0xcf, 0xff, 0xfe, 0x2, 0x4, 0x6e, 0xff, 0x84,
    0x0, 0x45, 0xff, 0x0, 0x63, 0xff, 0xfb, 0x80,
    0x38, 0xfb, 0xbe, 0xf0, 0xf, 0x8, 0x7, 0x84,
    0x3, 0xcd, 0xdd, 0xe0, 0xf, 0xc9, 0xff, 0x80,
    0x3f, 0xf9, 0xe2, 0x1, 0xfc, 0x9f, 0xf7, 0x0,
    0x7f, 0x27, 0xff, 0x0, 0x7c, 0xf2, 0x1, 0xc4,
    0x62, 0xe0, 0x10, 0x90, 0x6, 0x1d, 0xc4, 0x30,

    /* U+540D "名" */
    0x0, 0xf3, 0x20, 0x7, 0xfc, 0xb2, 0xe0, 0x1f,
    0xe4, 0xa0, 0xcf, 0xfd, 0xc2, 0x1, 0x3d, 0xce,
    0xef, 0x12, 0x8, 0x15, 0xcd, 0xb1, 0x16, 0xa3,
    0xb0, 0x5, 0x7, 0x9e, 0x8, 0x1, 0xdd, 0xa2,
    0x0, 0x8b, 0x17, 0x6f, 0x3a, 0x9b, 0x30, 0xf,
    0xa9, 0x70, 0x7d, 0x0, 0x3e, 0x5d, 0x44, 0x41,
    0x19, 0xc2, 0xb, 0x5d, 0x46, 0x4d, 0xdd, 0xb1,
    0x3, 0xca, 0x83, 0x77, 0xe2, 0x0, 0x54, 0x20,
    0x7, 0xff, 0x47, 0x7b, 0xbc, 0x40, 0x1e, 0x8d,
    0xdf, 0x8, 0x0,

    /* U+5411 "向" */
    0x0, 0xf4, 0x98, 0x7, 0xfc, 0x8c, 0x20, 0x1f,
    0xf7, 0x21, 0x0, 0x78, 0xfb, 0xb2, 0xa7, 0x77,
    0xb1, 0xc6, 0xaa, 0xbb, 0x55, 0x73, 0x10, 0xa,
    0x27, 0xfb, 0x0, 0x38, 0x8b, 0xc0, 0x1f, 0xb7,
    0x33, 0x69, 0x80, 0x7e, 0xfe, 0xe8, 0x40, 0x3f,
    0xf9, 0x64, 0x58, 0x3, 0xfd, 0x9b, 0xb0, 0x80,
    0x7f, 0x77, 0xfe, 0x30, 0xf, 0xac, 0x40, 0x22,
    0x33, 0x61, 0x80, 0x64, 0x0, 0xc9, 0x98, 0x5b,

    /* U+5415 "吕" */
    0xe, 0xff, 0xfe, 0x0, 0xa7, 0xbb, 0xd4, 0x1,
    0x88, 0x47, 0xcc, 0x1, 0xff, 0xc4, 0x22, 0xf9,
    0x40, 0x23, 0x8c, 0xcf, 0x40, 0x80, 0x37, 0xbb,
    0xf8, 0x8, 0xbf, 0xf8, 0x19, 0xbb, 0xff, 0x5,
    0xff, 0xfe, 0xb0, 0xf, 0xfe, 0x76, 0x2a, 0xfe,
    0xc0, 0x2, 0xcc, 0xfe, 0x50,

    /* U+5434 "吴" */
    0x0, 0x2f, 0xff, 0xf9, 0x0, 0x38, 0xbb, 0xbf,
    0x0, 0x7c, 0x23, 0xfe, 0x0, 0xf0, 0x91, 0x7e,
    0x10, 0xf, 0x16, 0xef, 0xe0, 0xf, 0x2f, 0xff,
    0xf9, 0x0, 0x21, 0xff, 0xff, 0xe0, 0x18, 0x0,
    0x7b, 0xb8, 0xdf, 0xbb, 0x8c, 0x2, 0x11, 0xe2,
    0xd1, 0x1e, 0x0, 0xf, 0xff, 0x86, 0xbf, 0xfc,
    0x22, 0xee, 0xe5, 0x33, 0x3f, 0x77, 0x8, 0x8,
    0xe7, 0x5f, 0xf3, 0xa0, 0x8e, 0x0, 0x85, 0x72,
    0x2c, 0xcd, 0x75, 0x6a, 0x20, 0x1, 0xee, 0x4d,
    0x72, 0x0, 0x13, 0x8e, 0x3b, 0x82, 0x2c, 0xfc,
    0x60, 0xe, 0x18, 0xdf, 0xc1,

    /* U+5458 "员" */
    0x0, 0x5f, 0xff, 0xf2, 0x0, 0x73, 0xff, 0xfc,
    0x1, 0xff, 0xca, 0x7f, 0xff, 0x80, 0x3d, 0x5d,
    0xdf, 0xc8, 0x1, 0x8c, 0xff, 0xc4, 0x1, 0x26,
    0xef, 0xfb, 0x0, 0x30, 0xff, 0xfe, 0xa0, 0xf,
    0xe5, 0xe0, 0xf, 0xfe, 0x9, 0x80, 0x7f, 0xf0,
    0xbd, 0x40, 0x3f, 0x3a, 0x0, 0x15, 0xbe, 0x14,
    0x19, 0xc0, 0x23, 0xa4, 0xbb, 0x52, 0x74, 0xf5,
    0x50, 0x0, 0x97, 0xf3, 0x9e, 0xa0, 0xd9, 0xa1,
    0x98, 0x5, 0xdd, 0x9c, 0x40, 0x31, 0xcf, 0x48,
    0x0,

    /* U+5468 "周" */
    0x0, 0x6f, 0xff, 0xfb, 0x80, 0x29, 0xee, 0xb7,
    0x5d, 0xd5, 0x0, 0x63, 0x11, 0xb4, 0x47, 0x80,
    0x3a, 0xfb, 0x81, 0x9d, 0xc3, 0x0, 0xf5, 0xf7,
    0x3, 0x3b, 0x86, 0x1, 0xe1, 0x18, 0x1c, 0x46,
    0x0, 0xc6, 0x6f, 0xf8, 0x6b, 0xfd, 0x60, 0x18,
    0x4b, 0xbb, 0xea, 0x0, 0x84, 0x19, 0x9f, 0xfd,
    0x80, 0x18, 0xc0, 0x81, 0x7f, 0xea, 0x0, 0xe4,
    0x30, 0xf, 0xfe, 0x6, 0xa0, 0x1, 0x7b, 0xaa,
    0x0, 0xc6, 0x94, 0x0, 0x5e, 0xee, 0x13, 0x5,
    0x62, 0x6, 0xb0, 0x8, 0x77, 0xa6, 0x4d, 0x20,
    0x10, 0x80, 0x6f, 0xf7, 0x38,

    /* U+547C "呼" */
    0x0, 0xff, 0xe0, 0x18, 0x7, 0xc6, 0x8d, 0x15,
    0xbf, 0xa6, 0x1d, 0xfe, 0xe1, 0xef, 0xc3, 0x59,
    0xee, 0x18, 0x2, 0xec, 0x22, 0xf9, 0xaf, 0x14,
    0x17, 0x30, 0x3, 0x30, 0x0, 0xb0, 0x1, 0xd0,
    0x1, 0xf2, 0xa8, 0x40, 0x25, 0x23, 0x0, 0xf1,
    0x11, 0x0, 0x2e, 0xa0, 0xf, 0xd4, 0x20, 0x19,
    0xc0, 0x3c, 0x73, 0xdb, 0xe3, 0x25, 0x32, 0x10,
    0x66, 0x0, 0x7f, 0xf0, 0x6e, 0xc2, 0x73, 0x37,
    0x8c, 0xce, 0x10, 0xdf, 0xe0, 0xf, 0xfb, 0x8,
    0x3, 0xff, 0x82, 0x40, 0x1c, 0x24, 0x40, 0xf,
    0xfe, 0x4, 0x6c, 0x30, 0x7, 0xfd, 0x3f, 0xd0,
    0x1, 0xc0,

    /* U+548C "和" */
    0x0, 0xf0, 0x80, 0x7f, 0x8d, 0xa7, 0x39, 0xc0,
    0x3f, 0x6f, 0x6b, 0x4f, 0xbb, 0xbf, 0xf9, 0x3,
    0x75, 0x60, 0xe0, 0xf, 0x4c, 0xc8, 0x3, 0xfe,
    0x23, 0x38, 0x40, 0xbb, 0xa0, 0xce, 0xd0, 0xf,
    0x8b, 0x74, 0xe1, 0x1b, 0xc0, 0x1f, 0x8c, 0xce,
    0x16, 0x46, 0x1, 0xfc, 0xca, 0xf, 0x40, 0x1f,
    0xe8, 0xf0, 0x87, 0x80, 0xf, 0xd2, 0xa8, 0x0,
    0xed, 0x0, 0xf9, 0x1a, 0x40, 0x22, 0x50, 0xf,
    0x9e, 0x88, 0x3, 0xcd, 0xff, 0x8, 0x1a, 0x80,
    0x7c, 0x99, 0x90, 0x7, 0xfb, 0x38, 0xce, 0x96,

    /* U+54EE "哮" */
    0x0, 0xfd, 0xe2, 0x0, 0x37, 0xf, 0xfc, 0x13,
    0x9a, 0x19, 0x8b, 0xe1, 0x0, 0x77, 0x80, 0x2f,
    0xe4, 0x27, 0xc1, 0x98, 0x1, 0xe2, 0x34, 0x5,
    0x64, 0xa0, 0xf, 0x3f, 0x73, 0xc3, 0xa8, 0x3f,
    0x80, 0x39, 0xbf, 0xdd, 0x82, 0xdd, 0xfe, 0x0,
    0xe1, 0x11, 0x9a, 0x2, 0x8c, 0x4, 0x3, 0xc3,
    0x9a, 0xa7, 0xba, 0x80, 0xf, 0xb, 0x83, 0xf5,
    0x9c, 0xc8, 0x2, 0xef, 0xc, 0x8b, 0x92, 0x9e,
    0x71, 0x10, 0x3, 0x7f, 0xa8, 0x2b, 0xb4, 0x33,
    0xba, 0x17, 0x20, 0x17, 0xef, 0xf7, 0x7, 0x7f,
    0xc3, 0x0, 0x1e, 0x13, 0x0, 0xff, 0xe0, 0xf6,
    0x98, 0x80, 0x60,

    /* U+5510 "唐" */
    0x0, 0xf8, 0xac, 0x3, 0xf8, 0x8b, 0x85, 0x60,
    0x8b, 0x80, 0x3, 0xb9, 0x9b, 0x45, 0xb3, 0x38,
    0x40, 0x2e, 0xee, 0x3b, 0xee, 0xe1, 0x0, 0xc7,
    0xdd, 0x1d, 0x77, 0x54, 0x1, 0xe3, 0xee, 0x8a,
    0xbb, 0x92, 0x20, 0x1c, 0xf7, 0x78, 0xa2, 0xed,
    0x4b, 0x60, 0x3, 0x5, 0x88, 0xc5, 0x51, 0x5,
    0x28, 0x0, 0x8, 0x11, 0x91, 0x40, 0x24, 0x40,
    0x73, 0x0, 0x38, 0x82, 0x6e, 0xc5, 0x7b, 0xa4,
    0x30, 0x8, 0x48, 0x13, 0x32, 0x38, 0xcc, 0xa0,
    0x2, 0x25, 0x5, 0xfe, 0xe1, 0x5f, 0x73, 0xf8,
    0x2, 0xdf, 0x0, 0x17, 0x77, 0xa8, 0x3, 0x23,
    0x80, 0x42, 0x3e, 0x30, 0x9, 0x14, 0x40, 0x5,
    0x99, 0xe8, 0x0, 0x92, 0xc0, 0xb, 0xfb, 0xbe,
    0xee, 0x0, 0x0,

    /* U+5598 "喘" */
    0x22, 0xc1, 0xe4, 0x5, 0xa0, 0x5, 0xc0, 0xcd,
    0xd6, 0x0, 0x7f, 0xf0, 0x37, 0x40, 0x1f, 0xfc,
    0x23, 0x0, 0xb7, 0xf4, 0xbf, 0xd4, 0x1, 0xf7,
    0xff, 0xec, 0x0, 0xe7, 0xee, 0xfe, 0x60, 0xc,
    0xff, 0xf4, 0xaf, 0xfe, 0x60, 0xe, 0x33, 0xb4,
    0xcf, 0x80, 0x2, 0x40, 0xd, 0xcc, 0x2a, 0xb7,
    0x32, 0x0, 0x66, 0x0, 0x2e, 0xd4, 0xd1, 0xec,
    0x0, 0xb7, 0xf8, 0x3, 0xfe, 0x63, 0x0, 0xff,
    0xe0, 0xc0, 0x80, 0x7f, 0xf2, 0x48, 0x15, 0x5a,
    0x80,

    /* U+5609 "嘉" */
    0x2, 0x2f, 0x5c, 0x91, 0x78, 0x1, 0xdd, 0xe5,
    0x7e, 0xef, 0x0, 0x32, 0x26, 0x71, 0x2c, 0xcf,
    0x60, 0x4, 0x26, 0x7a, 0xb4, 0xcf, 0x80, 0x33,
    0x5d, 0xff, 0x8c, 0x3, 0x38, 0x6e, 0xfe, 0x10,
    0xf, 0x16, 0x67, 0xe3, 0x0, 0xe4, 0xff, 0x1f,
    0x66, 0x34, 0xa3, 0xd4, 0x2, 0xab, 0xb4, 0x7,
    0x5d, 0xb4, 0x7e, 0xed, 0x40, 0x9, 0x8f, 0xcc,
    0x7c, 0x43, 0xf2, 0x22, 0x90, 0x0, 0x81, 0xd8,
    0x4, 0x37, 0x7c, 0x20, 0xa, 0x98, 0x9, 0xe8,
    0x16, 0xdd, 0x99, 0x80, 0x8, 0xd2, 0xca, 0x52,
    0x3, 0x55, 0x8c, 0x0, 0x3b, 0xac, 0x8e, 0x6a,
    0x2, 0xee, 0x88, 0x0, 0x3b, 0x43, 0x1d, 0xc3,
    0x37, 0x76, 0xf4, 0x0,

    /* U+5668 "器" */
    0x0, 0x7f, 0xf0, 0x17, 0xff, 0x0, 0x76, 0xfe,
    0x80, 0x6f, 0xf6, 0x0, 0x7f, 0xf0, 0xc4, 0x3,
    0xce, 0x6e, 0x1, 0x8c, 0xce, 0x1, 0xc7, 0x1d,
    0x4, 0x60, 0x5b, 0xd0, 0x40, 0x1b, 0x37, 0x67,
    0x92, 0xd6, 0x64, 0x68, 0x0, 0xbb, 0xb7, 0xaa,
    0xbb, 0x8c, 0x95, 0xdc, 0x22, 0x66, 0x34, 0x8f,
    0x75, 0x96, 0xf, 0xb9, 0x82, 0x2, 0x7d, 0x6c,
    0x22, 0x97, 0x17, 0x98, 0x80, 0xf6, 0x85, 0x37,
    0x40, 0x3b, 0xe6, 0x6b, 0xe3, 0x35, 0x85, 0x64,
    0x90, 0x0, 0xbf, 0x28, 0x28, 0xc1, 0x81, 0xc9,
    0x80, 0x31, 0x11, 0xc1, 0x0, 0x30, 0x80, 0x80,
    0x78, 0x40, 0x3d, 0x9f, 0x82, 0x1, 0x7f, 0xb0,
    0x40, 0x0,

    /* U+56FD "国" */
    0xdf, 0xff, 0xfe, 0x2, 0x84, 0x77, 0x7f, 0x84,
    0x0, 0x42, 0x1, 0xf8, 0x40, 0x33, 0xf7, 0x7d,
    0x40, 0x1c, 0xff, 0xf0, 0x77, 0xfa, 0xc0, 0x3f,
    0xf9, 0x1f, 0xf0, 0x77, 0xf9, 0x40, 0x3d, 0xdd,
    0x6, 0x4e, 0x28, 0x7, 0x84, 0x60, 0x22, 0x70,
    0x80, 0x78, 0x46, 0x2, 0x5a, 0x50, 0xe, 0xae,
    0xe8, 0x33, 0xa2, 0xc4, 0x3, 0x57, 0xff, 0xe1,
    0x0, 0xaf, 0x77, 0xfc, 0x20, 0x6, 0x99, 0xff,
    0x0, 0x0,

    /* U+578B "型" */
    0x6, 0xff, 0xf6, 0x86, 0xa0, 0x6a, 0x0, 0x1b,
    0xc6, 0xfc, 0xeb, 0x40, 0x3f, 0xc6, 0xe0, 0x1f,
    0xfc, 0x4, 0x41, 0xa2, 0x7, 0x50, 0x3, 0xf7,
    0xc0, 0xdc, 0x12, 0xc1, 0x0, 0x7d, 0x70, 0x39,
    0x83, 0x8c, 0x29, 0x50, 0xf, 0x7b, 0x0, 0x79,
    0x4, 0x3, 0xa9, 0xe0, 0x0, 0xe0, 0x20, 0xe,
    0xf3, 0x60, 0x4, 0x60, 0x5, 0x7b, 0x40, 0xf,
    0xee, 0x10, 0x0, 0x88, 0x89, 0x89, 0xd1, 0xa,
    0xa2, 0x0, 0xcb, 0x11, 0x90, 0xa2, 0x32, 0x80,
    0x67, 0xcc, 0xcc, 0xb9, 0x99, 0xc0, 0x22, 0x2f,
    0xb, 0x91, 0x78, 0xf, 0x33, 0xce, 0x59, 0x9e,
    0x30,

    /* U+58A8 "墨" */
    0x0, 0x37, 0x66, 0x5d, 0xcc, 0xcb, 0x9c, 0x3,
    0x93, 0x93, 0x1d, 0xb1, 0xf5, 0x0, 0x3e, 0x24,
    0x10, 0x2, 0x90, 0x80, 0x7c, 0x94, 0xd6, 0x8b,
    0xe5, 0x48, 0x1, 0xcf, 0x91, 0x13, 0xa4, 0x4c,
    0x63, 0x0, 0x68, 0xcc, 0xca, 0xd9, 0x9a, 0xc0,
    0x34, 0xf7, 0x65, 0x7e, 0xed, 0x40, 0x17, 0x77,
    0x95, 0xfb, 0xbc, 0x21, 0xda, 0xfd, 0x53, 0xfa,
    0xbd, 0xc5, 0xbe, 0x10, 0x2e, 0xc0, 0x79, 0x30,
    0x75, 0x9, 0xb4, 0x0, 0x2d, 0xb1, 0x85, 0xc4,
    0x4c, 0x63, 0x0, 0x13, 0xac, 0xcd, 0xea, 0xfd,
    0x33, 0x12, 0x0, 0x47, 0x55, 0x91, 0x15, 0x59,
    0x0, 0x3, 0xdd, 0xe4, 0x7e, 0xef, 0x10,

    /* U+5907 "备" */
    0x0, 0xe3, 0x40, 0xf, 0xfe, 0x8, 0xee, 0x0,
    0x61, 0x0, 0xf8, 0x74, 0x5f, 0xff, 0x72, 0x0,
    0x71, 0xf9, 0xb7, 0xfd, 0xa4, 0xc8, 0x1, 0x9f,
    0x27, 0x8a, 0xc9, 0xb2, 0xa4, 0x3, 0x9f, 0x9c,
    0x69, 0xb6, 0x59, 0xc0, 0x3e, 0x26, 0xbe, 0x6a,
    0x85, 0xfa, 0x74, 0x10, 0x4f, 0xdd, 0x67, 0x5a,
    0xbe, 0xe6, 0xea, 0x74, 0x13, 0x69, 0x67, 0xfb,
    0xb6, 0xcb, 0x6e, 0x0, 0x8, 0x7, 0xfe, 0x9,
    0xff, 0x30, 0x80, 0x7c, 0x23, 0x18, 0x8d, 0xe0,
    0x1f, 0xbb, 0xa2, 0x9e, 0xe4, 0x0, 0x7e, 0xee,
    0x8a, 0xbb, 0x92, 0x1, 0xf8, 0x46, 0x3, 0x11,
    0x80, 0x3f, 0x77, 0x45, 0x3d, 0xc8, 0x0, 0xc0,

    /* U+590F "夏" */
    0xe, 0xff, 0xff, 0xe0, 0x50, 0x3, 0xbf, 0xf8,
    0x2f, 0xff, 0xa8, 0x2, 0x4c, 0xcc, 0x11, 0x99,
    0x84, 0x3, 0x8, 0x66, 0x5f, 0x99, 0x69, 0x80,
    0x78, 0xf3, 0x3f, 0x0, 0x7c, 0x5d, 0xdf, 0x80,
    0x3e, 0x38, 0x8f, 0xa4, 0x3, 0xf6, 0xef, 0xc4,
    0x1, 0xe4, 0xd3, 0x9e, 0x44, 0xd7, 0x82, 0x1,
    0x85, 0xa8, 0x53, 0xba, 0xdc, 0x60, 0x8, 0x5f,
    0xb9, 0x23, 0x3b, 0xaf, 0x36, 0x50, 0x8, 0x7b,
    0x6d, 0xf6, 0xa9, 0x39, 0x72, 0x1, 0xd2, 0x62,
    0xb4, 0x6e, 0xe3, 0xf5, 0x10, 0x9, 0x37, 0xfd,
    0xdc, 0xfd, 0xe9, 0x8, 0xef, 0xe1, 0x4e, 0xfe,
    0xb7, 0x20, 0x2, 0x4e, 0xff, 0x68, 0x80,

    /* U+5934 "头" */
    0x0, 0x8c, 0x80, 0x28, 0xb0, 0xf, 0xe4, 0xdb,
    0x30, 0x0, 0x80, 0x7f, 0x3f, 0x9e, 0x10, 0x80,
    0x7f, 0x39, 0x4, 0x71, 0x0, 0x7f, 0xf, 0x6d,
    0x8, 0x80, 0xc8, 0x3, 0xe1, 0x9e, 0xa, 0x0,
    0x37, 0x0, 0x7c, 0x22, 0xb, 0x91, 0x11, 0x0,
    0x8f, 0x0, 0xf7, 0x6d, 0xee, 0xc, 0xf7, 0x71,
    0xf, 0xff, 0x9c, 0xff, 0xfc, 0x40, 0x1e, 0x17,
    0xa4, 0x0, 0xff, 0xe0, 0x6a, 0x22, 0x71, 0x0,
    0x3f, 0x1e, 0x8d, 0x16, 0xd5, 0x2c, 0x40, 0x32,
    0xd6, 0x2e, 0x88, 0x1, 0xbc, 0x79, 0x40, 0x1b,
    0x65, 0xb0, 0x1, 0xc3, 0x53, 0xc0, 0xc, 0xe8,
    0x20, 0xf, 0xcd, 0x60,

    /* U+5973 "女" */
    0x0, 0xf1, 0x20, 0x7, 0xff, 0xa, 0xe0, 0x3,
    0xff, 0x84, 0xf4, 0x1, 0xff, 0xc1, 0x41, 0x70,
    0xf, 0xe6, 0x6d, 0xe2, 0xec, 0xdf, 0x0, 0x2e,
    0xe8, 0x40, 0xbb, 0xa2, 0x62, 0xec, 0x21, 0xbb,
    0x48, 0xf6, 0xec, 0xc5, 0xdb, 0xa1, 0x0, 0xd3,
    0x20, 0xc, 0xaa, 0x0, 0xf9, 0x85, 0x80, 0x23,
    0x2b, 0x0, 0xfa, 0x5, 0x40, 0x2f, 0x33, 0x0,
    0x7d, 0xaf, 0x7a, 0xf0, 0x7c, 0x1, 0xf8, 0xe7,
    0xaa, 0x1c, 0xcc, 0x1, 0xfe, 0x5b, 0x6, 0x2e,
    0x70, 0xf, 0x1b, 0xe5, 0x86, 0x4f, 0x44, 0x39,
    0x40, 0x3, 0xf9, 0x2b, 0x78, 0x60, 0x7, 0xe4,
    0xa7, 0x1, 0xcd, 0xe9, 0x40, 0xe, 0x1a, 0xb7,
    0x0,

    /* U+5982 "如" */
    0x0, 0xff, 0xe3, 0x36, 0x0, 0x7f, 0xf0, 0x7d,
    0x40, 0x22, 0x88, 0xf0, 0x11, 0x13, 0x88, 0x82,
    0xcc, 0xff, 0x85, 0xc3, 0x74, 0x51, 0xba, 0xc0,
    0x37, 0x7a, 0x80, 0x1f, 0x81, 0xfe, 0x86, 0x0,
    0xfe, 0x44, 0x0, 0x34, 0x80, 0x3f, 0xb3, 0x0,
    0x7, 0xf0, 0xf, 0xe4, 0x40, 0x9, 0x20, 0x7,
    0xe1, 0x14, 0x83, 0x19, 0x0, 0x7e, 0x1c, 0x7d,
    0xaa, 0x0, 0x7f, 0x8b, 0x44, 0x8c, 0x3, 0xfe,
    0x43, 0x4a, 0x40, 0x33, 0xca, 0x1, 0x3d, 0xc5,
    0xbe, 0x0, 0xf7, 0x50, 0x0, 0xc9, 0xa7, 0x8,
    0x80, 0x16, 0xed, 0x8c, 0x1d, 0xc5, 0x0, 0xc9,
    0xa0, 0x11, 0x48,

    /* U+59D3 "姓" */
    0x0, 0xff, 0xe3, 0x1f, 0x0, 0x63, 0x5, 0xd0,
    0xf, 0x2a, 0x80, 0x22, 0xc0, 0xf, 0x84, 0xf0,
    0x4c, 0xc0, 0x86, 0x1, 0xf2, 0xf2, 0xa7, 0x60,
    0xe9, 0xfd, 0x17, 0xfc, 0x9, 0xa1, 0xf8, 0x6,
    0x97, 0xb0, 0x3b, 0xb0, 0x0, 0xc4, 0x44, 0x48,
    0x44, 0x11, 0xc, 0x8a, 0x0, 0x22, 0x1, 0x58,
    0xfc, 0x3, 0xfb, 0x30, 0x19, 0x89, 0x52, 0x28,
    0xc8, 0xa0, 0x0, 0xd9, 0xa2, 0x1, 0xb7, 0x50,
    0x3b, 0xac, 0x0, 0x55, 0x30, 0x4c, 0x1f, 0xfd,
    0x45, 0xfe, 0xe0, 0x9, 0xcc, 0x20, 0x3, 0xff,
    0x80, 0xc5, 0x6e, 0x60, 0x1f, 0xe4, 0x9b, 0x4d,
    0x21, 0x18, 0xcc, 0x23, 0x1, 0x5c, 0xa8, 0x14,
    0x77, 0x52, 0x3d, 0xd2, 0x96, 0xb0, 0x5, 0x3f,
    0xff, 0x94,

    /* U+59DA "姚" */
    0x0, 0xff, 0xe3, 0x26, 0x80, 0x62, 0xe0, 0xd3,
    0x0, 0xe2, 0x60, 0xf, 0xfe, 0x9, 0x79, 0x15,
    0xa, 0x1, 0xee, 0x41, 0xd6, 0x66, 0xfd, 0xd8,
    0x40, 0x34, 0xaa, 0xf, 0x8e, 0xd8, 0x9a, 0xc8,
    0x5, 0x4f, 0x40, 0x1, 0x11, 0x11, 0x82, 0x7c,
    0x2, 0xcc, 0x8, 0x1, 0xc, 0x38, 0x80, 0x98,
    0x2, 0xd3, 0x0, 0xb1, 0x1, 0x30, 0x13, 0x40,
    0x23, 0xf2, 0x0, 0x7b, 0xb1, 0xac, 0xd3, 0x98,
    0x2, 0x21, 0x84, 0xd, 0x70, 0x42, 0x7f, 0xcc,
    0x1, 0x34, 0x30, 0x1, 0x0, 0xa2, 0x86, 0xb4,
    0x3, 0x32, 0x0, 0x25, 0x71, 0xc9, 0x8d, 0xc0,
    0x31, 0xd0, 0x4b, 0xd1, 0xf2, 0x4d, 0x88, 0x1,
    0x81, 0x40, 0x97, 0x4, 0x16, 0x2d, 0x40, 0xb,
    0x5f, 0x3c, 0x58, 0x40, 0x4, 0xe4, 0x0, 0xa3,
    0xfe, 0x40,

    /* U+59DC "姜" */
    0x0, 0xc2, 0x1, 0xe1, 0x0, 0xfd, 0x76, 0x0,
    0xcb, 0xe2, 0x1, 0x84, 0xcd, 0xc8, 0xc6, 0x75,
    0xb1, 0x19, 0x0, 0x17, 0xfd, 0x7, 0x5b, 0x9e,
    0x49, 0xfe, 0xb0, 0x2, 0x66, 0x73, 0x1e, 0x67,
    0x48, 0x5, 0x3d, 0xd9, 0xcf, 0xbb, 0x80, 0x34,
    0xf7, 0x67, 0x3e, 0xee, 0x0, 0xbb, 0xff, 0x9c,
    0xff, 0xfc, 0xa1, 0xdf, 0xf7, 0x16, 0x7f, 0xfc,
    0xa3, 0xdd, 0xc5, 0xbd, 0xdf, 0x38, 0xf7, 0x4e,
    0x5d, 0xd9, 0x83, 0xfb, 0x8e, 0x1, 0x2b, 0x21,
    0x0, 0x19, 0xe8, 0x40, 0x3c, 0xd0, 0x7d, 0xfb,
    0x2c, 0x80, 0x1e, 0x27, 0x10, 0x32, 0x56, 0x7f,
    0xb6, 0x10, 0x5, 0xec, 0x61, 0x6e, 0xa2, 0x7b,
    0xe, 0x2c, 0x1, 0x7f, 0x95, 0x6, 0x1, 0x8e,
    0x3a, 0x80,

    /* U+5A1C "娜" */
    0x0, 0xff, 0xe3, 0x4a, 0x84, 0x7f, 0xe1, 0xfe,
    0xe7, 0x90, 0x1, 0x58, 0x22, 0xcf, 0x84, 0x1,
    0xd8, 0x24, 0x2a, 0x4a, 0xa0, 0x77, 0x8, 0x6,
    0x44, 0x2, 0xc0, 0xdd, 0x0, 0x7e, 0xcf, 0x4,
    0xe4, 0xd0, 0x6c, 0x4f, 0x10, 0x9, 0x14, 0x0,
    0xa6, 0x24, 0xd6, 0x7c, 0x20, 0x3, 0x20, 0xb,
    0xf4, 0x84, 0x0, 0xe2, 0x2, 0x6, 0x6, 0x0,
    0x47, 0x55, 0x0, 0x80, 0x4, 0x2, 0x88, 0x0,
    0x9, 0xf3, 0x13, 0x49, 0xe0, 0x19, 0x54, 0x0,
    0xcb, 0x54, 0x96, 0x9f, 0x0, 0xc2, 0x20, 0x1,
    0xc8, 0x20, 0x22, 0x0, 0x30, 0x98, 0x4, 0x32,
    0xfc, 0x80, 0x40, 0x19, 0xf6, 0x0, 0x71, 0x22,
    0xa6, 0xc5, 0x4, 0x0, 0xdc, 0xe0, 0x2b, 0x40,
    0x4e, 0xdb, 0x6c, 0x1, 0xf4, 0x0, 0xe, 0x83,
    0x3e, 0x3, 0xc0, 0x30,

    /* U+5A1F "娟" */
    0x0, 0xff, 0xe2, 0xa6, 0x80, 0x49, 0xff, 0xe3,
    0x0, 0x1b, 0x80, 0x63, 0xff, 0xc2, 0x0, 0x2d,
    0x32, 0x20, 0x7, 0xf1, 0xea, 0xb6, 0xe8, 0x80,
    0xf3, 0x30, 0x81, 0xf8, 0x77, 0x81, 0x26, 0xf7,
    0x6d, 0x30, 0x31, 0x11, 0x8, 0x5f, 0xff, 0xa0,
    0x11, 0x41, 0xcc, 0x16, 0xbb, 0xb2, 0x10, 0x5e,
    0x6, 0xa0, 0x0, 0x8c, 0xf0, 0x80, 0x1f, 0x5,
    0x74, 0x1, 0x5d, 0xd9, 0xc0, 0x16, 0x7e, 0x48,
    0x0, 0xae, 0xec, 0xe0, 0x14, 0x10, 0x40, 0x2,
    0x33, 0x33, 0x0, 0x4e, 0x56, 0xce, 0x15, 0xdd,
    0x9c, 0x1, 0x10, 0xd4, 0xd6, 0x2, 0x28, 0xc0,
    0xc0, 0x53, 0xc, 0xc, 0x40, 0x32, 0x63, 0xf0,
    0xe1, 0x80, 0x6e, 0x50, 0x2, 0xf6, 0xa0,

    /* U+5A77 "婷" */
    0x0, 0xff, 0xe3, 0xf, 0x80, 0x71, 0x70, 0x80,
    0x79, 0x4c, 0x1, 0x15, 0x48, 0xd, 0xaa, 0x90,
    0x0, 0x4a, 0x0, 0xb9, 0x9b, 0x7e, 0x66, 0x52,
    0xf9, 0x6f, 0xf1, 0xd6, 0xf7, 0x6c, 0x1, 0x2e,
    0x2a, 0xb2, 0x0, 0x4e, 0xee, 0x0, 0xc2, 0x48,
    0xc, 0x0, 0x9d, 0xdc, 0x1, 0x8c, 0x84, 0xc8,
    0x23, 0xf3, 0x37, 0x18, 0x1, 0x10, 0x19, 0x8e,
    0xe7, 0xff, 0xca, 0x0, 0x43, 0x44, 0x7, 0x77,
    0xc8, 0x0, 0x7b, 0xc3, 0x18, 0xaf, 0xff, 0x6b,
    0x80, 0x18, 0x8d, 0x1a, 0xff, 0xc5, 0x3f, 0xe6,
    0x20, 0x4, 0xb4, 0xd0, 0x6, 0x13, 0x0, 0xea,
    0x7a, 0x6c, 0x0, 0xc2, 0x1, 0xe3, 0xf1, 0x2,
    0x0, 0x57, 0x9b, 0x80, 0x60,

    /* U+5B50 "子" */
    0x0, 0x11, 0x9f, 0xf8, 0x40, 0x35, 0xe6, 0x7f,
    0xac, 0x3, 0x4f, 0xff, 0xd4, 0xd, 0x40, 0x1f,
    0xe2, 0xab, 0xa9, 0x0, 0xff, 0x36, 0x9f, 0xa8,
    0x7, 0xfd, 0xc9, 0x22, 0x1, 0xe3, 0x3f, 0x13,
    0x99, 0xf8, 0xb, 0x33, 0xca, 0x79, 0x9e, 0x32,
    0xff, 0xf3, 0xaf, 0xff, 0x8c, 0x3, 0xff, 0xd0,
    0x46, 0x62, 0x0, 0xff, 0xe0, 0x56, 0x61, 0xf8,
    0x3, 0xfe, 0x8f, 0xf6, 0xa0, 0x7, 0xc0,

    /* U+5B54 "孔" */
    0x0, 0xff, 0xe2, 0xff, 0xfc, 0xc9, 0xc0, 0x1e,
    0xee, 0xda, 0x66, 0x60, 0xf, 0xc2, 0x3a, 0x7,
    0x40, 0x3f, 0xf8, 0x18, 0xd8, 0x20, 0x1f, 0xfc,
    0x2, 0x81, 0x0, 0xff, 0xe2, 0x11, 0x0, 0x3f,
    0xc2, 0x28, 0xed, 0x40, 0xf, 0x8a, 0x33, 0x81,
    0xab, 0xd8, 0x3, 0xe1, 0x4b, 0xd1, 0xe4, 0x0,
    0xfe, 0x3c, 0x72, 0x0, 0xff, 0xe7, 0x5a, 0x0,
    0x7f, 0xf0, 0x98, 0x3, 0x8, 0x80, 0x33, 0x89,
    0x9, 0x11, 0x80, 0x1d, 0xc1, 0x50, 0x8, 0xcd,
    0xbd, 0xaa, 0x40, 0xf, 0xee, 0x8, 0x6, 0xcf,
    0xfa, 0x80,

    /* U+5B59 "孙" */
    0x0, 0xff, 0xe2, 0x17, 0xff, 0x48, 0x5, 0xc8,
    0x1, 0x8b, 0xba, 0xb0, 0xa0, 0xf, 0xf0, 0x8d,
    0xe, 0x60, 0x1e, 0x10, 0xe, 0x87, 0x80, 0x3e,
    0x0, 0xa6, 0x0, 0x39, 0xe4, 0x0, 0xaa, 0x0,
    0xb5, 0xc0, 0x3c, 0x64, 0x19, 0x80, 0x9, 0x4,
    0xc0, 0x3b, 0x74, 0x28, 0x80, 0xc, 0xb6, 0x5,
    0x3c, 0x9, 0xc4, 0x26, 0x1, 0xb1, 0x1, 0xca,
    0xc2, 0x46, 0xd4, 0x3, 0x90, 0xc1, 0x6d, 0x40,
    0x24, 0x90, 0xe, 0x23, 0x10, 0xf, 0x61, 0x80,
    0x7b, 0x4, 0x3, 0xff, 0x98, 0x44, 0x10, 0xf,
    0x4f, 0x90, 0x80, 0x59, 0xa6, 0xa0, 0x1d, 0x3f,
    0xa0, 0x1b, 0xbf, 0x4, 0x3, 0x0,

    /* U+5B5F "孟" */
    0x0, 0xff, 0xe3, 0xd7, 0xff, 0xe9, 0x0, 0xf5,
    0x7f, 0xee, 0x81, 0x69, 0x0, 0xff, 0x26, 0x5d,
    0x48, 0x7, 0x8, 0xfb, 0x9b, 0x54, 0x46, 0x0,
    0xab, 0xbb, 0x95, 0x3b, 0xb8, 0xc0, 0x17, 0xff,
    0xcc, 0xbf, 0xfc, 0x60, 0x1f, 0x8c, 0x3, 0xff,
    0x80, 0x3d, 0xc5, 0xc0, 0xf, 0xe2, 0x32, 0xbb,
    0x94, 0xcf, 0x8, 0x6, 0xed, 0xeb, 0xa9, 0xec,
    0xee, 0x64, 0x80, 0x75, 0xec, 0x26, 0xe8, 0x37,
    0x4c, 0x1, 0xff, 0xc8, 0x10, 0x31, 0x10, 0x8,
    0x80, 0x84, 0xc4, 0x40, 0xfc, 0x73, 0xd0, 0x9d,
    0xc0, 0xde, 0x56, 0xe1,

    /* U+5B62 "孢" */
    0x0, 0xff, 0xe6, 0x53, 0x80, 0x78, 0xff, 0xf9,
    0x85, 0x50, 0x3, 0xc7, 0xdd, 0x60, 0x2c, 0x87,
    0x6e, 0xe3, 0x0, 0x8, 0xd2, 0xa4, 0xd3, 0xdd,
    0x8d, 0xc0, 0x32, 0x22, 0xe9, 0x18, 0xcf, 0x0,
    0x7a, 0x6d, 0x95, 0x3f, 0xee, 0x0, 0x38, 0x6,
    0x36, 0x4d, 0xc, 0xfd, 0x0, 0xfe, 0x65, 0x20,
    0x10, 0x30, 0xf, 0x1c, 0xd, 0x78, 0x0, 0x44,
    0x60, 0x1, 0x10, 0x3e, 0x90, 0x64, 0x88, 0x6f,
    0xe1, 0x80, 0xc, 0x1f, 0xa8, 0x40, 0x36, 0x77,
    0x1b, 0x88, 0x40, 0x3f, 0xf8, 0x15, 0x9a, 0x1,
    0xff, 0xc1, 0x12, 0xd, 0x10, 0xf, 0x8d, 0x4c,
    0xf3, 0x10, 0x8b, 0xfc, 0x46, 0x0, 0x8b, 0xee,
    0xd5, 0x20,

    /* U+5B87 "宇" */
    0x0, 0xf3, 0x88, 0x7, 0xff, 0x2, 0xe0, 0x3,
    0xd9, 0xff, 0xc6, 0xdf, 0xfd, 0xa1, 0x1b, 0xbf,
    0xe8, 0x0, 0x11, 0x7f, 0xf0, 0x2, 0xda, 0xbf,
    0xff, 0x53, 0x53, 0x9d, 0xee, 0xcc, 0x7b, 0xb5,
    0x9b, 0x80, 0x4, 0x8a, 0x17, 0x22, 0x84, 0x0,
    0x23, 0xf3, 0x88, 0xfb, 0x7b, 0xb9, 0x8f, 0xbb,
    0xbf, 0x3f, 0xf9, 0xd3, 0xff, 0xb8, 0x3, 0xff,
    0xa6, 0x24, 0x43, 0x0, 0xff, 0x2e, 0xe9, 0xb8,
    0x3, 0xc0,

    /* U+5B89 "安" */
    0x0, 0xe2, 0x90, 0xf, 0xfe, 0x1, 0x3b, 0x80,
    0x3c, 0xd9, 0x9c, 0x31, 0x99, 0xcc, 0x21, 0x11,
    0x4d, 0xda, 0x23, 0xf, 0x3, 0x22, 0x45, 0x8,
    0x9c, 0xc0, 0x9c, 0x1, 0x4d, 0x80, 0x77, 0xd8,
    0xb1, 0x11, 0xc4, 0xc8, 0xb9, 0x87, 0xf7, 0x68,
    0xb, 0xdd, 0xf6, 0x6f, 0xf9, 0x8b, 0xff, 0x1b,
    0x7f, 0xb8, 0x0, 0x8d, 0xc0, 0x12, 0x1d, 0x80,
    0x71, 0x8e, 0xc1, 0x12, 0xa0, 0x80, 0x39, 0xfa,
    0xcf, 0x74, 0x6e, 0x1, 0xf9, 0xc8, 0x14, 0xf9,
    0xc4, 0x2, 0x26, 0xad, 0x2d, 0xae, 0x99, 0x73,
    0x83, 0x6d, 0x16, 0x59, 0x0, 0x1f, 0x9e, 0x11,
    0xbb, 0x20, 0xc0, 0x3d, 0x1e, 0x80,

    /* U+5B8B "宋" */
    0x0, 0xfa, 0x44, 0x3, 0xff, 0x84, 0x90, 0x1,
    0xfa, 0xb3, 0x38, 0xdb, 0x33, 0x9c, 0x0, 0xeb,
    0x11, 0xaa, 0xe2, 0x30, 0x70, 0x5, 0xe8, 0x9b,
    0xcd, 0x13, 0x30, 0x5, 0x4a, 0x1, 0xfe, 0xfc,
    0x0, 0x39, 0x80, 0x67, 0xf0, 0xc, 0xaa, 0x0,
    0x77, 0xff, 0x1b, 0xff, 0xf5, 0x0, 0x3f, 0xba,
    0xc0, 0x10, 0x3e, 0xed, 0x60, 0x1, 0x1d, 0xec,
    0xae, 0x12, 0x23, 0x80, 0x3a, 0xc2, 0x43, 0xf5,
    0x5c, 0x3, 0xc3, 0x6d, 0xa0, 0x10, 0xfc, 0xc8,
    0x3, 0x26, 0x3e, 0x8, 0x6, 0x2c, 0x4d, 0x40,
    0x4b, 0x5c, 0x10, 0xf, 0x16, 0x25, 0xa, 0x6c,
    0x0, 0x7f, 0xc, 0xf0, 0x80,

    /* U+5B98 "官" */
    0x0, 0xf3, 0x8, 0x7, 0xff, 0x2, 0xa4, 0x3,
    0xdd, 0xff, 0xc6, 0xff, 0xfd, 0xa1, 0x3b, 0xbf,
    0xe8, 0x33, 0x10, 0x7, 0xf1, 0x91, 0x35, 0x33,
    0x1f, 0xfe, 0xd4, 0x5c, 0x0, 0xab, 0x77, 0xc6,
    0x1, 0xe1, 0x1f, 0xc0, 0x1e, 0xaf, 0xff, 0x18,
    0x7, 0xaf, 0xbb, 0xe5, 0x0, 0xeb, 0xff, 0xfc,
    0x80, 0x1a, 0xb7, 0x7d, 0x40, 0x1e, 0x12, 0x2f,
    0x8, 0x7, 0xa7, 0x33, 0xd2, 0x1, 0xea, 0x88,
    0xf5, 0x8, 0x0,

    /* U+5B9A "定" */
    0x0, 0xf1, 0xc8, 0x7, 0xff, 0x4, 0x99, 0x0,
    0x3e, 0xcd, 0xdd, 0x81, 0x5b, 0xbc, 0x80, 0x55,
    0x33, 0xae, 0xa6, 0x71, 0x0, 0x46, 0x89, 0xfe,
    0x10, 0x3, 0xb2, 0x27, 0xf1, 0x3b, 0x82, 0x4a,
    0x26, 0x6b, 0xa9, 0x99, 0xe4, 0xc0, 0x2c, 0xdd,
    0x86, 0xb7, 0x65, 0x0, 0xec, 0x60, 0xf, 0xfe,
    0x9, 0xa8, 0x5, 0x7d, 0xd9, 0x40, 0x23, 0x7,
    0x0, 0xa3, 0x33, 0x20, 0x5, 0x63, 0x20, 0x11,
    0x91, 0x61, 0x0, 0xb, 0xeb, 0xe1, 0x0, 0x7f,
    0x5a, 0x1d, 0x36, 0x8e, 0xa1, 0x9f, 0x2a, 0x50,
    0x2, 0xad, 0x92, 0xb3, 0x34, 0x2f, 0x88, 0x4,
    0x93, 0xbd, 0xff, 0xac,

    /* U+5BB6 "家" */
    0x0, 0xf0, 0xb0, 0x7, 0xff, 0x8, 0xe5, 0x0,
    0x3f, 0x6f, 0xfe, 0xd0, 0xbf, 0xfe, 0x50, 0xa,
    0xbb, 0xbf, 0xc2, 0x1, 0x84, 0xcf, 0xf8, 0x40,
    0x34, 0xaf, 0xe6, 0x37, 0x59, 0x99, 0x69, 0x0,
    0x8, 0x3b, 0xf2, 0x2d, 0xdd, 0x78, 0xa0, 0x80,
    0x4b, 0x5f, 0xcc, 0x82, 0x5, 0x9e, 0x1, 0xa7,
    0xb3, 0xe4, 0xa, 0x1b, 0x6a, 0xc0, 0x34, 0xda,
    0x4e, 0xfe, 0x35, 0xa, 0x80, 0x73, 0xef, 0xfb,
    0x5a, 0x2, 0x26, 0x0, 0x38, 0xfb, 0x5d, 0xdf,
    0x84, 0x47, 0x73, 0x0, 0x64, 0x9, 0xee, 0x63,
    0x99, 0x82, 0x64, 0xe0, 0x17, 0x75, 0xf0, 0x6e,
    0x28, 0x9, 0x73, 0x60, 0xc, 0xd7, 0x1a, 0xe9,
    0xa1, 0x0, 0x27, 0x48, 0x0, 0x80, 0x2b, 0xfe,
    0x50, 0xe, 0x20,

    /* U+5C39 "尹" */
    0x0, 0x67, 0xff, 0xf9, 0xc0, 0x36, 0xee, 0x73,
    0xdd, 0xc6, 0x1, 0xc2, 0x45, 0x70, 0x11, 0x67,
    0x0, 0xff, 0xe3, 0x96, 0xef, 0x41, 0xee, 0xe4,
    0x9d, 0x32, 0x88, 0xe7, 0x28, 0x8c, 0x49, 0x4,
    0xa, 0xbd, 0xcc, 0xab, 0x9b, 0x54, 0x40, 0x3d,
    0xc2, 0x1, 0xfe, 0xef, 0xf9, 0x97, 0xff, 0x20,
    0x7, 0x6e, 0x62, 0x82, 0xb3, 0x33, 0x10, 0x6,
    0x33, 0xa5, 0x14, 0xcf, 0x4a, 0x80, 0x71, 0x60,
    0xd0, 0x7, 0xf8, 0xe7, 0x5b, 0x44, 0x3, 0xfc,
    0xc7, 0x94, 0x1, 0xff, 0x0,

    /* U+5C3F "尿" */
    0x0, 0x6f, 0xff, 0xfc, 0x20, 0x1a, 0x7b, 0xbf,
    0x60, 0x7, 0x8c, 0x47, 0xf1, 0x0, 0x7a, 0xbb,
    0xbf, 0x78, 0x7, 0xa3, 0x77, 0x41, 0x6e, 0xd8,
    0x20, 0x11, 0x91, 0x9e, 0x22, 0x19, 0xe0, 0xc,
    0x23, 0xe0, 0x11, 0x0, 0x2d, 0x0, 0x31, 0x77,
    0x5e, 0x0, 0x60, 0xb1, 0x40, 0x0, 0x83, 0xff,
    0x9d, 0xc0, 0x9, 0xc3, 0xa0, 0x8, 0x80, 0x40,
    0x5a, 0x80, 0x64, 0x20, 0x3, 0x21, 0x80, 0x29,
    0xc, 0x0, 0xee, 0xb0, 0xd, 0x88, 0x5a, 0xf4,
    0x1, 0xa8, 0x35, 0x80, 0x92, 0xa8, 0x98, 0x2,
    0x40, 0x1, 0xba, 0xa0, 0x1, 0xca, 0x24, 0xb,
    0xa5, 0xc0, 0x27, 0xc0,

    /* U+5C5E "属" */
    0x0, 0x6f, 0xff, 0xfc, 0x80, 0x15, 0x7f, 0xff,
    0x10, 0x6, 0x32, 0x2f, 0xe3, 0x0, 0xd1, 0xff,
    0xfc, 0x60, 0x1a, 0xfe, 0x62, 0x17, 0x4a, 0xed,
    0xc8, 0x0, 0x30, 0x1, 0x98, 0x3a, 0x6e, 0x2c,
    0xc0, 0x21, 0x10, 0x55, 0x25, 0x47, 0xfb, 0x30,
    0x1, 0x9c, 0xf, 0x31, 0x25, 0x98, 0x81, 0x0,
    0x8, 0x8, 0x1e, 0x62, 0x4b, 0x31, 0xc, 0x0,
    0x20, 0x22, 0x6e, 0x62, 0x4b, 0x32, 0xb0, 0x2,
    0x18, 0x76, 0xe6, 0x24, 0xb3, 0x2e, 0x90, 0xc4,
    0x0, 0x4e, 0x62, 0x4b, 0x1f, 0x18, 0xd, 0x28,
    0x0, 0x7d, 0xca, 0x3d, 0x7a, 0x0, 0x98, 0x80,
    0x7, 0xdd, 0xb7, 0x48, 0xde, 0x72, 0x0, 0xe4,
    0x0, 0xe1, 0xee, 0x30,

    /* U+5C81 "岁" */
    0xe, 0x40, 0xb, 0x90, 0x2, 0x5e, 0x0, 0xff,
    0xe8, 0x5f, 0xfc, 0x37, 0xff, 0x50, 0x3, 0xfb,
    0x90, 0x3d, 0xde, 0xf0, 0x11, 0x1c, 0x30, 0x7,
    0x84, 0x0, 0x78, 0xf, 0xdd, 0xe3, 0x8, 0xc6,
    0xff, 0xf2, 0x99, 0x91, 0xaa, 0x64, 0x20, 0x12,
    0xab, 0xc1, 0x39, 0x44, 0x30, 0x81, 0x69, 0xcc,
    0x3, 0xa5, 0x32, 0x6a, 0x60, 0x3, 0xef, 0x17,
    0xb6, 0x0, 0xe4, 0x8e, 0x88, 0x72, 0x0, 0x65,
    0xfa, 0x28, 0xe7, 0x0, 0xf2, 0xe7, 0x53, 0x0,
    0x7e,

    /* U+5C9B "岛" */
    0x0, 0xf3, 0x98, 0x7, 0xfc, 0x50, 0x20, 0x1f,
    0xbf, 0xed, 0xd, 0xff, 0xb4, 0x3, 0xab, 0x77,
    0xd2, 0x20, 0x1c, 0xe9, 0x88, 0x45, 0x3, 0x0,
    0x79, 0xb6, 0xb4, 0x45, 0xa4, 0x1, 0xf1, 0xe4,
    0xaf, 0x35, 0x0, 0x72, 0x19, 0xce, 0x17, 0x22,
    0x66, 0x0, 0x15, 0xf7, 0x69, 0x9b, 0xb7, 0x40,
    0x3b, 0xaf, 0x6d, 0xdb, 0xf7, 0x56, 0x44, 0xf0,
    0x9, 0x40, 0x5, 0x80, 0x3, 0x70, 0xf, 0xfe,
    0x7, 0x8, 0xb, 0x32, 0x85, 0x99, 0x40, 0x11,
    0x10, 0xdf, 0xb8, 0xf, 0xdc, 0x20, 0x12, 0x4d,
    0x18, 0x8f, 0xa9, 0x3b, 0x55, 0x40, 0x1f, 0xd5,
    0xfe, 0xb0,

    /* U+5D14 "崔" */
    0x4, 0xe0, 0xd, 0xaa, 0x1, 0xbc, 0xc0, 0x3f,
    0xf8, 0xe3, 0xbb, 0x8a, 0xf7, 0x70, 0x6, 0x4c,
    0xe0, 0x5e, 0xc5, 0xbe, 0xeb, 0xc, 0x2, 0x37,
    0x2a, 0x33, 0xe, 0x99, 0xe0, 0xe, 0xa0, 0xdf,
    0xf2, 0xa7, 0xfe, 0xa0, 0xa, 0x86, 0xfb, 0xa5,
    0x4e, 0xed, 0x40, 0xa, 0x50, 0x23, 0x38, 0x0,
    0x67, 0x80, 0x6, 0x98, 0x37, 0xdd, 0x22, 0xf7,
    0x50, 0x0, 0x3e, 0x30, 0xec, 0xc9, 0xd3, 0x32,
    0xa0, 0xf, 0x67, 0xfc, 0xcb, 0xff, 0x60, 0x7,
    0xb3, 0xfe, 0x65, 0xff, 0xb0, 0x3, 0xc8, 0x98,
    0x99, 0x13, 0x80, 0x3a, 0xff, 0xe0, 0x7f, 0xfe,
    0x20,

    /* U+5E2E "帮" */
    0x0, 0xff, 0xe4, 0x45, 0x80, 0x51, 0xff, 0xb0,
    0x1, 0x9d, 0xc7, 0x4e, 0xe4, 0x82, 0xff, 0xa,
    0x0, 0x33, 0xb9, 0x9, 0xdc, 0x90, 0x30, 0x92,
    0x80, 0x3, 0xf7, 0x21, 0x3b, 0x88, 0x1, 0x2a,
    0x0, 0x4f, 0xdc, 0x75, 0xee, 0x20, 0x5, 0xa7,
    0x0, 0x3b, 0xae, 0x74, 0xdd, 0x50, 0x6, 0xe6,
    0x1, 0xdd, 0x21, 0x76, 0xea, 0x80, 0x17, 0xb4,
    0xc0, 0x4, 0xd5, 0xe0, 0x3, 0x3f, 0x85, 0xe7,
    0xc0, 0x4, 0x36, 0x42, 0x2f, 0xc6, 0x81, 0x1,
    0x0, 0x92, 0xed, 0xdd, 0x32, 0x77, 0x70, 0x7,
    0x27, 0xfc, 0xe9, 0xff, 0x60, 0x7, 0xff, 0xd,
    0xc0, 0x3f, 0xf8, 0x31, 0xb4, 0x60, 0x19, 0xa4,
    0x3, 0xd3, 0xfe, 0xc0, 0x0,

    /* U+5E38 "常" */
    0x2, 0xb1, 0x0, 0x7a, 0x0, 0x1e, 0x40, 0x22,
    0x25, 0x80, 0x71, 0x4d, 0x80, 0x33, 0xd9, 0x7f,
    0xc1, 0x7f, 0xa3, 0xbe, 0x83, 0x3d, 0xdf, 0xe1,
    0x0, 0x11, 0x3f, 0xff, 0x8, 0x2, 0xd8, 0x1,
    0xdd, 0xd8, 0x21, 0xc, 0xc2, 0x0, 0xf8, 0x40,
    0xc, 0x40, 0x11, 0xee, 0xbf, 0xb7, 0x88, 0x3,
    0x8f, 0x76, 0x28, 0xdd, 0x80, 0x36, 0x7f, 0xe2,
    0x9f, 0xfc, 0x80, 0x13, 0xff, 0xc5, 0x3f, 0xf2,
    0x0, 0x7f, 0x18, 0x7, 0xff, 0xd, 0xd, 0x80,
    0x25, 0xe0, 0xf, 0x7f, 0x9d, 0x40,

    /* U+5E73 "平" */
    0x5, 0xff, 0xff, 0xe0, 0x20, 0x1, 0x33, 0x39,
    0x17, 0x33, 0x90, 0x0, 0x25, 0xe4, 0x66, 0x13,
    0x38, 0xb8, 0x40, 0x30, 0x89, 0x80, 0x3c, 0xe6,
    0x40, 0x1d, 0x74, 0x1, 0xeb, 0x90, 0xf, 0x39,
    0x10, 0x3, 0x21, 0x38, 0x7, 0x85, 0xcc, 0x3,
    0xa4, 0x3, 0x95, 0x6d, 0x45, 0x62, 0x51, 0x35,
    0x58, 0x4a, 0x23, 0xc6, 0xb1, 0x1e, 0x32, 0xdd,
    0xf2, 0xbe, 0xef, 0x88, 0x3, 0xff, 0xe8,

    /* U+5E74 "年" */
    0x0, 0xc2, 0x1, 0xff, 0xc3, 0xc8, 0x0, 0xff,
    0xe0, 0xa9, 0x72, 0x27, 0xe2, 0x0, 0xd0, 0x37,
    0x32, 0xba, 0x99, 0xca, 0x1, 0x59, 0xfe, 0xec,
    0x93, 0xbb, 0x9c, 0x1, 0x29, 0xa2, 0x1, 0xff,
    0xc0, 0xfb, 0x4f, 0xfc, 0x91, 0xff, 0x88, 0x0,
    0xc8, 0x7, 0xbb, 0x1b, 0x6e, 0xe2, 0x0, 0xe7,
    0x22, 0x9f, 0x88, 0xb0, 0x7, 0xff, 0x1d, 0x55,
    0xac, 0xab, 0x36, 0xaa, 0xf1, 0x4, 0xc9, 0x86,
    0x66, 0x24, 0x99, 0xe7, 0xc, 0xcf, 0x92, 0x73,
    0x39, 0x40, 0x3f, 0xfa, 0x80,

    /* U+5EB7 "康" */
    0x0, 0xf8, 0xd4, 0x3, 0xff, 0x84, 0xf4, 0x40,
    0x1f, 0xf, 0xff, 0x58, 0x6f, 0xff, 0x28, 0x5,
    0xdf, 0xf8, 0x6b, 0xff, 0x94, 0x2, 0x17, 0xbb,
    0x86, 0x2e, 0xf0, 0x7, 0x9e, 0xee, 0x18, 0xbb,
    0x7a, 0x80, 0x73, 0x6e, 0xe1, 0xbd, 0xd5, 0xf,
    0x38, 0x18, 0x36, 0xee, 0x1b, 0xdd, 0x50, 0xfb,
    0x80, 0x80, 0x22, 0xaa, 0x19, 0xaa, 0x40, 0x8,
    0x1, 0xc4, 0x1, 0xd1, 0x1, 0x58, 0x87, 0xb0,
    0x80, 0x4, 0x83, 0x69, 0x88, 0x19, 0x81, 0xe8,
    0x60, 0xd, 0x50, 0x5d, 0xec, 0x17, 0x9d, 0x9c,
    0x20, 0x2, 0x79, 0x46, 0x8f, 0x8e, 0x60, 0xe1,
    0x40, 0x4, 0x6f, 0x3, 0x96, 0x60, 0x1, 0xc9,
    0xef, 0x41, 0x61, 0xa9, 0x3f, 0xf1, 0xa8, 0x1,
    0x2f, 0x90,

    /* U+5ED6 "廖" */
    0x0, 0xfc, 0xa0, 0x1f, 0xfc, 0x3b, 0x30, 0xf,
    0x87, 0xff, 0xc3, 0x9f, 0xfc, 0xa0, 0x17, 0xf7,
    0x7f, 0xbd, 0x40, 0x35, 0x55, 0xbf, 0x35, 0x57,
    0xa0, 0x7, 0x48, 0x4f, 0x4, 0xf, 0xda, 0x80,
    0x78, 0xa6, 0xa0, 0x1, 0x5b, 0xa, 0x1, 0xe8,
    0xe0, 0xe3, 0x8d, 0xb, 0x20, 0x8, 0xc0, 0x17,
    0x93, 0xa2, 0x6d, 0x47, 0xea, 0x0, 0x10, 0x3,
    0x57, 0xfb, 0x7a, 0x3f, 0x10, 0x80, 0xe, 0x53,
    0xdf, 0x83, 0xa2, 0x79, 0xff, 0x8, 0x13, 0x4d,
    0x84, 0x96, 0x96, 0x99, 0xa3, 0x4, 0x3c, 0xc0,
    0xf, 0xbd, 0xa3, 0x85, 0x46, 0x1, 0x26, 0x80,
    0x4, 0x27, 0xe, 0xf3, 0x6, 0x0, 0x32, 0x50,
    0x2b, 0xcf, 0xee, 0x7e, 0xb0, 0x4, 0x78, 0x0,
    0x3e, 0xe6, 0x75, 0x28, 0x7, 0x0,

    /* U+5EFA "建" */
    0xf, 0xfb, 0x88, 0x2, 0xb6, 0x0, 0xf7, 0x72,
    0x4, 0xeb, 0xfc, 0x93, 0xff, 0x0, 0x42, 0x2a,
    0x71, 0xaf, 0xf2, 0x4f, 0xf8, 0x3, 0x94, 0xe6,
    0xbf, 0xe4, 0x9f, 0xf0, 0x78, 0x80, 0xdc, 0x5,
    0x7f, 0xc9, 0x3f, 0xe0, 0xf1, 0xa, 0x19, 0xe4,
    0xce, 0xe2, 0x4f, 0x78, 0x6, 0x9f, 0xf0, 0x2e,
    0x77, 0x12, 0x3b, 0xfc, 0x1, 0x39, 0x10, 0x6,
    0xee, 0x5a, 0xbb, 0x90, 0x0, 0x54, 0xe6, 0x13,
    0x31, 0x2c, 0xcc, 0xa0, 0x5, 0x6f, 0xb1, 0x33,
    0x83, 0xcc, 0xe0, 0x8, 0x91, 0x55, 0x39, 0x91,
    0xce, 0x66, 0x0, 0x88, 0x2a, 0x37, 0x64, 0x8d,
    0xdc, 0x0, 0x37, 0x72, 0xf4, 0x2a, 0x9, 0x88,
    0xe0, 0x2c, 0x88, 0x6d, 0x97, 0x4a, 0x57, 0x76,
    0x22, 0x63, 0x80, 0x16, 0xaf, 0x7b, 0xff, 0x88,

    /* U+5F20 "张" */
    0x7f, 0xfb, 0x0, 0xbc, 0x3, 0x53, 0x3, 0xf7,
    0x24, 0x3, 0xe6, 0x47, 0x0, 0x8, 0x8c, 0x3,
    0xc7, 0x36, 0x20, 0x2, 0x28, 0x3, 0x93, 0x21,
    0x40, 0x5, 0xba, 0x80, 0xc, 0x57, 0x2e, 0x1,
    0x8, 0xbf, 0xd8, 0x2c, 0x0, 0xb7, 0x11, 0x81,
    0xc8, 0x2, 0xeb, 0xd, 0xbe, 0xec, 0xa4, 0x6,
    0x77, 0x60, 0x75, 0xf, 0x74, 0xa0, 0x3d, 0xbc,
    0x22, 0x1, 0x51, 0x51, 0x10, 0x36, 0xea, 0x4,
    0x3, 0x9b, 0xc0, 0x3c, 0x2e, 0x1, 0xd6, 0x86,
    0x1, 0xdc, 0x40, 0x18, 0xc5, 0xf8, 0x40, 0x21,
    0x4f, 0x6, 0xd, 0xd3, 0xc0, 0xe1, 0x27, 0xf0,
    0xb8, 0x7a, 0x4f, 0x20, 0x63, 0x82, 0x7f, 0xb0,
    0x42, 0xec, 0x80, 0x1a, 0x88,

    /* U+5F3A "强" */
    0x1f, 0xfe, 0xb, 0xff, 0xf1, 0x0, 0xf7, 0x58,
    0x1, 0x4f, 0xfe, 0x0, 0xc2, 0x31, 0x0, 0x46,
    0x1, 0xf8, 0x8c, 0xc8, 0x1, 0x5e, 0x66, 0x0,
    0xd3, 0x98, 0xa0, 0x4, 0xe7, 0x14, 0xf6, 0x90,
    0x1, 0xeb, 0xfe, 0x2, 0x28, 0x4, 0x88, 0x1,
    0x13, 0x0, 0x6f, 0xf8, 0x6f, 0xfd, 0x20, 0x22,
    0x55, 0x90, 0x1, 0xfe, 0x1c, 0xf8, 0x0, 0x1a,
    0xe7, 0xcc, 0x80, 0x3f, 0xc5, 0x55, 0x48, 0x80,
    0x3f, 0xc3, 0x9f, 0x0, 0x1e, 0x27, 0xf, 0xf8,
    0x6f, 0x62, 0x40, 0x3b, 0x88, 0x3, 0x9c, 0xe1,
    0x0, 0x21, 0x24, 0xf1, 0x23, 0x41, 0xa9, 0x29,
    0x0, 0x17, 0x68, 0xbd, 0x6e, 0xa1, 0x47, 0xa4,
    0x10, 0xb, 0xfd, 0x83, 0x7f, 0xd9, 0x50, 0xc9,
    0x88,

    /* U+5F55 "录" */
    0x0, 0xff, 0xe2, 0x6f, 0xff, 0xf8, 0x80, 0x2c,
    0xdd, 0xfd, 0x60, 0x60, 0x10, 0x91, 0x7e, 0x70,
    0xe, 0x5f, 0xff, 0xd8, 0x2, 0x1, 0x2e, 0xef,
    0xe9, 0x0, 0xc4, 0x40, 0xf, 0xc2, 0x22, 0x20,
    0x7e, 0x67, 0x6e, 0xb3, 0x12, 0x19, 0x80, 0xda,
    0xbe, 0xe9, 0x93, 0xba, 0xbb, 0x70, 0x5, 0x18,
    0x40, 0x4, 0x60, 0x9b, 0x10, 0x9, 0x35, 0x28,
    0x54, 0xe3, 0x4f, 0xd0, 0x3, 0xb4, 0xf8, 0x97,
    0x4f, 0x4, 0x2, 0x39, 0xe9, 0xdf, 0x70, 0x3d,
    0x8c, 0x40, 0x2, 0x6, 0xe3, 0x1, 0x0, 0xf,
    0x92, 0xb4, 0x1e, 0x4c, 0x37, 0xd7, 0x40, 0x28,
    0xef, 0x0,

    /* U+5F64 "彤" */
    0x0, 0xff, 0xe0, 0xa9, 0x0, 0x55, 0xff, 0xd4,
    0x1, 0x2d, 0x30, 0x6, 0x8e, 0xe9, 0xc0, 0x25,
    0xaa, 0x20, 0x7, 0x48, 0xf, 0x80, 0x26, 0xa8,
    0xa0, 0x1c, 0x22, 0x80, 0x8, 0x4b, 0x54, 0x3,
    0xe8, 0x61, 0x0, 0xd, 0x90, 0x35, 0x0, 0x70,
    0xab, 0x80, 0x72, 0x4f, 0x0, 0xd, 0xbc, 0xf9,
    0x79, 0x8c, 0x12, 0xa5, 0x0, 0x74, 0xdb, 0x6b,
    0x58, 0xfe, 0x2e, 0x18, 0x0, 0x3c, 0x95, 0xdd,
    0x42, 0xe9, 0xeb, 0x1, 0x0, 0x4c, 0x20, 0x1c,
    0x36, 0x40, 0x7a, 0x60, 0x2, 0x60, 0xf, 0xc3,
    0xcc, 0x60, 0x40, 0x40, 0x1f, 0x16, 0x34, 0x80,
    0x29, 0x0, 0x21, 0xf0, 0x2, 0xe3, 0x58, 0x0,
    0x5e, 0x0, 0x5, 0xcd, 0x95, 0x49, 0xb0, 0x8,
    0x74, 0xc0, 0x5, 0xfc, 0xd7, 0xce, 0x1, 0x80,

    /* U+5F6D "彭" */
    0x0, 0xcf, 0x60, 0x1e, 0x1c, 0x40, 0x1e, 0xea,
    0x13, 0xba, 0x50, 0x3f, 0x54, 0x1, 0xee, 0xa1,
    0x7b, 0xa5, 0x9c, 0x99, 0x0, 0x4f, 0x76, 0xa4,
    0xbb, 0x84, 0x35, 0xc0, 0x32, 0xc4, 0x3b, 0x62,
    0x21, 0x92, 0x7, 0x90, 0x1, 0x8, 0xf8, 0x80,
    0x27, 0x9a, 0x0, 0x2e, 0xf7, 0x6c, 0xb0, 0x4,
    0xcb, 0xc, 0x2, 0x4c, 0xcd, 0x20, 0x3c, 0x7e,
    0x40, 0x19, 0x37, 0x74, 0x80, 0xe5, 0x8, 0x18,
    0x1, 0x6a, 0x9b, 0xab, 0x7a, 0x2, 0x0, 0x36,
    0x10, 0x1, 0xe4, 0x1, 0xbc, 0x1, 0x92, 0x68,
    0x80, 0x4, 0x50, 0xa0, 0xba, 0x3, 0xdd, 0x28,
    0xb, 0xcb, 0xe7, 0xd, 0x6e, 0x6d, 0x62, 0x80,
    0x7, 0x47, 0x75, 0xdc, 0xca, 0x35, 0xd3, 0x0,
    0xd5, 0xc, 0x62, 0x1, 0x5c, 0x0, 0x70,

    /* U+5F90 "徐" */
    0x0, 0xff, 0x8, 0x7, 0xea, 0xa0, 0x6, 0x8d,
    0x0, 0xfa, 0x1e, 0x80, 0x24, 0x62, 0x50, 0xe,
    0xa5, 0xc0, 0x8, 0xea, 0x9b, 0x4a, 0x1, 0x18,
    0xe9, 0xf0, 0xae, 0x5a, 0x1d, 0xda, 0x0, 0x7,
    0x61, 0xcf, 0x76, 0x71, 0x44, 0x4, 0xbe, 0x88,
    0x2, 0x4e, 0x73, 0xcb, 0xe6, 0xbf, 0x2a, 0x82,
    0x14, 0xc0, 0x6, 0x1a, 0xba, 0x5b, 0xb2, 0xb8,
    0x3a, 0x50, 0x0, 0x8c, 0xee, 0x73, 0x3c, 0xd,
    0x8e, 0x0, 0xae, 0xe9, 0xcf, 0xba, 0xf0, 0x12,
    0x0, 0xa3, 0x27, 0x65, 0x37, 0xb3, 0x0, 0x1f,
    0x5e, 0x80, 0x64, 0xc0, 0xf, 0x91, 0x10, 0x1,
    0x9d, 0xd2, 0x1, 0xe8, 0xa0, 0x1e, 0x0, 0xad,
    0x44, 0x3, 0xb1, 0x11, 0xcf, 0xa0, 0x1, 0xc1,
    0x0, 0x17, 0x80, 0x4b, 0xfc, 0xc0, 0x1c,

    /* U+5FC3 "心" */
    0x0, 0xe2, 0xa1, 0x0, 0xff, 0xe0, 0x98, 0xf9,
    0x80, 0x7f, 0xf0, 0x6, 0xdb, 0x14, 0x3, 0xff,
    0x83, 0x13, 0x48, 0x1, 0xfc, 0x9c, 0x0, 0x6b,
    0x40, 0xf, 0xa8, 0x80, 0x40, 0x24, 0x0, 0x5b,
    0x80, 0x42, 0xa0, 0x1f, 0xdb, 0x20, 0x11, 0x1,
    0x0, 0x7e, 0x61, 0x50, 0x2, 0x18, 0x7, 0xf9,
    0x7c, 0x1, 0x8a, 0x1, 0xf8, 0xc3, 0xd4, 0x5,
    0x30, 0x3, 0xf7, 0xb2, 0x1, 0x83, 0x28, 0x7,
    0xe1, 0x21, 0xd3, 0x19, 0x0, 0x38, 0x21, 0x8,
    0x90, 0x94, 0x8, 0x3, 0x8d, 0x2f, 0x7b, 0x94,
    0xe2, 0x1, 0x0,

    /* U+5FD7 "志" */
    0x0, 0xfa, 0xa4, 0x3, 0xf1, 0x17, 0x84, 0xc8,
    0xbc, 0x3, 0xbb, 0xe4, 0x5d, 0xdf, 0x10, 0xff,
    0xf9, 0x5b, 0xff, 0xc4, 0x1, 0xff, 0xc6, 0x22,
    0xe1, 0x32, 0x2e, 0x0, 0xdb, 0xbc, 0x8b, 0xbb,
    0xc4, 0x1, 0x7f, 0xe9, 0xaf, 0xff, 0x10, 0x7,
    0x8, 0x8a, 0xec, 0x20, 0x1f, 0xad, 0x2e, 0x53,
    0x87, 0xc8, 0x35, 0x40, 0x21, 0x45, 0x0, 0xd5,
    0x4, 0x17, 0x60, 0xa, 0x4c, 0x40, 0x39, 0x82,
    0x88, 0x18, 0x0, 0xf2, 0x0, 0x21, 0x1c, 0x68,
    0xf3, 0x0, 0xc, 0x50, 0xe4, 0xee, 0xd8, 0xa6,
    0xd4, 0x0,

    /* U+601D "思" */
    0x0, 0x77, 0xff, 0xf8, 0xc0, 0x35, 0xf7, 0x43,
    0x5d, 0xd0, 0x80, 0x73, 0x88, 0xc0, 0x23, 0x80,
    0x3d, 0xbb, 0x86, 0xb7, 0x61, 0x0, 0xeb, 0xff,
    0x86, 0x3f, 0xe1, 0x0, 0xe6, 0x22, 0x80, 0x8b,
    0x0, 0x7b, 0xb3, 0x21, 0x9c, 0xc8, 0x40, 0x35,
    0x4c, 0x42, 0xed, 0x31, 0x15, 0x90, 0x4, 0x89,
    0xaa, 0x19, 0x13, 0x8, 0x5, 0x45, 0x49, 0xab,
    0xa8, 0x5, 0xc2, 0x0, 0x35, 0x27, 0x10, 0x99,
    0x68, 0x12, 0xd0, 0x2, 0x54, 0x3, 0x9a, 0x5a,
    0xa8, 0x88, 0x35, 0x80, 0x1d, 0x11, 0xd8, 0x62,
    0xbe, 0x76, 0x41, 0x4d, 0xdd, 0x9e, 0xc2, 0xe8,

    /* U+6021 "怡" */
    0x0, 0xff, 0xe3, 0x17, 0x80, 0x76, 0x30, 0x7,
    0xff, 0x5, 0x89, 0xc0, 0x3e, 0x10, 0x52, 0x0,
    0x44, 0x4, 0xe4, 0x3, 0x63, 0x6, 0xd8, 0x41,
    0x30, 0x1a, 0x38, 0x4, 0x6c, 0x14, 0xc8, 0xfc,
    0x0, 0x18, 0x81, 0x81, 0x10, 0x40, 0x9a, 0xc3,
    0x3f, 0xdd, 0x63, 0xe0, 0x88, 0x0, 0xa6, 0x2a,
    0x9b, 0xdf, 0xdc, 0x2, 0x69, 0x0, 0xce, 0xe6,
    0x3, 0x22, 0xb0, 0x80, 0x3c, 0x5b, 0xbe, 0xc0,
    0xf, 0xf7, 0xfe, 0xc0, 0xf, 0xfe, 0xfa, 0x27,
    0x0, 0x7f, 0xd1, 0x1a, 0xc0, 0x20,

    /* U+6025 "急" */
    0x0, 0xe3, 0x0, 0xff, 0xe1, 0x46, 0x88, 0x7,
    0xff, 0x1, 0x9c, 0x7b, 0xfe, 0xd0, 0xf, 0xa6,
    0x2f, 0xfe, 0xd1, 0x90, 0xe, 0x1d, 0x61, 0xae,
    0xeb, 0x46, 0xbb, 0x80, 0x10, 0xd7, 0x73, 0xff,
    0x77, 0x3e, 0x84, 0x3, 0x38, 0x80, 0x7f, 0xf0,
    0xc7, 0x77, 0xf4, 0x80, 0x78, 0x73, 0x3f, 0x70,
    0x7, 0xa7, 0xff, 0xf6, 0x0, 0x7a, 0x7f, 0xec,
    0x4f, 0xfd, 0xc2, 0x1, 0xac, 0x75, 0xc, 0x70,
    0x2, 0x8a, 0x0, 0x9d, 0x84, 0xc0, 0x14, 0xe,
    0x13, 0x6a, 0xa0, 0x18, 0x80, 0x0, 0x84, 0x5c,
    0xc8, 0xc7, 0x30, 0x0, 0x85, 0x6, 0x8e, 0xe6,
    0xf5, 0xb0, 0xb4, 0x80,

    /* U+6027 "性" */
    0x0, 0x1f, 0x80, 0x46, 0x22, 0xe1, 0x0, 0xff,
    0xb1, 0x40, 0x40, 0x3c, 0x6e, 0x10, 0x6, 0xa,
    0x60, 0x60, 0x1d, 0xc2, 0x2, 0xf6, 0x1d, 0xa1,
    0xbf, 0xec, 0x0, 0x18, 0x85, 0xd3, 0x57, 0x60,
    0x67, 0x73, 0x40, 0xd5, 0xc0, 0x94, 0xd4, 0x48,
    0x8, 0x46, 0x7, 0xd0, 0xa, 0x7c, 0x3, 0xf9,
    0x18, 0x2, 0x14, 0xcc, 0x68, 0x6e, 0x61, 0x40,
    0x3e, 0x49, 0x95, 0x5, 0x4c, 0x9c, 0x3, 0xe2,
    0x55, 0x38, 0x3a, 0xa8, 0x80, 0x3f, 0xfb, 0x44,
    0x67, 0x20, 0x21, 0x9c, 0x1, 0xe9, 0xdd, 0xac,
    0x6f, 0x76, 0x10,

    /* U+606F "息" */
    0x0, 0xf9, 0x54, 0x1, 0xff, 0xc2, 0xb3, 0x0,
    0xff, 0x77, 0xfc, 0x33, 0xff, 0x70, 0x7, 0xd9,
    0xff, 0xeb, 0x0, 0xfd, 0x9d, 0xde, 0xb0, 0xf,
    0xd9, 0xdd, 0xeb, 0x0, 0xfd, 0xf7, 0x7e, 0x80,
    0xf, 0xd3, 0x3f, 0x50, 0x7, 0xe1, 0x33, 0xf8,
    0x3, 0xe2, 0x9c, 0xc7, 0xe6, 0x50, 0x40, 0x1c,
    0x39, 0xf9, 0xa7, 0x1b, 0xb8, 0xc0, 0x37, 0x97,
    0xa0, 0x7d, 0xa8, 0x1, 0xf4, 0x40, 0xe, 0x64,
    0x1, 0x15, 0x0, 0x29, 0x4a, 0x0, 0x66, 0x0,
    0x1a, 0x22, 0x54, 0x34, 0x8, 0x70, 0x1b, 0x50,
    0xb6, 0xee, 0xd8, 0xa6, 0x9c, 0x0,

    /* U+610F "意" */
    0x0, 0xf8, 0x84, 0x3, 0xff, 0x83, 0x74, 0x1,
    0xf0, 0xf7, 0x5f, 0xce, 0xbd, 0xfd, 0xd0, 0x80,
    0xf7, 0x25, 0x7b, 0xb2, 0x3f, 0x70, 0x41, 0xe6,
    0x5a, 0xb3, 0x39, 0xe, 0x65, 0x0, 0x79, 0x8f,
    0xac, 0xcd, 0x5f, 0x98, 0xd0, 0x45, 0x88, 0xfe,
    0xb5, 0x50, 0x4, 0x5f, 0xbb, 0xec, 0x10, 0xf,
    0x7e, 0x67, 0xc0, 0x1f, 0x7e, 0x67, 0xc0, 0x1e,
    0x3f, 0xdd, 0x7e, 0xed, 0x84, 0x1, 0x8a, 0x72,
    0xbc, 0xdf, 0x37, 0x48, 0x20, 0x14, 0xe9, 0x49,
    0x61, 0x39, 0x9b, 0xb0, 0x0, 0xed, 0x0, 0x22,
    0x8, 0x6a, 0xb7, 0x69, 0x1, 0xf0, 0x33, 0x77,
    0xfc, 0xf6, 0x15, 0x60,

    /* U+613F "愿" */
    0x1, 0xff, 0xff, 0xe0, 0x50, 0x6, 0xff, 0xe2,
    0xdf, 0xfd, 0x40, 0x1c, 0x79, 0x91, 0x76, 0x65,
    0x60, 0x1e, 0x70, 0xcc, 0x7e, 0x65, 0xea, 0x1,
    0xf1, 0xdd, 0xfb, 0xc0, 0x3f, 0x1d, 0xdf, 0xbc,
    0x3, 0x18, 0x1, 0xc3, 0x31, 0xfb, 0x98, 0xf5,
    0x0, 0x84, 0x40, 0x6a, 0x98, 0x73, 0x81, 0x76,
    0x0, 0x9c, 0xcd, 0xa5, 0x26, 0x20, 0xd, 0xd6,
    0x10, 0x0, 0x58, 0xae, 0xc1, 0xe, 0xa0, 0x35,
    0x26, 0x0, 0xd2, 0x1c, 0x1b, 0xb3, 0xa0, 0x1,
    0x38, 0x40, 0x7, 0xea, 0xc2, 0xe1, 0xf6, 0x64,
    0x0, 0x60, 0x14, 0x44, 0x50, 0x18, 0x17, 0x1d,
    0x7c, 0xd0, 0x29, 0x94, 0x30, 0x2f, 0xfe, 0x7e,
    0x2c, 0x4, 0xd0, 0x50, 0x5, 0xff, 0xf2, 0x80,
    0x40,

    /* U+6162 "慢" */
    0x0, 0x1f, 0x0, 0x13, 0xb3, 0x3b, 0xcc, 0x3,
    0xf3, 0xe6, 0x70, 0x6, 0x10, 0x2, 0x98, 0x3d,
    0x57, 0x0, 0x6a, 0x60, 0x3a, 0x2, 0xcc, 0xe0,
    0xc, 0xcc, 0x4, 0x42, 0xc1, 0x17, 0x59, 0x0,
    0x71, 0x77, 0x22, 0xe6, 0x2e, 0x63, 0x80, 0xdc,
    0x2, 0x11, 0x61, 0xfe, 0x16, 0x60, 0x0, 0x74,
    0x1, 0x86, 0x8a, 0x68, 0xaa, 0xc0, 0x3e, 0x2d,
    0x8c, 0x98, 0xd9, 0x8d, 0x0, 0xf3, 0x6e, 0xb3,
    0x36, 0xe2, 0x0, 0x79, 0xbd, 0x5b, 0xb9, 0xe6,
    0x8c, 0x1, 0xfa, 0x8b, 0x63, 0xee, 0xc0, 0x1f,
    0xa, 0x43, 0x12, 0x86, 0xb9, 0x80, 0x7b, 0x64,
    0x67, 0xf7, 0x37, 0x35, 0x0, 0x7, 0xc1, 0x9b,
    0x2a, 0x0, 0x27, 0xbe, 0x40,

    /* U+6167 "慧" */
    0x9c, 0xdf, 0xcc, 0x15, 0xe7, 0x73, 0x30, 0x97,
    0x34, 0x13, 0x22, 0x89, 0x42, 0x99, 0x20, 0x97,
    0x1, 0x10, 0x18, 0x84, 0x44, 0x40, 0xad, 0x20,
    0xdd, 0x2f, 0xeb, 0x9e, 0xe9, 0xa2, 0xfc, 0x6e,
    0xcb, 0x10, 0x45, 0x88, 0x38, 0x98, 0x11, 0x98,
    0x80, 0x1e, 0x40, 0x42, 0xe, 0x76, 0xab, 0xc1,
    0xda, 0x60, 0x7, 0xbb, 0xfe, 0x0, 0xc5, 0x99,
    0xfc, 0x1, 0xab, 0x77, 0xf8, 0x84, 0x1, 0x39,
    0x37, 0xa3, 0x5b, 0xb4, 0xb0, 0x3, 0x57, 0x30,
    0x1b, 0x68, 0x2a, 0x34, 0x2e, 0x69, 0xe2, 0x3,
    0x88, 0xf0, 0xa5, 0x23, 0x20, 0x8b, 0xff, 0xa6,
    0xc2, 0x3c,

    /* U+6234 "戴" */
    0x0, 0xc9, 0xa0, 0x12, 0x72, 0x38, 0x6, 0x5f,
    0xf5, 0x97, 0xfb, 0x40, 0xb, 0x76, 0x0, 0x97,
    0xfd, 0x45, 0xfe, 0xd0, 0x0, 0xee, 0x0, 0x13,
    0xba, 0xb3, 0xee, 0xa8, 0x7b, 0xe7, 0x41, 0x32,
    0xef, 0xd5, 0xe1, 0xfd, 0xcd, 0x0, 0x27, 0x9,
    0x48, 0x9c, 0x88, 0x18, 0x71, 0x0, 0x4d, 0xd8,
    0x5d, 0xa0, 0x1, 0x63, 0x12, 0x0, 0x87, 0xcc,
    0xdf, 0x80, 0x2, 0x22, 0x20, 0x2, 0x78, 0x90,
    0x9b, 0x19, 0x5, 0xfb, 0xc0, 0xa, 0x60, 0x96,
    0x6, 0xe0, 0x71, 0xcd, 0x80, 0x28, 0xc5, 0x9c,
    0x2f, 0xc1, 0x71, 0x51, 0x0, 0x16, 0xe9, 0x67,
    0x43, 0xf5, 0x90, 0x30, 0x14, 0x4b, 0x68, 0x33,
    0xc2, 0x73, 0xe1, 0xe1, 0x6c, 0xc2, 0x73, 0xc4,
    0xbb, 0x8a, 0x5f, 0x13, 0x6a, 0x41, 0x36, 0x20,
    0x3, 0xa4, 0xb1, 0x7, 0xeb, 0x0,

    /* U+624B "手" */
    0x0, 0xff, 0x85, 0x40, 0x38, 0x49, 0x15, 0x9e,
    0x73, 0xb9, 0x8, 0x1, 0xbf, 0x26, 0x5b, 0x4b,
    0x3b, 0xfa, 0x80, 0x1b, 0xb9, 0xb9, 0x68, 0xca,
    0x60, 0x1f, 0xfc, 0xa1, 0xff, 0xe6, 0x5f, 0xfe,
    0x50, 0x0, 0xee, 0xf2, 0xa6, 0xef, 0x20, 0x4,
    0x45, 0xc6, 0x24, 0x5c, 0x20, 0x2, 0x2f, 0x18,
    0x91, 0x78, 0xf, 0x77, 0xca, 0x9b, 0xbe, 0x33,
    0x7f, 0xf9, 0x97, 0xff, 0xc6, 0x1, 0xff, 0xd8,
    0x32, 0x28, 0xc0, 0x3f, 0xe8, 0xdd, 0x35, 0x0,
    0x7c,

    /* U+6253 "打" */
    0x0, 0xaa, 0x0, 0x3f, 0xf8, 0xa5, 0xbb, 0xfa,
    0x40, 0x88, 0x22, 0x20, 0xee, 0xca, 0x7d, 0xcb,
    0x1d, 0xd2, 0x36, 0xc9, 0x9e, 0xd0, 0x33, 0x10,
    0xff, 0x95, 0xfe, 0xc0, 0x3f, 0xfa, 0x22, 0x8c,
    0x1, 0xfe, 0x37, 0x46, 0xae, 0x0, 0xfe, 0x1c,
    0xb3, 0x6e, 0x80, 0xf, 0xe1, 0xfc, 0x71, 0x0,
    0xff, 0xf0, 0x8, 0xc0, 0x18, 0x8c, 0xb4, 0xc0,
    0x33, 0xf2, 0xd8, 0x4, 0xf9, 0xad, 0x40, 0x19,
    0xbf, 0x8c, 0x2, 0x5e, 0xfe, 0x70, 0x8,

    /* U+6297 "抗" */
    0x0, 0xff, 0xe3, 0xf8, 0x80, 0x6c, 0x70, 0xf,
    0xfe, 0x14, 0xc8, 0x3, 0xc4, 0x60, 0x44, 0x68,
    0x86, 0xac, 0x46, 0x13, 0xdc, 0xc, 0xc0, 0x8,
    0xc4, 0x23, 0x80, 0xff, 0xc1, 0xdc, 0x69, 0x9f,
    0xc2, 0x1, 0xf2, 0x7f, 0xf0, 0x7, 0xc4, 0xc0,
    0x1, 0xdd, 0x58, 0x7, 0x2c, 0x86, 0x68, 0x80,
    0x8, 0x8c, 0x1, 0x96, 0xcc, 0x36, 0xc4, 0x3,
    0xf9, 0x7a, 0x80, 0xc0, 0x4, 0x40, 0xf, 0xfe,
    0x16, 0x20, 0x7, 0x28, 0x80, 0x78, 0xd6, 0xc0,
    0x3b, 0xc8, 0x4, 0xc0, 0x5, 0xcc, 0x60, 0x18,
    0x98, 0x43, 0x30, 0x83, 0xf, 0x20, 0x11, 0x26,
    0xb9, 0x6, 0xfd, 0x85, 0x50, 0x3, 0xaf, 0xec,
    0x0,

    /* U+62A4 "护" */
    0x0, 0xbc, 0x80, 0x31, 0xe0, 0x80, 0x7f, 0xf0,
    0xd, 0xb4, 0x3, 0x11, 0x1, 0xc8, 0x22, 0x64,
    0x3, 0x32, 0x82, 0xdd, 0x5, 0x68, 0x30, 0x7e,
    0x5f, 0x83, 0x17, 0xf8, 0x37, 0xc0, 0x1a, 0xcd,
    0xb4, 0x3, 0xff, 0x92, 0x20, 0xc, 0x44, 0xd8,
    0x1, 0x20, 0x7f, 0x8, 0x96, 0x67, 0x30, 0x1f,
    0xc0, 0x47, 0x80, 0x3f, 0x77, 0x63, 0x1f, 0xe0,
    0x38, 0x10, 0x10, 0x6, 0x28, 0x0, 0xf2, 0x90,
    0x7, 0xff, 0x6, 0x90, 0x3, 0xf0, 0x90, 0x1,
    0x4e, 0x80, 0x3f, 0x5e, 0x99, 0x6b, 0x98, 0x7,
    0xea, 0xfc, 0x8, 0x80, 0x7, 0xe0,

    /* U+62D2 "拒" */
    0x0, 0xbc, 0x41, 0x3f, 0xfe, 0xd0, 0xf, 0xed,
    0xdf, 0x78, 0x13, 0xb8, 0x25, 0xc0, 0x4, 0x5f,
    0x0, 0xdd, 0x2, 0xd8, 0x7, 0xf8, 0xf3, 0x43,
    0x30, 0x0, 0xff, 0xf0, 0x7, 0xfb, 0x77, 0x58,
    0x7, 0xc8, 0xe2, 0x4, 0x59, 0x40, 0x21, 0x6b,
    0xb, 0xe0, 0xf, 0xf2, 0xd1, 0x87, 0xc8, 0x86,
    0xee, 0xc0, 0x9, 0x32, 0x0, 0x3a, 0x67, 0xac,
    0x3, 0xfc, 0x89, 0xe0, 0xf, 0xfe, 0x38, 0x90,
    0x7, 0x22, 0x7c, 0x21, 0xba, 0x41, 0x0, 0xd,
    0x57, 0xc4,

    /* U+62E8 "拨" */
    0x0, 0x27, 0x0, 0x4a, 0x43, 0xc2, 0x64, 0x1,
    0xfd, 0x42, 0xa0, 0x2f, 0x88, 0x0, 0x5c, 0x15,
    0x26, 0x43, 0xc4, 0x4, 0xd0, 0x0, 0xf2, 0x7,
    0x3c, 0x2e, 0xba, 0x6e, 0xba, 0x50, 0x6e, 0x6,
    0xd6, 0xb6, 0xc2, 0xbb, 0xb2, 0x80, 0x79, 0xf,
    0xc9, 0xc, 0xf0, 0x80, 0x61, 0x20, 0x16, 0x2f,
    0xfc, 0xc0, 0x3, 0xd1, 0xe5, 0x6, 0x7, 0xee,
    0x58, 0x38, 0x1e, 0xa8, 0x7b, 0x8c, 0xab, 0x98,
    0xf2, 0x88, 0x1f, 0x40, 0x80, 0x28, 0xa9, 0xf9,
    0x92, 0xc0, 0x3e, 0xa5, 0xe0, 0x81, 0x9a, 0x10,
    0xf, 0x13, 0xe1, 0x4, 0x91, 0x3c, 0x40, 0x22,
    0x30, 0x2d, 0x37, 0xe5, 0xdc, 0xf, 0x70, 0x4,
    0xc3, 0x0, 0x12, 0xaf, 0x8, 0x6e, 0x24, 0xc2,
    0xfe, 0x0, 0xb, 0xaa, 0x1, 0x9b, 0x8c,

    /* U+6301 "持" */
    0x0, 0xff, 0xe3, 0xf8, 0x80, 0x77, 0x18, 0x7,
    0xfc, 0x45, 0x3, 0x11, 0x4, 0x3, 0xe3, 0xdd,
    0x86, 0xb7, 0x56, 0x3, 0xfe, 0xe, 0xc3, 0xff,
    0x87, 0x3f, 0xd4, 0x3, 0xfc, 0x1b, 0x84, 0x58,
    0x18, 0x8a, 0x0, 0x84, 0xc, 0x37, 0x70, 0xd6,
    0xec, 0xc0, 0x1c, 0x5f, 0xfe, 0x3a, 0xf6, 0x0,
    0x28, 0x74, 0x91, 0x78, 0x48, 0x80, 0x7f, 0x61,
    0x57, 0xdb, 0xbc, 0x51, 0xaa, 0x79, 0xc0, 0x81,
    0x98, 0xbf, 0xf8, 0xeb, 0xd4, 0xc, 0x3, 0xd4,
    0x40, 0x1f, 0xfc, 0x13, 0x99, 0x0, 0x7c, 0x26,
    0x1, 0xcf, 0x24, 0x41, 0x0, 0xd1, 0x88, 0x20,
    0x18, 0xb3, 0x41, 0x0, 0x0,

    /* U+6309 "按" */
    0x0, 0xff, 0xe3, 0xf9, 0x0, 0x62, 0xf1, 0x0,
    0xff, 0x11, 0x98, 0x44, 0xc6, 0x70, 0x0, 0x88,
    0xe, 0x51, 0xd1, 0x5, 0xc8, 0x86, 0x18, 0xee,
    0x82, 0xb0, 0x2a, 0xfb, 0x97, 0x70, 0x80, 0xff,
    0x83, 0x7b, 0x48, 0x20, 0xc0, 0x24, 0x10, 0xf,
    0x2b, 0xa1, 0x29, 0x15, 0x6, 0x1, 0xc3, 0xba,
    0xb0, 0xcd, 0xdc, 0xe0, 0x1a, 0x33, 0x78, 0x33,
    0xfc, 0xad, 0xec, 0x57, 0xe0, 0x7c, 0x50, 0x66,
    0x0, 0x2e, 0x80, 0xf, 0x34, 0x2c, 0xc1, 0x5,
    0x1, 0xc9, 0x0, 0x2, 0xe4, 0x1, 0xb6, 0xeb,
    0x22, 0x40, 0x3f, 0xe6, 0x83, 0xe, 0x20, 0xc,
    0x20, 0x11, 0x3e, 0xde, 0x70, 0x6b, 0x80, 0x2b,
    0x8c, 0x82, 0x72, 0x34, 0xc6, 0xaa, 0x10, 0xaf,
    0xc0, 0x5, 0xd9, 0x40, 0x32, 0xe8, 0x80,

    /* U+6350 "捐" */
    0x0, 0xb5, 0x40, 0x13, 0xff, 0xe3, 0x0, 0xfd,
    0x1f, 0xf8, 0x40, 0x4, 0x40, 0x22, 0x8, 0x7,
    0xe1, 0xdd, 0x14, 0x6b, 0x85, 0x5d, 0xe1, 0x1,
    0xff, 0x15, 0x7b, 0x5f, 0x44, 0x6c, 0x30, 0xf,
    0xbb, 0xff, 0xd2, 0x1, 0x8d, 0x90, 0xe3, 0xff,
    0x29, 0x0, 0xa9, 0xcc, 0x88, 0x18, 0xcf, 0x8,
    0xf, 0x58, 0xbf, 0xb0, 0x6f, 0xfe, 0x70, 0x1d,
    0xe2, 0xd0, 0xb, 0xbf, 0xf4, 0x0, 0x8, 0x3,
    0xdd, 0xff, 0xa0, 0x3, 0xfb, 0xbf, 0xf3, 0x80,
    0x4, 0x46, 0x1, 0xf0, 0x8c, 0x0, 0x8e, 0x34,
    0x0, 0xf2, 0x73, 0xe8,

    /* U+63D0 "提" */
    0x0, 0x17, 0x80, 0xf, 0xfb, 0xbb, 0xcc, 0x3,
    0xf1, 0x77, 0x70, 0x80, 0x44, 0xc0, 0x42, 0x5,
    0x77, 0xc2, 0x0, 0x2d, 0xb0, 0xda, 0x1, 0x99,
    0xe1, 0x0, 0x17, 0xe8, 0x7d, 0x80, 0xdd, 0xf0,
    0x80, 0x7e, 0x3c, 0xaa, 0xec, 0x30, 0xe, 0x45,
    0xb8, 0x8f, 0xac, 0x41, 0xa4, 0x24, 0xff, 0xf2,
    0x77, 0xfc, 0x25, 0x62, 0x1a, 0xc9, 0x4a, 0x80,
    0x89, 0x80, 0xb6, 0x0, 0x24, 0x11, 0x0, 0x33,
    0x74, 0x80, 0x1f, 0x60, 0x10, 0x3, 0xbf, 0xc8,
    0x1, 0xf2, 0xaa, 0x44, 0x8, 0xa0, 0xc, 0x20,
    0x6, 0xa, 0x2c, 0x2, 0x11, 0x80, 0x19, 0x85,
    0x18, 0xe0, 0x9b, 0x3d, 0xee, 0x98, 0x37, 0xa8,
    0x78, 0xc0, 0xd, 0x9d, 0xff, 0x30,

    /* U+640F "搏" */
    0x0, 0xf, 0x80, 0x7b, 0xca, 0x68, 0xc0, 0x3e,
    0x88, 0xc1, 0x62, 0xd8, 0x80, 0x88, 0x4, 0x3c,
    0xcc, 0x1f, 0x91, 0x6c, 0x31, 0x0, 0x8a, 0x2a,
    0xa8, 0x22, 0xa9, 0x24, 0x39, 0x80, 0xc9, 0x7,
    0xee, 0x6, 0x76, 0x18, 0x7, 0xe7, 0xcc, 0x7,
    0x67, 0x80, 0x79, 0x54, 0xf, 0x98, 0xe, 0xcf,
    0x0, 0x96, 0x82, 0xc8, 0x1f, 0x30, 0x1f, 0x9e,
    0x0, 0x3a, 0x70, 0xe7, 0x7, 0xcc, 0x7, 0xfa,
    0x40, 0x7, 0xfa, 0x0, 0x8b, 0x4c, 0xc1, 0xf6,
    0x50, 0x48, 0x7, 0x57, 0x34, 0xff, 0xc4, 0xdb,
    0x60, 0x1c, 0x47, 0x96, 0x46, 0x61, 0xd3, 0x20,
    0x12, 0x0, 0xce, 0xd2, 0x0, 0x10, 0xd, 0x78,
    0xa0, 0x1a, 0x21, 0xde, 0xe, 0x0,

    /* U+652F "支" */
    0x0, 0xfb, 0x18, 0x3, 0xff, 0x99, 0xdf, 0xfc,
    0x73, 0xff, 0xd2, 0x0, 0xcd, 0xde, 0x27, 0xdd,
    0xe8, 0x0, 0x11, 0x78, 0x78, 0x8b, 0x84, 0x2,
    0x33, 0xe1, 0xe3, 0x38, 0x80, 0x31, 0x66, 0x71,
    0x3e, 0x65, 0xa2, 0x1, 0x17, 0xb9, 0xff, 0xf8,
    0xa0, 0x40, 0x3a, 0x6, 0x0, 0x34, 0x83, 0x80,
    0x7d, 0xce, 0xe0, 0x4, 0xbf, 0x0, 0x7e, 0x3c,
    0x9a, 0xc4, 0xc3, 0x0, 0xfe, 0x15, 0x51, 0xa1,
    0x80, 0x7c, 0x6f, 0x9a, 0x37, 0x29, 0xd4, 0xc6,
    0x0, 0x5f, 0xcb, 0x4d, 0xa4, 0x6d, 0xb3, 0xbc,
    0xe1, 0x5b, 0xfc, 0x82, 0x0, 0xc9, 0x3b, 0xd8,
    0x20,

    /* U+6545 "故" */
    0x0, 0x8b, 0xc0, 0x33, 0xd0, 0x7, 0xff, 0xa,
    0xf4, 0x3, 0xc2, 0x30, 0x8, 0xe3, 0x14, 0x4c,
    0x22, 0xee, 0x60, 0x77, 0x3d, 0x2, 0xe6, 0x57,
    0x48, 0x3f, 0xed, 0xf, 0xf7, 0x49, 0x6e, 0xb0,
    0x39, 0x40, 0x3e, 0x53, 0x21, 0x4, 0x30, 0x8,
    0x49, 0x80, 0x89, 0x70, 0x8e, 0x18, 0x80, 0x13,
    0xed, 0x86, 0xea, 0x1f, 0x68, 0x1f, 0x0, 0x32,
    0x7f, 0xc4, 0x40, 0x73, 0x92, 0x40, 0xf, 0xf8,
    0x59, 0x90, 0x1, 0xff, 0xc1, 0x20, 0x10, 0xe,
    0x4d, 0xd8, 0x80, 0x16, 0xf5, 0x43, 0x0, 0xc7,
    0xdd, 0x59, 0x73, 0x6a, 0xbe, 0x30, 0x0, 0xac,
    0xce, 0x79, 0x7d, 0x10, 0x88, 0x49, 0x82, 0x38,
    0x4, 0x7b, 0x20, 0x19, 0xf4, 0xc0,

    /* U+654F "敏" */
    0x0, 0x23, 0x0, 0x79, 0x8c, 0x3, 0xdd, 0xc0,
    0xf, 0x43, 0x80, 0x79, 0x1b, 0x77, 0x51, 0xa,
    0x80, 0x72, 0x96, 0xf7, 0x68, 0x70, 0x98, 0x88,
    0xc2, 0x28, 0x8b, 0xde, 0x26, 0x66, 0x68, 0x86,
    0x7b, 0xb6, 0xa, 0xa5, 0xd9, 0x61, 0x4b, 0x43,
    0x93, 0xa8, 0x20, 0x50, 0x0, 0xaa, 0x0, 0x18,
    0x8b, 0x58, 0x4, 0x34, 0x48, 0x82, 0x60, 0x7a,
    0x3f, 0x31, 0x46, 0xc6, 0x8a, 0xa3, 0x0, 0x1d,
    0x1e, 0x47, 0xc2, 0x78, 0x6d, 0x52, 0x40, 0x23,
    0x63, 0xa2, 0x1, 0x0, 0x31, 0x11, 0x40, 0x21,
    0x30, 0xb5, 0xf3, 0x0, 0x88, 0x80, 0x1b, 0x9b,
    0xe6, 0x1d, 0xb8, 0x2c, 0xcd, 0x20, 0x14, 0xff,
    0xbb, 0x85, 0x5b, 0xa6, 0xfd, 0x6a, 0x10, 0xd,
    0xfc, 0xcb, 0x2b, 0xa2, 0x78, 0xe8, 0x1, 0xbb,
    0xec, 0x2a, 0x0, 0x23, 0xd5,

    /* U+6551 "救" */
    0x0, 0xd5, 0x10, 0x50, 0x5, 0xb0, 0x7, 0xfa,
    0xad, 0x1, 0x14, 0x3, 0x9d, 0xe6, 0x45, 0x71,
    0x30, 0x1, 0x14, 0x0, 0xee, 0x84, 0x5c, 0x4,
    0xa1, 0x9b, 0xb2, 0x84, 0x42, 0x5d, 0x67, 0x9a,
    0x9b, 0xfc, 0x58, 0xa0, 0x98, 0x20, 0x8, 0xa5,
    0x34, 0x0, 0x11, 0x80, 0x15, 0x2c, 0x15, 0x59,
    0xc, 0x44, 0x32, 0x0, 0xd1, 0xa0, 0x5e, 0x31,
    0x6, 0x5a, 0x40, 0xc, 0x22, 0x50, 0xe2, 0x41,
    0xda, 0x7a, 0x0, 0x86, 0xac, 0xdd, 0x30, 0xc1,
    0xc, 0xe0, 0x0, 0xf8, 0x6b, 0x4, 0x40, 0x0,
    0x40, 0x1c, 0x35, 0x40, 0xc, 0xc6, 0x38, 0x81,
    0x40, 0x12, 0x0, 0x4, 0x2, 0x7e, 0x5a, 0xf5,
    0xb1, 0x0, 0x47, 0xae, 0x1, 0x4c, 0xac, 0xb,
    0x5c, 0x2, 0x8f, 0xe4, 0x2, 0xe6, 0x0, 0x8b,
    0x4,

    /* U+6587 "文" */
    0x0, 0xfa, 0x48, 0x3, 0xff, 0x84, 0xb2, 0x1,
    0xff, 0xc2, 0x85, 0x10, 0xf, 0x16, 0xef, 0xa4,
    0xf3, 0x77, 0x8c, 0xd1, 0x6, 0x8, 0x8f, 0x3,
    0x44, 0x8, 0x55, 0x52, 0x4e, 0xab, 0x9c, 0xa1,
    0x54, 0x20, 0x11, 0x2c, 0x0, 0x68, 0x43, 0x0,
    0xfa, 0x15, 0x0, 0x6, 0xb0, 0x1, 0xf8, 0xa2,
    0x88, 0x75, 0xcc, 0x3, 0xf9, 0xd3, 0xe8, 0xa0,
    0x3, 0xfe, 0x82, 0x4f, 0x0, 0xff, 0x97, 0xc,
    0xd8, 0xc0, 0x1f, 0x8e, 0xea, 0x73, 0x11, 0x36,
    0x80, 0x10, 0xbe, 0xe0, 0x6b, 0x80, 0x1f, 0x42,
    0xfa, 0x4, 0x29, 0x76, 0xc8, 0x3, 0x15, 0xf3,
    0x20, 0xe, 0xc1, 0x0, 0x7e, 0x18, 0xc1,

    /* U+658C "斌" */
    0x0, 0x3c, 0x0, 0x42, 0x39, 0xed, 0xc0, 0x33,
    0x31, 0x40, 0xfb, 0xaf, 0x1, 0xfb, 0x2, 0x67,
    0x71, 0x31, 0xff, 0xdc, 0x0, 0x83, 0x20, 0x11,
    0x74, 0x7e, 0x77, 0x68, 0x5e, 0x65, 0x27, 0x73,
    0x4, 0x7e, 0xee, 0x73, 0xdd, 0x30, 0xe8, 0x90,
    0x9, 0x98, 0xb4, 0xf4, 0xc, 0xc2, 0x24, 0xd5,
    0x30, 0x54, 0x0, 0x84, 0x40, 0x1a, 0x46, 0x14,
    0x34, 0xc0, 0x6, 0x26, 0x1, 0xde, 0x3e, 0x1,
    0x87, 0xf4, 0x40, 0x3e, 0xb0, 0xc, 0x39, 0x0,
    0x20, 0x1a, 0xd8, 0x58, 0x3, 0xc4, 0xa2, 0x0,
    0x36, 0xbf, 0x50, 0xc, 0x8c, 0xf8, 0xb4, 0x5b,
    0x4, 0x6c, 0xb1, 0xc7, 0xc3, 0xed, 0xfa, 0x2e,
    0xe0, 0x0, 0xc6, 0x7e, 0xd3, 0xaa, 0x2b, 0x1c,
    0x80, 0x48, 0xa6, 0x1, 0xd5, 0xc2,

    /* U+65B9 "方" */
    0x0, 0xf9, 0xd0, 0x3, 0xff, 0x83, 0xf2, 0x1,
    0xff, 0xc1, 0x93, 0x20, 0xf, 0x67, 0x77, 0x78,
    0x67, 0x76, 0xd0, 0x8a, 0xa9, 0x4a, 0xab, 0xe9,
    0x4, 0x4c, 0x2c, 0x89, 0xf8, 0x3, 0x84, 0xc0,
    0x3f, 0xf8, 0x2a, 0xdf, 0xfe, 0x50, 0xe, 0x11,
    0x4e, 0x67, 0x0, 0x80, 0x72, 0x3, 0x19, 0xf0,
    0x30, 0x7, 0x4a, 0x0, 0x70, 0x81, 0x80, 0x65,
    0x38, 0x0, 0xe5, 0x1, 0x0, 0x8a, 0xd4, 0xc0,
    0x38, 0xcc, 0x1, 0x26, 0x15, 0x0, 0x4, 0xc8,
    0xe9, 0x0, 0x29, 0x6c, 0x0, 0x8f, 0x75, 0x8d,
    0x20, 0x16, 0xc0, 0x6, 0x2e, 0xff, 0x58, 0x80,
    0x0,

    /* U+65E0 "无" */
    0x2, 0xff, 0xff, 0xe0, 0x20, 0x0, 0xb7, 0x78,
    0x63, 0x77, 0x90, 0x2, 0x22, 0xe1, 0x42, 0x2e,
    0x0, 0xff, 0x8, 0x7, 0xff, 0x4, 0x40, 0xc0,
    0x3e, 0x2d, 0xde, 0xc0, 0xcd, 0xdf, 0x11, 0x26,
    0x79, 0xc8, 0xd2, 0x67, 0x8c, 0x11, 0x39, 0xa8,
    0xfd, 0x13, 0x84, 0x3, 0x88, 0xd0, 0x3, 0xff,
    0x83, 0x28, 0x60, 0x1f, 0xfc, 0x5, 0x49, 0x0,
    0xfa, 0x48, 0x2, 0x5a, 0x92, 0x0, 0xf9, 0xd8,
    0x6, 0xa9, 0x2c, 0x0, 0x1c, 0x22, 0x90, 0x54,
    0x79, 0xb1, 0x80, 0x2a, 0x4d, 0xda, 0xd8, 0x45,
    0xb8, 0x60, 0x19, 0xbb, 0xff, 0x48, 0x0,

    /* U+65E5 "日" */
    0x3, 0x3f, 0xf0, 0x96, 0x67, 0xf9, 0x40, 0x1f,
    0xff, 0x80, 0x3f, 0xfb, 0x9f, 0xff, 0x80, 0x35,
    0xe6, 0x7c, 0x1, 0x90, 0xcf, 0xe0, 0xf, 0xfe,
    0x81, 0x17, 0xe0, 0xd, 0xbb, 0xf8, 0x3, 0x77,
    0xff, 0xc2, 0x0,

    /* U+65F6 "时" */
    0x0, 0xff, 0xbc, 0xc0, 0x19, 0xbb, 0x84, 0x3,
    0xf8, 0xa7, 0x30, 0x40, 0x67, 0xc0, 0xa6, 0x0,
    0x71, 0x10, 0x2e, 0x67, 0x4, 0xe1, 0x0, 0x72,
    0xff, 0xf0, 0x67, 0x90, 0x22, 0x40, 0x2, 0x40,
    0xf, 0xd5, 0x10, 0x0, 0x35, 0x90, 0x7, 0xdd,
    0x98, 0x0, 0x23, 0xf8, 0x7, 0xff, 0x6, 0x2,
    0x0, 0x3f, 0xf8, 0x3d, 0x60, 0x1e, 0xcf, 0xf0,
    0x6, 0x33, 0x0, 0x7a, 0xbb, 0xa1, 0x0, 0xfe,
    0x67, 0x11, 0x80, 0x23, 0x32, 0x0, 0x80, 0x20,
    0x80, 0x3d, 0xb9, 0x4a, 0x40, 0x0,

    /* U+660E "明" */
    0xef, 0xfc, 0x65, 0xff, 0xed, 0xb, 0xee, 0x8,
    0x5, 0xdd, 0xa4, 0x0, 0xe2, 0x20, 0xc, 0x23,
    0x8c, 0x3, 0xff, 0x88, 0xc2, 0x20, 0xd, 0x99,
    0xa0, 0x1, 0x5d, 0xc1, 0x1, 0xa, 0xac, 0x80,
    0xc, 0xff, 0x8, 0x4, 0xcd, 0xb0, 0x3, 0xe7,
    0x10, 0xf, 0xfe, 0x1, 0x8f, 0x76, 0xb0, 0x6,
    0x7f, 0x84, 0x35, 0x73, 0x34, 0x0, 0x2f, 0xba,
    0x25, 0xf2, 0x2c, 0x61, 0xc8, 0x23, 0x41, 0x28,
    0x7, 0xf9, 0xda, 0x40, 0x22, 0x26, 0x80, 0x61,
    0x9a, 0x40, 0xb, 0x35, 0xa8, 0x2, 0x1e, 0x50,
    0xd, 0xdf, 0xce,

    /* U+6625 "春" */
    0x0, 0xf9, 0x8, 0x3, 0xf8, 0x47, 0xa9, 0x4,
    0x78, 0x2, 0x4e, 0xee, 0x19, 0xee, 0xe4, 0x0,
    0x27, 0xfe, 0x91, 0xff, 0xf2, 0x0, 0x57, 0xff,
    0x48, 0xff, 0xf6, 0x0, 0x6b, 0xff, 0x50, 0x6f,
    0xff, 0x60, 0x0, 0xbb, 0xb5, 0x6, 0x77, 0x7c,
    0x44, 0xcc, 0x8c, 0xb7, 0x32, 0x53, 0xcc, 0x88,
    0x8, 0x90, 0x56, 0x1, 0xb8, 0xa0, 0x88, 0x0,
    0x1b, 0x50, 0xbf, 0xfd, 0x0, 0xb6, 0x40, 0x5e,
    0xf2, 0x1b, 0xbe, 0x9, 0xd, 0x22, 0x56, 0x20,
    0x7f, 0x76, 0xf0, 0x2b, 0xc2, 0x4, 0x0, 0xbf,
    0xbb, 0x78, 0x4, 0x60, 0x1e, 0x32, 0x2c, 0x60,
    0x1f, 0xee, 0xff, 0xdc, 0x2e, 0x1, 0x0,

    /* U+6668 "晨" */
    0x0, 0x2f, 0xee, 0xfe, 0xf4, 0x0, 0xe3, 0xdd,
    0xfc, 0x20, 0x1e, 0x3d, 0xdf, 0xc2, 0x1, 0xe3,
    0xdd, 0xfc, 0x20, 0x1c, 0x22, 0xdd, 0xfc, 0x60,
    0x1c, 0xb9, 0x9f, 0xe5, 0x10, 0xb, 0xb3, 0x77,
    0xfd, 0x60, 0x1b, 0xa6, 0xab, 0xf7, 0x50, 0x6,
    0x11, 0x11, 0x7e, 0x30, 0x8, 0x83, 0x6a, 0xbf,
    0xbf, 0x84, 0x4, 0x3f, 0xc3, 0xfc, 0xe9, 0xdc,
    0x94, 0xe1, 0x5, 0x30, 0xe, 0x90, 0xcd, 0xeb,
    0x0, 0xa9, 0x1, 0x41, 0xe3, 0x22, 0x8c, 0x9c,
    0xc0, 0x8e, 0x43, 0xc7, 0x3b, 0xc9, 0xbb, 0x76,
    0x22, 0x70, 0x85, 0x75, 0x31, 0x80, 0x4d, 0x7c,
    0x40,

    /* U+66E6 "曦" */
    0x0, 0xf3, 0x0, 0x66, 0x10, 0x3, 0x36, 0x0,
    0x7c, 0x80, 0x1a, 0xc4, 0x1, 0x19, 0x88, 0x4c,
    0x47, 0xcc, 0x49, 0xe3, 0x80, 0x2e, 0xc0, 0x9f,
    0xda, 0xaf, 0x9b, 0xec, 0x1, 0xe4, 0xbb, 0x2b,
    0xdd, 0xc6, 0x1, 0xd1, 0x86, 0x61, 0x23, 0x3a,
    0x48, 0x3f, 0xc1, 0x31, 0xfa, 0xbb, 0x87, 0xb4,
    0x41, 0x10, 0x5, 0xa8, 0xdd, 0x5, 0x53, 0x5c,
    0x0, 0xee, 0xe, 0x52, 0x59, 0xe2, 0xe7, 0xb2,
    0x0, 0xd6, 0xc6, 0x64, 0xc0, 0xcd, 0xa2, 0x3,
    0x30, 0x5f, 0xd5, 0x34, 0xce, 0x90, 0xb, 0x70,
    0xf2, 0xf7, 0xb1, 0xd2, 0x15, 0xc0, 0x1d, 0xcd,
    0x61, 0x11, 0x82, 0xf2, 0x79, 0xe, 0x8, 0x5,
    0xf7, 0x2b, 0x10, 0x24, 0xa4, 0x20, 0xe, 0xaf,
    0xb2, 0xfc, 0xa6, 0x40, 0xf, 0x56, 0x3d, 0x8,
    0xb3, 0x84,

    /* U+66F9 "曹" */
    0x0, 0xd1, 0x40, 0xe, 0x40, 0xd, 0xdf, 0xf3,
    0xaf, 0xf8, 0x6f, 0xfe, 0xce, 0xff, 0x9d, 0x7f,
    0xc3, 0x7f, 0xf6, 0x7, 0xf6, 0xb2, 0xee, 0x86,
    0xb7, 0xb4, 0x2, 0xdd, 0x32, 0xee, 0x86, 0xb6,
    0x0, 0x37, 0x63, 0x26, 0x60, 0x67, 0x2c, 0x3,
    0x76, 0x32, 0x66, 0x6, 0x72, 0xc0, 0x21, 0xde,
    0x64, 0xee, 0x5, 0x74, 0x30, 0x3, 0xb7, 0x7f,
    0xd6, 0x1, 0x67, 0xc4, 0x7b, 0xb4, 0x3, 0xaa,
    0x67, 0xd4, 0x1, 0xea, 0x88, 0xf5, 0x0, 0x7a,
    0x2a, 0xbd, 0x60, 0x1e, 0xbe, 0xef, 0x41, 0x80,
    0x0,

    /* U+66FE "曾" */
    0x0, 0x8, 0x7, 0x8, 0x80, 0x3a, 0xa0, 0x3,
    0x64, 0x0, 0x44, 0x4f, 0x53, 0x22, 0x48, 0x59,
    0x10, 0x33, 0xe0, 0x7f, 0x7d, 0x47, 0xbf, 0x40,
    0x12, 0xfd, 0x85, 0x39, 0x29, 0xc0, 0x1a, 0x38,
    0x2, 0x28, 0xa0, 0xc, 0x27, 0x42, 0x2, 0x92,
    0x4e, 0x0, 0x3b, 0xe8, 0xf3, 0xb8, 0xae, 0xa1,
    0xd, 0xee, 0xff, 0x80, 0x1b, 0xdd, 0xfb, 0xc0,
    0x35, 0x77, 0x7b, 0x40, 0x3a, 0xbb, 0xbd, 0xa0,
    0x1d, 0x5d, 0xde, 0xd0, 0xe, 0x8b, 0xbf, 0x78,
    0x7, 0x5c, 0x47, 0xa8, 0x40, 0x0,

    /* U+6708 "月" */
    0x0, 0xbb, 0xff, 0xf7, 0x0, 0x69, 0xdd, 0xf4,
    0x0, 0x71, 0x17, 0xe0, 0xf, 0xfe, 0x35, 0xff,
    0xfa, 0x80, 0x3a, 0x77, 0x7d, 0x0, 0x18, 0x54,
    0x8b, 0xe0, 0x8, 0x40, 0x40, 0x3f, 0xc4, 0x1b,
    0xff, 0xea, 0x0, 0x90, 0xb3, 0x3e, 0x80, 0xa,
    0xa8, 0x67, 0xf1, 0x0, 0x18, 0x98, 0x3, 0xf8,
    0xe5, 0xc4, 0x3, 0x19, 0xda, 0x6a, 0x90, 0x1,
    0xd7, 0x98, 0x5b, 0x6b, 0x0, 0xf4, 0x7f, 0xb5,
    0x80,

    /* U+6709 "有" */
    0x0, 0xf1, 0x0, 0x7f, 0xf0, 0xf5, 0x0, 0x3f,
    0x88, 0xb3, 0x3, 0x91, 0x7c, 0x0, 0xdd, 0xd2,
    0x19, 0xbb, 0xf0, 0x3, 0xfe, 0xb0, 0xef, 0xff,
    0xc0, 0x18, 0x69, 0x4c, 0x8b, 0xc0, 0x1e, 0xb1,
    0x5c, 0xcf, 0x69, 0x0, 0x6a, 0x40, 0xbe, 0xef,
    0x0, 0x61, 0xc7, 0xc1, 0xad, 0xdf, 0x0, 0x61,
    0x6c, 0x20, 0x8f, 0xff, 0x0, 0x75, 0x8, 0x0,
    0x8b, 0xe0, 0xf, 0xeb, 0xff, 0xf0, 0x7, 0xf5,
    0x77, 0x78, 0x3, 0xf8, 0x47, 0x1, 0x90, 0x7,
    0xff, 0x5, 0xb7, 0x48, 0x40, 0x0,

    /* U+670D "服" */
    0x2, 0xff, 0xc8, 0x3f, 0xfe, 0xe0, 0x8, 0x7b,
    0x84, 0x1, 0x6e, 0xea, 0x0, 0xe1, 0x10, 0x6,
    0x22, 0xcc, 0x1, 0xff, 0xc1, 0x23, 0x40, 0xc,
    0x3d, 0xc2, 0x0, 0xe4, 0xfc, 0xb0, 0xd, 0xba,
    0x10, 0x8, 0x88, 0x9d, 0x2e, 0x0, 0x11, 0x19,
    0xc0, 0x16, 0xef, 0x8c, 0x2, 0x22, 0x0, 0x6a,
    0x3f, 0xf6, 0x89, 0x83, 0x8e, 0xe8, 0x80, 0x25,
    0x13, 0xa, 0x70, 0x0, 0xa7, 0xf8, 0x80, 0x34,
    0x71, 0x35, 0x80, 0x34, 0x80, 0x3e, 0x56, 0xd6,
    0x20, 0x1, 0xf0, 0x7, 0xff, 0x9, 0x14, 0x48,
    0xc0, 0x24, 0xd1, 0xd5, 0xb2, 0x22, 0x13, 0xe9,
    0xa8, 0x3, 0x2e, 0x8b, 0x5, 0x4a, 0xc1, 0xbf,
    0x44, 0x5f, 0xc, 0x0, 0x1a, 0x70,

    /* U+671F "期" */
    0x0, 0x5a, 0x80, 0x2d, 0x82, 0x7f, 0xf7, 0x0,
    0xb9, 0x8, 0x9c, 0x44, 0xf, 0xdc, 0xb0, 0x1e,
    0x38, 0xee, 0x1c, 0x40, 0x3c, 0x44, 0xe0, 0x3e,
    0x95, 0xfe, 0x49, 0x90, 0x7, 0xf5, 0xe6, 0x10,
    0x2, 0x8f, 0xf6, 0x0, 0x69, 0xee, 0x18, 0x0,
    0xdf, 0xb9, 0x60, 0x18, 0x48, 0x8e, 0x1, 0x78,
    0x89, 0xc0, 0x34, 0xf7, 0x10, 0x0, 0x3e, 0x0,
    0x70, 0xd, 0x5d, 0xc4, 0x0, 0x3a, 0xdd, 0xa0,
    0x13, 0x92, 0xbb, 0x89, 0x30, 0x33, 0x76, 0xf0,
    0x4c, 0xb8, 0xcb, 0xad, 0xa2, 0x50, 0xe, 0x2e,
    0xd2, 0x38, 0x36, 0x11, 0x0, 0x73, 0xa5, 0x83,
    0x3c, 0x73, 0x0, 0x92, 0x80, 0xd6, 0x88, 0x2,
    0xec, 0xd4, 0x5, 0xb0, 0xc3, 0xa6, 0x1, 0x9,
    0x61, 0x1, 0xff, 0x40,

    /* U+672A "未" */
    0x0, 0xfa, 0xa4, 0x3, 0xff, 0x9b, 0xbf, 0xf9,
    0x5b, 0xff, 0x80, 0x37, 0x66, 0x64, 0x46, 0x67,
    0x0, 0x63, 0x3e, 0x12, 0x33, 0xe0, 0xf, 0xfe,
    0x3f, 0xff, 0x95, 0xbf, 0xfc, 0x21, 0x99, 0xc8,
    0x0, 0x4c, 0xce, 0x10, 0x33, 0xca, 0xa3, 0x45,
    0x51, 0x9e, 0x0, 0xe7, 0x8c, 0x62, 0xc8, 0x70,
    0xf, 0xaa, 0x70, 0x80, 0x5, 0x93, 0x40, 0x19,
    0x79, 0xb0, 0x80, 0x31, 0x63, 0xf2, 0x81, 0x5c,
    0xe1, 0x0, 0x78, 0xb5, 0xac, 0x89, 0xce, 0x1,
    0xfe, 0x8e, 0x20,

    /* U+672F "术" */
    0x0, 0xfa, 0x68, 0x24, 0x80, 0x3f, 0xf8, 0x43,
    0xac, 0x1, 0xff, 0xc1, 0x8b, 0x83, 0x0, 0x8c,
    0xfc, 0x4c, 0x66, 0x7a, 0x3, 0x0, 0x6e, 0x67,
    0x21, 0xe6, 0x57, 0x9e, 0x0, 0xef, 0xfd, 0x40,
    0x6, 0xff, 0xd8, 0x1, 0xe1, 0xb1, 0x37, 0x50,
    0xf, 0xf6, 0xba, 0x36, 0xd9, 0x80, 0x7e, 0xa0,
    0x93, 0x3, 0x8d, 0x30, 0xe, 0x1c, 0x4d, 0x0,
    0xcc, 0xcc, 0x40, 0x9, 0x7c, 0x3c, 0x40, 0x3a,
    0x1e, 0xe0, 0xa, 0x9f, 0x4, 0x3, 0xe8, 0x95,
    0x12, 0xe9, 0x0, 0xff, 0x36, 0x88, 0x8, 0x7,
    0xff, 0x8,

    /* U+6731 "朱" */
    0x0, 0x86, 0xc4, 0x2a, 0x40, 0x3f, 0xd2, 0xe2,
    0x1, 0xff, 0xc1, 0x63, 0xee, 0x2b, 0x77, 0x6c,
    0x0, 0xd4, 0xb9, 0xba, 0x44, 0x6e, 0xef, 0x0,
    0x95, 0x54, 0x67, 0x9, 0x19, 0xf0, 0x4, 0xba,
    0x20, 0x1f, 0xfc, 0x1e, 0xce, 0xec, 0xad, 0xdd,
    0xe0, 0x5, 0x57, 0x18, 0x0, 0xea, 0xb8, 0x0,
    0x89, 0xb0, 0x51, 0x1, 0xa8, 0x98, 0x3, 0xa5,
    0x74, 0x4b, 0x12, 0x80, 0x3c, 0x36, 0xf8, 0x20,
    0x1, 0xc7, 0xd3, 0x0, 0x9f, 0xdf, 0xc4, 0x3,
    0xe, 0xbe, 0x51, 0xd, 0x4e, 0x8, 0x7, 0xd5,
    0x62, 0x63, 0xae, 0x1, 0xfe, 0x4b, 0x10,

    /* U+673A "机" */
    0x0, 0xa2, 0x80, 0x2f, 0xfe, 0x40, 0xf, 0xfb,
    0x37, 0x42, 0x1, 0xff, 0xc0, 0x22, 0x80, 0x31,
    0x7f, 0x9d, 0x7f, 0xc2, 0x1, 0xf8, 0xb7, 0x44,
    0x9b, 0xa1, 0x0, 0xfe, 0x20, 0x20, 0x22, 0x0,
    0x7f, 0xd4, 0x9, 0x0, 0x20, 0x20, 0x1f, 0x99,
    0x88, 0xae, 0x60, 0x1f, 0xce, 0xe1, 0x17, 0xdb,
    0x10, 0x7, 0xc5, 0x36, 0x0, 0x2c, 0x37, 0x0,
    0xf9, 0xe4, 0x80, 0x35, 0xe0, 0x7, 0x1c, 0x2b,
    0x80, 0x62, 0x37, 0x0, 0xe7, 0x20, 0xf, 0x73,
    0x88, 0x6, 0x23, 0x30, 0x7, 0x13, 0xc0, 0x6,
    0x69, 0x96, 0x80, 0x51, 0x45, 0x60, 0x1d, 0x1f,
    0xc8,

    /* U+674E "李" */
    0x0, 0xfa, 0xa0, 0x3, 0xe1, 0xee, 0xf2, 0xbf,
    0x77, 0x84, 0x5b, 0xb9, 0xc4, 0x8c, 0x5b, 0x77,
    0x8, 0x19, 0xca, 0xf8, 0xe9, 0x6c, 0xa6, 0x70,
    0x6, 0x8a, 0xc3, 0x0, 0x26, 0x54, 0x88, 0x4,
    0xb9, 0xb8, 0x40, 0x18, 0xb3, 0xf2, 0x0, 0x43,
    0x3, 0xba, 0x57, 0xee, 0x93, 0x70, 0x5, 0x41,
    0x73, 0x2d, 0xa2, 0xb, 0x20, 0x40, 0xe, 0x22,
    0x96, 0xeb, 0x94, 0x3, 0xe, 0x67, 0xa4, 0x2b,
    0x33, 0x84, 0x51, 0x1e, 0x25, 0x88, 0xf0, 0x82,
    0x27, 0x98, 0xd1, 0x3c, 0x1, 0xe1, 0x18, 0x3,
    0xff, 0x80, 0x3d, 0xc6, 0xb0, 0xf, 0x80,

    /* U+675C "杜" */
    0x0, 0x9e, 0x80, 0x3b, 0x10, 0x3, 0xff, 0x84,
    0x40, 0x1e, 0x33, 0x73, 0x19, 0x0, 0x7f, 0xe,
    0x61, 0x8f, 0x38, 0x3, 0xf8, 0x7f, 0xc4, 0x9f,
    0x86, 0x70, 0x99, 0xc4, 0x1, 0x19, 0x22, 0x3,
    0x32, 0x8, 0xcc, 0x48, 0x5, 0x42, 0x52, 0x1f,
    0xf0, 0xdf, 0xfa, 0xc0, 0x2, 0xec, 0xee, 0x50,
    0xf, 0xf4, 0x3f, 0x85, 0xa8, 0x7, 0xf1, 0xbc,
    0x0, 0x4, 0x3, 0xfc, 0x56, 0x20, 0x1f, 0xfc,
    0x11, 0x50, 0xf, 0xfe, 0x45, 0xee, 0xc3, 0x5b,
    0xb2, 0x0, 0x7b, 0xe2, 0x2a, 0xb8, 0x89, 0x40,

    /* U+6768 "杨" */
    0x0, 0xf, 0x80, 0x3b, 0xff, 0xcc, 0x1, 0xfb,
    0x37, 0x6a, 0x4, 0x60, 0x8, 0x88, 0x6, 0x45,
    0x86, 0xd6, 0xc0, 0x23, 0xdc, 0xc, 0xc0, 0x1,
    0xb1, 0xa8, 0x3, 0x1f, 0xd0, 0x67, 0xd, 0x4c,
    0x51, 0x16, 0x0, 0xbc, 0x38, 0x2d, 0x42, 0x37,
    0x78, 0x40, 0x8, 0x9, 0x15, 0xee, 0xbe, 0xed,
    0xa0, 0x20, 0x8a, 0x10, 0x60, 0x4f, 0x0, 0xd4,
    0x20, 0x17, 0xe8, 0xd, 0x8f, 0x39, 0x29, 0x1b,
    0x88, 0x22, 0xb8, 0x0, 0xb1, 0x60, 0x6f, 0xc0,
    0x88, 0xb, 0x60, 0x10, 0xd4, 0x85, 0xb9, 0x87,
    0x30, 0xa, 0x80, 0x46, 0xe1, 0x23, 0x20, 0x3,
    0x20, 0xf, 0x86, 0x96, 0xc0, 0x8d, 0x30, 0x3,
    0xeb, 0x2c, 0x1, 0xdc, 0x54, 0x0, 0x87, 0xc0,
    0x15, 0x0, 0x1, 0xff, 0x50, 0x0,

    /* U+6770 "杰" */
    0x0, 0xfa, 0xe0, 0x3, 0xff, 0x99, 0xdf, 0xfc,
    0x8f, 0xff, 0xd4, 0x0, 0xcd, 0xdb, 0x0, 0x44,
    0x59, 0xbb, 0x40, 0x0, 0x8b, 0x52, 0xa9, 0x81,
    0x48, 0xb0, 0x7, 0x33, 0xd8, 0x3, 0xa5, 0x0,
    0x3e, 0x59, 0xd1, 0x0, 0x1c, 0xda, 0x0, 0x74,
    0x55, 0xc, 0x3, 0x34, 0x5b, 0x0, 0x7, 0x1e,
    0x94, 0x3, 0xcf, 0x32, 0xc0, 0x14, 0xd5, 0x0,
    0xfc, 0xd9, 0x40, 0x8, 0x20, 0xd, 0x70, 0x1,
    0x8d, 0x80, 0x28, 0xa0, 0x66, 0x1, 0x60, 0x3,
    0x58, 0x2, 0x17, 0xe0, 0x3b, 0x2, 0x16, 0x9,
    0x91, 0x0, 0x2d, 0x10, 0x8, 0x42, 0x15, 0x40,
    0x45, 0x90, 0x1, 0x50, 0x0, 0x68, 0x41, 0xbc,
    0x1, 0x18, 0x0,

    /* U+6797 "林" */
    0x0, 0x8f, 0x80, 0x38, 0xfc, 0x3, 0xff, 0xb0,
    0x5f, 0xec, 0x1f, 0xf2, 0x7f, 0xb0, 0x3f, 0xe0,
    0x2d, 0xd2, 0x86, 0x6a, 0x6e, 0x90, 0x1f, 0x74,
    0x0, 0x22, 0x28, 0x71, 0x1, 0x1a, 0x2, 0x11,
    0x0, 0x26, 0x11, 0x3d, 0x80, 0x18, 0x40, 0x8c,
    0x3, 0x5c, 0x85, 0x32, 0x84, 0xc0, 0x4d, 0x0,
    0x4c, 0x28, 0x0, 0xc5, 0x85, 0x50, 0x33, 0x8,
    0xa, 0x7c, 0x2, 0x13, 0x78, 0x0, 0xb, 0x48,
    0x33, 0x98, 0x4, 0x3a, 0xe6, 0x1, 0x4a, 0xa2,
    0x20, 0x3, 0xc, 0x40, 0x3, 0xb1, 0x0, 0x3e,
    0x60, 0xf, 0x10, 0x7, 0xff, 0x14,

    /* U+67B6 "架" */
    0x0, 0xa6, 0x0, 0x31, 0x17, 0x8, 0xf, 0xf9,
    0x9f, 0xfd, 0x61, 0xb3, 0x36, 0x40, 0xf, 0x68,
    0x5f, 0x38, 0x5, 0x57, 0x67, 0x0, 0x85, 0x85,
    0x4, 0x8, 0x3, 0xfd, 0xac, 0x0, 0x21, 0x0,
    0xfe, 0x44, 0x49, 0x1a, 0x68, 0x2, 0x26, 0x48,
    0x0, 0x1e, 0xc1, 0xae, 0x43, 0x67, 0x11, 0x97,
    0x0, 0x68, 0x42, 0x36, 0xb3, 0xe2, 0x39, 0x40,
    0x1f, 0xfe, 0x56, 0xff, 0xec, 0x0, 0x77, 0x6c,
    0x11, 0x1, 0x6f, 0x75, 0xa0, 0x1, 0x18, 0xba,
    0x11, 0x97, 0xc8, 0x46, 0x0, 0x8a, 0x72, 0x58,
    0x1, 0x10, 0xc9, 0x30, 0x0, 0xd6, 0x87, 0x20,
    0x6, 0x5d, 0xc, 0xc0, 0x88, 0xb6, 0x44, 0x3,
    0xc5, 0x3d, 0x22,

    /* U+67E5 "查" */
    0x0, 0xfa, 0xa0, 0x3, 0xf1, 0x17, 0x84, 0x8b,
    0xe0, 0x1f, 0xfe, 0xd4, 0x5d, 0xff, 0xe1, 0x16,
    0xee, 0x73, 0x56, 0x34, 0xdd, 0xc2, 0x1, 0xe,
    0x6, 0x0, 0xe1, 0xd8, 0x80, 0x61, 0x8c, 0x9a,
    0x0, 0xd5, 0xda, 0xe2, 0x3, 0xbd, 0x1d, 0x76,
    0x57, 0xbb, 0x74, 0x95, 0x88, 0xb1, 0x89, 0xe6,
    0x5b, 0xa9, 0x93, 0x12, 0xd0, 0x80, 0x67, 0x33,
    0xf0, 0x7, 0xf2, 0xd5, 0x78, 0x80, 0x3f, 0x2d,
    0xdf, 0x8c, 0x3, 0xe1, 0x6d, 0xdf, 0x8, 0x80,
    0x30, 0x89, 0xf3, 0x3f, 0x38, 0x88, 0x1, 0xbd,
    0xdf, 0xfc, 0xc, 0x0,

    /* U+6848 "案" */
    0x0, 0xf8, 0xc0, 0x3f, 0xf8, 0x43, 0xce, 0x1,
    0xfa, 0xff, 0xf7, 0x14, 0x7f, 0xf6, 0x0, 0x53,
    0xff, 0x35, 0x7f, 0xf5, 0x0, 0x4b, 0x77, 0x6b,
    0x4d, 0xdf, 0x41, 0x0, 0x37, 0xa0, 0x1b, 0x3e,
    0x20, 0xc1, 0x1d, 0xa0, 0x3, 0x35, 0xa1, 0x28,
    0xc, 0xd, 0x19, 0xc0, 0x1a, 0x30, 0x23, 0x35,
    0x15, 0x4, 0x3, 0x56, 0xf6, 0xab, 0x4e, 0xeb,
    0xfb, 0x9a, 0x80, 0x8, 0xfe, 0xe6, 0x46, 0x51,
    0x35, 0xfc, 0xa0, 0x16, 0x63, 0xbb, 0x2b, 0xf7,
    0x6a, 0xe2, 0x27, 0xfe, 0xb0, 0x12, 0xb, 0xff,
    0xc4, 0x2, 0x23, 0xbb, 0x6a, 0x2e, 0xc5, 0x90,
    0x88, 0x5, 0xf7, 0xb, 0x8c, 0x0, 0x7a, 0x5b,
    0xa8, 0x20, 0xd8, 0xe8, 0x0, 0xf4, 0x74, 0x11,
    0x80,

    /* U+6850 "桐" */
    0x0, 0xbc, 0x81, 0x7f, 0xfe, 0xd0, 0xf, 0x8f,
    0xbb, 0xa8, 0x5, 0x9c, 0x29, 0x80, 0x2, 0x3e,
    0x2, 0xaa, 0x2, 0xd1, 0x83, 0xff, 0xe0, 0x1,
    0xe4, 0x7, 0x61, 0x83, 0xff, 0xe0, 0xd, 0xe1,
    0xe0, 0x18, 0x8a, 0x10, 0xc, 0x80, 0x2a, 0x0,
    0x2c, 0x8e, 0xb0, 0x9, 0x8, 0x22, 0xc0, 0x25,
    0xaf, 0x0, 0xdd, 0x60, 0xee, 0x30, 0xf, 0xc6,
    0x8c, 0x0, 0x93, 0x0, 0xce, 0x1, 0x3b, 0x8,
    0x7, 0x93, 0x64, 0x80, 0x9, 0x0, 0x1e, 0x37,
    0xdd, 0x40, 0x7, 0xf8, 0x60, 0x0, 0x66, 0x0,
    0xff, 0xe0, 0xe, 0x4a, 0x80,

    /* U+6863 "档" */
    0x0, 0xb1, 0x40, 0x3b, 0xc4, 0x3, 0xfc, 0x96,
    0x1, 0xcf, 0x80, 0x18, 0x4c, 0x11, 0x4c, 0x3,
    0x55, 0x0, 0xff, 0xc5, 0x3e, 0x6d, 0x40, 0x12,
    0x9b, 0x1, 0xf5, 0x84, 0x71, 0xd7, 0x80, 0x5b,
    0x60, 0x10, 0x98, 0x50, 0x93, 0x12, 0x83, 0xe0,
    0xa0, 0x5, 0x60, 0x72, 0x93, 0x28, 0x2b, 0x9a,
    0x90, 0x1, 0x15, 0xe, 0x5b, 0xbe, 0xa0, 0xa,
    0xd8, 0x4e, 0x94, 0x47, 0xc4, 0x0, 0x26, 0x90,
    0x2, 0x2f, 0x77, 0xa4, 0x0, 0x8e, 0x20, 0x12,
    0x7f, 0xfa, 0xc0, 0xd, 0x0, 0x1f, 0xf0, 0x80,
    0x7e, 0xdf, 0xff, 0x50, 0x7, 0xec, 0xdd, 0xf5,
    0x8, 0x0,

    /* U+6881 "梁" */
    0x0, 0x39, 0x0, 0x7f, 0xf0, 0x87, 0xe0, 0xff,
    0xfe, 0x0, 0xc8, 0xdb, 0x27, 0xdf, 0x27, 0xf8,
    0x6, 0x1, 0x7f, 0x30, 0xad, 0x7, 0x28, 0x5,
    0xa2, 0x0, 0xbd, 0x31, 0x8f, 0x5, 0xc0, 0x72,
    0x48, 0x0, 0x8e, 0x6d, 0x10, 0xa0, 0xa0, 0x4d,
    0x2c, 0x1, 0x53, 0xd4, 0x9d, 0xf0, 0x3, 0xc8,
    0xe0, 0x42, 0x1a, 0xc1, 0xb6, 0x8d, 0xb9, 0xb4,
    0x1c, 0x42, 0x74, 0x0, 0xdf, 0xd2, 0xdf, 0xe4,
    0x0, 0xc6, 0x62, 0x28, 0xc4, 0xc8, 0xc8, 0xb0,
    0xe, 0x67, 0x6a, 0x2e, 0xe6, 0x70, 0x8b, 0xbb,
    0x39, 0x19, 0x85, 0xbb, 0xb0, 0x80, 0x49, 0xc7,
    0x8c, 0xbe, 0x7a, 0xa0, 0x10, 0xbf, 0x45, 0xd0,
    0x80, 0x6, 0xe2, 0x7a, 0x4, 0x3b, 0x71, 0x40,
    0x3c, 0xb9, 0xa0, 0x20,

    /* U+6885 "梅" */
    0x0, 0xff, 0xe3, 0x1f, 0x0, 0x47, 0xa0, 0x1f,
    0xfc, 0x29, 0x2e, 0xef, 0x0, 0x9, 0x80, 0x84,
    0x9f, 0x73, 0x3c, 0x3, 0xb4, 0x3a, 0xdf, 0x44,
    0x5f, 0x0, 0xf4, 0x7, 0x32, 0x77, 0xff, 0x9c,
    0x0, 0x3a, 0xc, 0x32, 0x53, 0x6d, 0xde, 0xa2,
    0x1, 0x20, 0xd1, 0x3, 0x92, 0x7d, 0x0, 0x98,
    0x0, 0x80, 0x17, 0x1a, 0x73, 0xb6, 0xda, 0x96,
    0x81, 0x4e, 0xd, 0x72, 0x1c, 0xb1, 0xdc, 0x28,
    0x51, 0x6d, 0x0, 0xb, 0x9, 0xed, 0xb9, 0x82,
    0x89, 0x3b, 0x80, 0x26, 0x20, 0x5c, 0x20, 0x31,
    0x3, 0x90, 0xc, 0x66, 0xff, 0x6c, 0xf8, 0xe9,
    0x0, 0x79, 0xff, 0xee, 0xe4, 0x8f, 0x90, 0x7,
    0xf9, 0x3a, 0x60, 0x3, 0x1f, 0x0, 0x79, 0x7f,
    0xcc, 0x0,

    /* U+68A6 "梦" */
    0x0, 0x8b, 0x80, 0x38, 0xf8, 0x3, 0xf, 0xfb,
    0x47, 0xfd, 0x1d, 0xf8, 0x3f, 0xf1, 0x8f, 0x69,
    0x3, 0x74, 0x7e, 0x90, 0x1f, 0x70, 0xc0, 0x68,
    0x0, 0xb0, 0x3, 0x60, 0x20, 0xc2, 0x0, 0x66,
    0x48, 0xea, 0x22, 0x1e, 0x43, 0xa5, 0xc0, 0xa6,
    0x98, 0x7, 0x5, 0xb5, 0xc0, 0xb6, 0x14, 0xb5,
    0x0, 0x23, 0x2c, 0x30, 0x8, 0xf5, 0x40, 0x80,
    0xb9, 0xb2, 0x37, 0xf0, 0x78, 0x88, 0x1, 0xb,
    0xe0, 0xff, 0x76, 0x45, 0x20, 0x8, 0xbf, 0xdd,
    0x8e, 0x23, 0x43, 0x50, 0x6, 0x2e, 0x82, 0xfa,
    0xd6, 0xd5, 0xf1, 0x0, 0xfc, 0x90, 0x73, 0x58,
    0x40, 0x1e, 0x36, 0xae, 0xa6, 0xe7, 0x0, 0xf9,
    0xf2, 0x8a, 0xba, 0x4, 0x3, 0xf3, 0xfe, 0x42,
    0x0, 0x7f, 0x80,

    /* U+68C0 "检" */
    0x0, 0xff, 0xe3, 0xf8, 0x80, 0x64, 0xe0, 0xf,
    0xfe, 0x14, 0x83, 0x80, 0x71, 0x10, 0x14, 0x80,
    0x16, 0x9f, 0x4e, 0x1, 0xe, 0x68, 0x5c, 0x85,
    0x3c, 0x8e, 0x4c, 0x80, 0x3, 0xd6, 0x1b, 0x38,
    0xf2, 0x88, 0x58, 0x5d, 0x20, 0x6, 0x84, 0xda,
    0xc4, 0xc4, 0x55, 0xa8, 0xc0, 0x4, 0x7, 0xf9,
    0x5c, 0xce, 0x19, 0x40, 0x46, 0x8, 0xc4, 0x60,
    0x4a, 0x0, 0x53, 0x80, 0x3f, 0x81, 0x69, 0xa0,
    0x15, 0x0, 0x55, 0x80, 0x99, 0x40, 0x22, 0x33,
    0x8, 0xb, 0x30, 0x40, 0xb8, 0x3, 0x91, 0x82,
    0x4e, 0x6c, 0x2, 0x30, 0xe, 0x95, 0x7, 0x57,
    0x20, 0xf, 0x93, 0x33, 0xa1, 0x33, 0x2, 0x1,
    0xcb, 0x11, 0xd7, 0x31, 0x1,

    /* U+6B23 "欣" */
    0x0, 0xf2, 0x80, 0xa, 0x0, 0x3e, 0x26, 0xaf,
    0xe3, 0x5, 0x40, 0xf, 0xe, 0xff, 0xba, 0xcc,
    0x31, 0x44, 0x70, 0x6, 0x95, 0x10, 0x9, 0x5b,
    0xbb, 0x40, 0x7, 0xe4, 0xf, 0xfc, 0x7a, 0x1,
    0x6e, 0xe9, 0xf6, 0x1f, 0x0, 0x1a, 0x0, 0x53,
    0x22, 0xaf, 0x59, 0x30, 0x2, 0x18, 0x81, 0x82,
    0x20, 0x51, 0xbc, 0x44, 0x0, 0x4e, 0x0, 0xfe,
    0x10, 0x70, 0x30, 0x20, 0x0, 0x88, 0x3, 0xec,
    0x4, 0x0, 0xce, 0x60, 0x1f, 0x22, 0xd0, 0x6,
    0x11, 0x0, 0x78, 0xcd, 0x62, 0x80, 0x16, 0xa8,
    0x7, 0xa1, 0x86, 0x64, 0x1, 0x2e, 0x0, 0x74,
    0x2c, 0x2, 0xb5, 0x0, 0x4a, 0x1, 0x99, 0xf4,
    0x40, 0x16, 0xee, 0xd, 0x0, 0xb8, 0xdf, 0xc,
    0x3, 0x63, 0x0,

    /* U+6B66 "武" */
    0x0, 0x6f, 0xff, 0x23, 0x61, 0x6a, 0x0, 0x6c,
    0xee, 0xe4, 0x0, 0x15, 0xd9, 0x80, 0x21, 0x1f,
    0x1, 0x88, 0x35, 0x10, 0x1, 0x13, 0xf6, 0x9a,
    0x20, 0x40, 0x3, 0x11, 0xf9, 0x46, 0x23, 0x8,
    0xb3, 0x33, 0x7e, 0x63, 0xc3, 0x33, 0x8, 0x2,
    0x48, 0x1d, 0xc0, 0x3, 0x1, 0x0, 0xf2, 0x8,
    0x2, 0xb7, 0x42, 0x4, 0x1, 0xfe, 0x9e, 0xe0,
    0x1a, 0x80, 0x7f, 0x8c, 0xe0, 0x5c, 0x0, 0xff,
    0xe1, 0x6a, 0x0, 0x25, 0x0, 0x30, 0x9e, 0xce,
    0x3a, 0xa, 0x81, 0x1, 0x49, 0x67, 0x1, 0xc,
    0xa8, 0x3d, 0xa2, 0xa8, 0xcd, 0x17, 0xdc, 0xb8,
    0x52, 0x8, 0x7b, 0x71,

    /* U+6BB5 "段" */
    0x0, 0xe6, 0x60, 0x7, 0xfc, 0xb5, 0xf6, 0x20,
    0x7f, 0xf8, 0x40, 0x21, 0xa2, 0xcd, 0x70, 0x0,
    0xff, 0x80, 0x3e, 0x83, 0x0, 0x9c, 0x3, 0xfc,
    0xef, 0x28, 0x1a, 0x80, 0x7f, 0x5e, 0x64, 0x17,
    0x80, 0x1f, 0xd9, 0x76, 0x99, 0xb, 0x80, 0x17,
    0xf8, 0xc0, 0x23, 0x22, 0xbf, 0xc2, 0x35, 0xf7,
    0xc, 0x2, 0xdc, 0xc4, 0x9e, 0xf7, 0x6f, 0x0,
    0xee, 0xea, 0xd5, 0xa3, 0xfd, 0xa, 0x1, 0xf1,
    0x20, 0x5c, 0x88, 0xa7, 0x80, 0x7, 0x61, 0xdf,
    0x9e, 0x4, 0xdb, 0x4e, 0x80, 0x11, 0x86, 0xff,
    0x58, 0x2, 0x49, 0x2c, 0x2, 0x38, 0x3, 0x0,
    0x85, 0xfd, 0x5b, 0x5c, 0x80, 0x3e, 0x5e, 0xba,
    0xb9, 0xbc, 0xd1, 0x1, 0xf0, 0x9, 0x7b, 0x10,
    0x0, 0x97, 0xe2,

    /* U+6BDB "毛" */
    0x0, 0xff, 0x9, 0x0, 0x7f, 0x8d, 0xef, 0xbc,
    0x40, 0x21, 0x47, 0x9c, 0xfc, 0xc1, 0xe6, 0x88,
    0x1, 0xfa, 0x70, 0x58, 0xbe, 0xe0, 0xc0, 0x33,
    0xfe, 0xdc, 0x78, 0x7, 0x88, 0x3, 0xe2, 0x37,
    0x9b, 0xef, 0xd0, 0x1, 0x56, 0x77, 0xc0, 0xe0,
    0xed, 0x6f, 0x80, 0x45, 0x54, 0xe9, 0x2b, 0x86,
    0x42, 0x0, 0x8a, 0x19, 0x4, 0xc0, 0x31, 0x2b,
    0xc8, 0x4, 0x48, 0xdc, 0x59, 0xdf, 0xb1, 0x82,
    0x2b, 0xfd, 0xaa, 0x38, 0xce, 0xf7, 0xed, 0xc0,
    0xce, 0xff, 0x64, 0x9a, 0x98, 0x80, 0x46, 0x4,
    0x40, 0xf, 0xfa, 0x60, 0x3, 0x84, 0x90, 0xc8,
    0xa4, 0x46, 0x80, 0x72, 0x22, 0xf3, 0x76, 0xb4,
    0x50,

    /* U+6C5F "江" */
    0x0, 0x8, 0x7, 0xff, 0x9, 0x7d, 0x80, 0x3f,
    0xf8, 0x2b, 0x51, 0x65, 0xff, 0xf9, 0x40, 0x24,
    0xf8, 0x2c, 0xc8, 0xd3, 0x32, 0x40, 0xc, 0x26,
    0x6, 0x73, 0x11, 0x9c, 0x20, 0x54, 0x60, 0x1f,
    0xfc, 0x12, 0x26, 0x50, 0x7, 0xff, 0x6, 0x37,
    0x40, 0x1f, 0xfc, 0x22, 0x70, 0xf, 0xfe, 0x19,
    0x40, 0x7, 0xff, 0xa, 0x8, 0x3, 0xff, 0x82,
    0x6b, 0x0, 0x1f, 0xfc, 0x1f, 0x62, 0x0, 0xff,
    0xe0, 0x31, 0x40, 0x77, 0xfc, 0xad, 0xff, 0x8c,
    0x3e, 0x4, 0x37, 0x33, 0xf8, 0xc2, 0x58, 0x0,
    0x67, 0xfe, 0x0,

    /* U+6C64 "汤" */
    0x0, 0x28, 0x7, 0xff, 0x8, 0xaf, 0x51, 0xff,
    0xfe, 0x40, 0x8, 0xb9, 0x21, 0xb7, 0x74, 0x3,
    0x20, 0x7, 0x4e, 0x9, 0x14, 0xb1, 0x32, 0x0,
    0xff, 0xd, 0x4d, 0xb0, 0x7, 0x49, 0x80, 0x4b,
    0xef, 0x4c, 0x45, 0x80, 0x1d, 0x92, 0x7, 0x42,
    0x57, 0xbb, 0xc0, 0x7, 0xd0, 0x1, 0xff, 0xe,
    0x79, 0x5d, 0x84, 0x2, 0x29, 0x0, 0xa1, 0xc,
    0xe4, 0x13, 0x0, 0xca, 0x80, 0xaf, 0x61, 0x12,
    0x6, 0x20, 0x1a, 0xca, 0x2f, 0x5, 0x15, 0xc3,
    0x98, 0x2, 0x60, 0x6f, 0xc2, 0x1a, 0xb0, 0x1,
    0x10, 0x2, 0x89, 0x7, 0x21, 0xc6, 0x50, 0x3,
    0xf0, 0x1, 0xc1, 0xc0, 0x7, 0x89, 0x0, 0x28,
    0x48, 0x0, 0x3b, 0x0, 0xe, 0xdc, 0x81, 0xf5,
    0xb1, 0x0, 0x11, 0x40, 0x3, 0xcc, 0x0, 0x3f,
    0xf4, 0x80, 0x0,

    /* U+6C6A "汪" */
    0x0, 0xff, 0xe2, 0xbf, 0xc0, 0x0, 0x8b, 0xf8,
    0x0, 0xf8, 0x9a, 0x5b, 0xbf, 0xbc, 0x2, 0x3c,
    0xf2, 0xff, 0xa4, 0xbf, 0xed, 0x0, 0xe2, 0x0,
    0xff, 0x8f, 0x58, 0x3, 0xff, 0x82, 0x71, 0x7a,
    0x20, 0x1f, 0xfc, 0x5, 0xd8, 0x10, 0xbc, 0xc4,
    0x16, 0x65, 0x0, 0x19, 0x40, 0x1f, 0x32, 0x71,
    0x99, 0xac, 0x3, 0x15, 0x2, 0x2a, 0xbc, 0xd5,
    0x63, 0x0, 0xd2, 0x1, 0xff, 0xc2, 0x44, 0x58,
    0x7, 0xff, 0x6, 0x5c, 0x40, 0x3f, 0xf8, 0xe,
    0x70, 0x8, 0xab, 0x79, 0xaa, 0xe0, 0x5, 0x58,
    0x3, 0xa6, 0x65, 0x29, 0x9c, 0x21, 0x8a, 0x0,
    0xac, 0xcf, 0xe1,

    /* U+6C88 "沈" */
    0x5, 0x81, 0x0, 0xef, 0x20, 0xf, 0x39, 0x72,
    0x80, 0x7f, 0xf0, 0xa, 0xb1, 0xc8, 0xa3, 0x6,
    0x22, 0xc0, 0x18, 0xcb, 0xf7, 0x58, 0x17, 0xbb,
    0x60, 0xc, 0x8, 0x5, 0x5f, 0xa1, 0xff, 0x58,
    0x0, 0xd3, 0x9c, 0x3, 0x30, 0x28, 0x7, 0x16,
    0x4f, 0x87, 0x20, 0x10, 0x50, 0x1, 0x34, 0x2,
    0x68, 0x3, 0x10, 0xc2, 0x0, 0xc6, 0x1, 0x8c,
    0xc0, 0x12, 0x20, 0x3, 0xfb, 0xd0, 0x0, 0x83,
    0xa0, 0x1f, 0x94, 0x9c, 0x1, 0x2e, 0xe0, 0xc,
    0x80, 0x1, 0xbb, 0x0, 0x24, 0xe4, 0x3, 0xa1,
    0x2, 0x9, 0x42, 0xdb, 0x44, 0x0, 0x62, 0x44,
    0x60, 0x3f, 0x8, 0x6d, 0x30, 0x32, 0xce, 0xd5,
    0x20, 0xa3, 0x8, 0xd2, 0x0, 0xb7, 0xfe, 0xb0,

    /* U+6CE2 "波" */
    0x2, 0xb4, 0x0, 0xe3, 0xe0, 0xf, 0x17, 0x4d,
    0x80, 0x8c, 0xc0, 0x23, 0x10, 0x4, 0xbb, 0x27,
    0xdd, 0x50, 0xf7, 0x5a, 0xa0, 0x18, 0x80, 0x7f,
    0xd8, 0x3f, 0xeb, 0x5, 0x1c, 0x60, 0xf, 0xf7,
    0x38, 0xc, 0xc6, 0x0, 0x42, 0x26, 0x1, 0x17,
    0x48, 0x1, 0x7a, 0x81, 0xc7, 0xb9, 0x43, 0xdc,
    0xb2, 0x0, 0xcc, 0x2, 0x52, 0x7f, 0xf5, 0x11,
    0x80, 0x65, 0x33, 0x33, 0x9, 0x40, 0x11, 0x40,
    0x1d, 0xb, 0xc4, 0x17, 0x61, 0x70, 0x70, 0xc,
    0xa6, 0xc7, 0xc0, 0xaf, 0x91, 0xc0, 0x1d, 0x12,
    0x8, 0x80, 0x7, 0x10, 0x80, 0x73, 0x1b, 0xb8,
    0x8d, 0x32, 0x69, 0xf2, 0x48, 0x1, 0xf2, 0x13,
    0x15, 0x6b, 0xeb, 0x36, 0x5a, 0xa1, 0x2e, 0x1e,
    0xb7, 0xd2, 0x20, 0x4, 0xbd, 0x50,

    /* U+6CE8 "注" */
    0x0, 0xfe, 0x20, 0xf, 0x8b, 0x58, 0x3, 0xb1,
    0x80, 0x3c, 0x53, 0x7a, 0x20, 0x15, 0xc0, 0x7,
    0xc9, 0xb6, 0x4, 0x53, 0x12, 0x11, 0x40, 0x1c,
    0xd3, 0xbb, 0x61, 0xde, 0xec, 0x21, 0x6, 0x0,
    0x8f, 0xfa, 0x87, 0xff, 0x8, 0x7e, 0xd8, 0x80,
    0x7f, 0xf0, 0x1f, 0xb0, 0x40, 0x3f, 0xf8, 0x4e,
    0x0, 0xcd, 0xd5, 0x8e, 0xec, 0xe0, 0x18, 0x70,
    0x22, 0x64, 0xc3, 0x33, 0x28, 0x6, 0x90, 0x2,
    0x25, 0xa0, 0x89, 0x10, 0x4, 0x2f, 0x0, 0x1f,
    0xfc, 0x18, 0x34, 0x0, 0xff, 0xe0, 0x1b, 0x78,
    0x11, 0x70, 0x11, 0x61, 0xb, 0x53, 0x1d, 0xdd,
    0x3, 0xbb, 0x98, 0x22, 0xc0, 0x7f, 0xff, 0xce,

    /* U+6CFD "泽" */
    0x1, 0x30, 0xf, 0xfe, 0x12, 0xe4, 0x4, 0xff,
    0xfd, 0x20, 0x12, 0x6b, 0x3c, 0xd0, 0xef, 0x72,
    0x82, 0x0, 0x31, 0x7b, 0x82, 0xbc, 0x89, 0x5d,
    0x8, 0x7, 0x8, 0x5, 0x23, 0xb9, 0x4a, 0x1,
    0x1f, 0x30, 0x6, 0x67, 0x0, 0x60, 0x80, 0x47,
    0x71, 0x67, 0x3d, 0x10, 0xdd, 0x27, 0x5b, 0x0,
    0x17, 0xfc, 0xe5, 0x7c, 0xb4, 0xd9, 0x82, 0xd0,
    0x8, 0x51, 0x16, 0xe4, 0x47, 0x22, 0xc, 0x58,
    0x6, 0x92, 0x5d, 0xd8, 0xa7, 0x75, 0x80, 0x18,
    0xd8, 0x17, 0xfe, 0x3a, 0xff, 0x68, 0x6, 0x85,
    0x33, 0xe1, 0x23, 0x3c, 0x0, 0x44, 0x4a, 0x77,
    0x62, 0x9e, 0xec, 0x21, 0x2a, 0x6b, 0xbb, 0x8e,
    0xf7, 0x70, 0x85, 0xc0, 0x7, 0xff, 0x4,

    /* U+6D69 "浩" */
    0x3, 0xc5, 0x0, 0xb, 0x82, 0x78, 0x7, 0x8e,
    0x27, 0x1, 0xb0, 0x3, 0xfc, 0x99, 0xe1, 0x49,
    0xf6, 0x1f, 0xf6, 0x0, 0x71, 0xa8, 0x6e, 0xa8,
    0x37, 0x70, 0xe, 0x28, 0x2, 0xe0, 0x88, 0x20,
    0x45, 0x8, 0xd, 0xd5, 0x2, 0x1c, 0x8a, 0x2,
    0x2c, 0x0, 0x7d, 0x20, 0x9d, 0xda, 0x43, 0x77,
    0x28, 0x0, 0xa0, 0x3f, 0xff, 0xca, 0x1, 0xe,
    0x4, 0xf7, 0x7c, 0xc0, 0x1a, 0xd8, 0xd, 0xf7,
    0x78, 0x84, 0x2, 0x35, 0x80, 0x0, 0x99, 0xf3,
    0x80, 0x6f, 0x62, 0x0, 0xff, 0xe0, 0x39, 0x40,
    0x4, 0xd9, 0x9c, 0x80, 0x11, 0xd8, 0x80, 0x49,
    0x11, 0xc8, 0x20,

    /* U+6D9B "涛" */
    0x0, 0x18, 0x7, 0xa0, 0xc0, 0x3c, 0x7b, 0x64,
    0x1, 0x99, 0xc0, 0x3c, 0x7e, 0x50, 0xff, 0xf0,
    0xdf, 0xfe, 0x0, 0x86, 0x69, 0xff, 0xd8, 0x1d,
    0xff, 0x80, 0x3c, 0x37, 0x6f, 0xa, 0xbb, 0x98,
    0x7, 0x54, 0x0, 0x31, 0x7, 0x48, 0x8c, 0x80,
    0x35, 0x49, 0x1, 0x22, 0x3e, 0x11, 0x63, 0x0,
    0x3e, 0x98, 0x77, 0x47, 0x1d, 0xdc, 0xa0, 0x2,
    0xa0, 0xff, 0x49, 0x7f, 0xd0, 0xbe, 0xa0, 0x12,
    0x48, 0x2, 0xcb, 0xfe, 0x85, 0xf4, 0x0, 0xa7,
    0xc1, 0x4f, 0x27, 0xb8, 0xe9, 0xc8, 0x0, 0x53,
    0x61, 0xb8, 0x9, 0x51, 0xf1, 0x10, 0x5, 0x76,
    0xc, 0x56, 0x39, 0x90, 0x7, 0xa4, 0x94, 0xc6,
    0x80, 0xd, 0xe3, 0xc0, 0x1b, 0x3c, 0xf, 0x4,
    0x2, 0x8e, 0x7f, 0x0, 0x0,

    /* U+6DB5 "涵" */
    0x1, 0x40, 0xf, 0xfe, 0xa, 0xdc, 0x83, 0xff,
    0xfd, 0x80, 0x4, 0xd5, 0x27, 0xee, 0xd8, 0x65,
    0xc0, 0x11, 0x61, 0x10, 0x46, 0x5d, 0x6c, 0x21,
    0x0, 0xc7, 0x80, 0x15, 0x45, 0x9, 0xf9, 0x73,
    0x0, 0x46, 0xe0, 0x5, 0xa, 0x50, 0x2b, 0x87,
    0x0, 0x1d, 0xa8, 0x2, 0x58, 0x80, 0xb, 0xec,
    0x1, 0x6e, 0x82, 0x53, 0x5c, 0x2, 0x11, 0x0,
    0x63, 0x14, 0x61, 0x0, 0xe6, 0x70, 0x3f, 0xd1,
    0xd2, 0xd6, 0x0, 0x8e, 0x44, 0x12, 0x98, 0x1,
    0x35, 0x80, 0x14, 0xab, 0x3, 0xba, 0x84, 0x40,
    0xf4, 0x0, 0x25, 0x90, 0x8, 0xb3, 0x4, 0x1,
    0xd0, 0x86, 0x3, 0xdf, 0x1b, 0xdd, 0x68, 0x3,
    0xa0, 0xf, 0x73, 0x3e, 0xb0,

    /* U+6E05 "清" */
    0x5, 0x70, 0xf, 0x72, 0x0, 0x79, 0xf3, 0x8f,
    0xbb, 0xd, 0xf7, 0x4e, 0x0, 0x2b, 0x83, 0xee,
    0xc3, 0x7d, 0xd3, 0x80, 0x66, 0x8, 0xdd, 0x86,
    0xb7, 0x61, 0x2, 0x70, 0xa, 0x37, 0x61, 0xad,
    0xd8, 0x40, 0x17, 0xc9, 0x1d, 0xd8, 0x2b, 0xbb,
    0x9, 0x64, 0x94, 0x7e, 0x67, 0xee, 0x10, 0x3,
    0xb0, 0x26, 0xcc, 0xf7, 0xc8, 0x7, 0x28, 0x0,
    0xee, 0xfa, 0x80, 0x38, 0xa8, 0x80, 0xf7, 0x7a,
    0x40, 0x3a, 0xd0, 0x80, 0xf7, 0x7a, 0x0, 0x31,
    0x34, 0x0, 0xf, 0xbb, 0xa4, 0x3, 0x4a, 0x18,
    0x0, 0xfb, 0xb7, 0xb8, 0x6, 0xc9, 0x0, 0xf9,
    0x79, 0xb4, 0x0,

    /* U+6F58 "潘" */
    0x4, 0x81, 0x0, 0x88, 0xd5, 0xe7, 0x30, 0x1,
    0x3a, 0xfa, 0xef, 0x7f, 0xab, 0x3e, 0x74, 0x2,
    0x3d, 0x73, 0xd4, 0xec, 0x3e, 0x6e, 0x90, 0xe,
    0x96, 0x2, 0x90, 0x8, 0x52, 0x80, 0x3e, 0x1b,
    0x1, 0x11, 0xb1, 0x98, 0x40, 0xac, 0xc1, 0xbb,
    0x17, 0x8a, 0x60, 0xfb, 0x82, 0x47, 0x94, 0xdf,
    0xe6, 0x32, 0x61, 0xbf, 0xf0, 0x84, 0x6f, 0x80,
    0xda, 0x68, 0xe5, 0x52, 0x4, 0x2, 0x25, 0x6e,
    0xc, 0x14, 0x14, 0xc4, 0xe2, 0x0, 0x91, 0x5d,
    0x3f, 0x9e, 0xfb, 0x4f, 0x8, 0x0, 0x36, 0x36,
    0x3d, 0xc4, 0xae, 0xd0, 0x30, 0xa, 0x50, 0x80,
    0x77, 0x49, 0x7b, 0x80, 0x18, 0x5f, 0xc0, 0x3,
    0xba, 0x3b, 0xdd, 0x0, 0x68, 0x34, 0x0, 0xff,
    0xe1, 0x40, 0x4, 0x3d, 0xc2, 0xbe, 0xd0, 0x8,

    /* U+7136 "然" */
    0x0, 0xc6, 0x1, 0xff, 0xc2, 0x4c, 0x10, 0xc,
    0xb8, 0xce, 0x1, 0xde, 0x19, 0xba, 0x10, 0x9,
    0xe9, 0x80, 0x24, 0x5e, 0xd9, 0x31, 0x3, 0x1,
    0xe3, 0x0, 0x15, 0x46, 0xb6, 0xbf, 0xfa, 0x4f,
    0xf2, 0x84, 0x5e, 0x8d, 0xda, 0xd5, 0xdc, 0x60,
    0xde, 0xe0, 0x9a, 0x65, 0x19, 0x29, 0x88, 0x90,
    0x10, 0x44, 0x5, 0x2c, 0x5e, 0xd0, 0x0, 0x42,
    0x7a, 0x0, 0xf7, 0xd, 0x10, 0xd, 0x3c, 0x12,
    0x80, 0x43, 0x32, 0xa5, 0x2, 0xc5, 0x80, 0xba,
    0x40, 0x6, 0x96, 0xa8, 0x26, 0xa5, 0x80, 0x16,
    0xac, 0x43, 0x28, 0x80, 0x9, 0x92, 0x1, 0xa,
    0x70, 0x80, 0x2a, 0x41, 0x68, 0xc3, 0x88, 0x27,
    0x44, 0x0, 0xa9, 0x0, 0x2e, 0x0, 0x5a, 0x8,
    0x18, 0x1, 0xaa, 0x8, 0x39, 0x0, 0x35, 0x0,
    0x1c, 0xe2, 0x2d, 0x50, 0x1, 0xf8, 0x1, 0xb0,
    0x0, 0x7a, 0x20,

    /* U+718A "熊" */
    0x0, 0xff, 0xe3, 0xe3, 0x0, 0x80, 0xf8, 0x4,
    0x60, 0x1a, 0x95, 0x99, 0x82, 0x0, 0x6a, 0xe9,
    0x0, 0xad, 0x4e, 0xe8, 0xb4, 0xc0, 0x67, 0xa8,
    0x40, 0x19, 0x1f, 0x1d, 0xc4, 0x10, 0x73, 0x0,
    0x70, 0x1, 0x62, 0xf7, 0x3b, 0x4c, 0xbf, 0xb9,
    0xe8, 0x1, 0xb3, 0x23, 0x1, 0x7e, 0xff, 0x6d,
    0x80, 0x65, 0x58, 0x40, 0xa, 0x93, 0x92, 0x20,
    0x1b, 0x76, 0x30, 0xb, 0x75, 0x96, 0x20, 0x1a,
    0xee, 0x20, 0xa, 0x14, 0x43, 0x8, 0x0, 0x22,
    0x33, 0x8, 0x4, 0xa6, 0x65, 0x33, 0x1, 0x90,
    0x24, 0xa2, 0x5, 0xfb, 0xfd, 0x30, 0x20, 0x32,
    0xad, 0x36, 0x21, 0xb7, 0x93, 0xe, 0x1, 0x58,
    0x1, 0x60, 0x1, 0x68, 0x0, 0xb2, 0x0, 0x52,
    0xa8, 0x9, 0x80, 0xf, 0xa0, 0xaa, 0xe0, 0x7,
    0xd0, 0x1, 0x20, 0x1, 0x76, 0x0, 0x5c, 0x80,

    /* U+71D5 "燕" */
    0x1, 0x1d, 0xaa, 0x22, 0x7b, 0x11, 0xc0, 0x5d,
    0xd8, 0xab, 0xb9, 0x9, 0xdd, 0x8c, 0xbf, 0xf1,
    0x67, 0xfa, 0x53, 0xff, 0x18, 0x7, 0xa2, 0xaa,
    0x0, 0xfe, 0x6a, 0x9f, 0xee, 0x44, 0x2d, 0x40,
    0x34, 0xdd, 0x81, 0xbf, 0xf1, 0x1, 0xc5, 0x80,
    0x37, 0xd0, 0x5, 0xa2, 0xa, 0x61, 0x23, 0x40,
    0x4, 0x47, 0x80, 0x4, 0xce, 0x0, 0x4c, 0x8c,
    0x0, 0x4f, 0x60, 0x1, 0x0, 0x18, 0x6, 0xe2,
    0x1c, 0xe4, 0x1, 0x3e, 0xe0, 0x0, 0xa3, 0x8,
    0x83, 0xd3, 0x5c, 0x5d, 0xd8, 0xa7, 0x63, 0xc0,
    0x2b, 0xa4, 0x58, 0x1, 0xc1, 0x9, 0xf1, 0x0,
    0x1a, 0x58, 0xa, 0x80, 0x83, 0x5, 0xab, 0x80,
    0xec, 0x10, 0x39, 0x0, 0x2e, 0xc0, 0x37, 0x2,
    0x2a, 0x70, 0x1, 0xe0, 0x1, 0xb8, 0x0, 0xb6,
    0x20,

    /* U+7269 "物" */
    0x0, 0xff, 0xe3, 0x9, 0xf0, 0x4, 0xd4, 0x1,
    0xf2, 0xd0, 0x7, 0x56, 0x0, 0x7c, 0x42, 0xc0,
    0x42, 0x23, 0xda, 0xae, 0x40, 0xd5, 0xa1, 0xd9,
    0x92, 0x6a, 0xe3, 0x1b, 0x88, 0x26, 0xe0, 0xfd,
    0x3c, 0x82, 0xb0, 0xd0, 0x9, 0x19, 0x0, 0x5d,
    0x5, 0x7c, 0x46, 0x70, 0x16, 0x0, 0x69, 0x73,
    0x32, 0x24, 0x2, 0xe0, 0x22, 0x41, 0xfe, 0xf,
    0x90, 0xbe, 0x0, 0x10, 0xef, 0x50, 0xed, 0xb8,
    0xb9, 0x99, 0x4, 0x4, 0x51, 0xdc, 0x2, 0x68,
    0xe0, 0x89, 0x2, 0x0, 0x94, 0x40, 0x24, 0xc3,
    0x66, 0x38, 0x31, 0x0, 0x7c, 0x46, 0x51, 0x0,
    0x6, 0xb8, 0x7, 0xe2, 0xc6, 0x53, 0x33, 0x60,
    0x7, 0xe7, 0x68, 0xc, 0xc2, 0xb0, 0x6, 0x3e,
    0x0, 0x2c, 0x0, 0x3f, 0xd6, 0x0,

    /* U+732E "献" */
    0x0, 0xd4, 0xe0, 0x1d, 0xca, 0xa0, 0x0, 0xff,
    0xcb, 0x1f, 0xed, 0x0, 0xd6, 0x60, 0x3d, 0xd2,
    0x3f, 0x73, 0x0, 0x26, 0x8f, 0x0, 0x8, 0xe0,
    0x11, 0x80, 0x27, 0x6e, 0x0, 0x5f, 0xf9, 0x5f,
    0xfd, 0x3f, 0xe1, 0xbf, 0xd2, 0x0, 0x5b, 0xff,
    0x3c, 0x87, 0x70, 0x23, 0xb8, 0x40, 0x19, 0x5b,
    0x80, 0x2, 0x20, 0xe1, 0x10, 0x4, 0x36, 0x56,
    0xa0, 0x10, 0x81, 0x0, 0x71, 0x7c, 0x8f, 0xf0,
    0x0, 0x81, 0x0, 0x38, 0xf1, 0xaf, 0x38, 0x0,
    0xaa, 0x23, 0x0, 0xdd, 0xc7, 0x9e, 0xd0, 0x6,
    0xe2, 0xd0, 0x6, 0xee, 0x3c, 0xf6, 0x80, 0xa3,
    0xdb, 0x8, 0x7, 0xc2, 0x20, 0x87, 0x13, 0x6d,
    0x0, 0xee, 0x28, 0xaf, 0x48, 0x0, 0x4b, 0x0,
    0x2d, 0x1, 0x92, 0x75, 0xb4, 0x3, 0x50, 0x0,

    /* U+738B "王" */
    0x5, 0xff, 0xff, 0xe0, 0x28, 0x1, 0x37, 0x79,
    0x17, 0x77, 0x90, 0x0, 0x24, 0x5c, 0x26, 0x45,
    0xc2, 0x1, 0xff, 0xe7, 0xaf, 0xfc, 0xad, 0xff,
    0xb0, 0x3, 0x46, 0x66, 0x44, 0x66, 0x6f, 0x0,
    0xc4, 0x67, 0x84, 0x8c, 0xf8, 0x3, 0xff, 0xcc,
    0x5b, 0xbe, 0x56, 0xdd, 0xf1, 0x12, 0x23, 0xd5,
    0x48, 0x8f, 0x18,

    /* U+742A "琪" */
    0x1, 0x1e, 0x1, 0xf0, 0x8, 0xf8, 0x0, 0x3b,
    0x9d, 0xb4, 0x24, 0x6, 0x44, 0x60, 0x20, 0x1c,
    0xf1, 0xcb, 0x8c, 0xc, 0xdd, 0x50, 0xeb, 0x0,
    0x7a, 0x78, 0x3f, 0xec, 0x1f, 0x60, 0xf, 0xed,
    0xdc, 0x1, 0xbb, 0x47, 0xe0, 0x2, 0xfc, 0xc5,
    0x0, 0x68, 0x70, 0x8c, 0x0, 0x8c, 0x44, 0x1,
    0xcd, 0x42, 0xe8, 0x1, 0x7f, 0x72, 0xc0, 0x3f,
    0xf8, 0x1d, 0xd6, 0x0, 0x7e, 0x2e, 0xe0, 0x7f,
    0x73, 0x7, 0xa4, 0x0, 0x83, 0xdf, 0x9b, 0x35,
    0x98, 0x8c, 0xc4, 0x17, 0xdb, 0x56, 0x90, 0xc8,
    0x11, 0x37, 0x8c, 0x4b, 0x75, 0x28, 0xb, 0x90,
    0xa0, 0xa, 0x4c, 0x10, 0x20, 0x8, 0x62, 0xdc,
    0x3, 0x4b, 0xb8, 0x3, 0x87, 0x50, 0x3, 0xd4,
    0xc0,

    /* U+7434 "琴" */
    0xd, 0xef, 0xf7, 0x71, 0x23, 0xb9, 0xfe, 0xee,
    0x0, 0x37, 0xac, 0xbb, 0x89, 0x1d, 0xc4, 0x9e,
    0xe0, 0x1, 0xae, 0x4a, 0xec, 0x0, 0xcc, 0x25,
    0xe4, 0x80, 0x1e, 0x6c, 0x66, 0x40, 0xe, 0xe1,
    0xd7, 0x40, 0x4, 0x66, 0x3, 0x30, 0x0, 0xcc,
    0x0, 0x30, 0xb, 0x31, 0x7, 0x98, 0x99, 0x7f,
    0x8a, 0x7f, 0xc4, 0x1b, 0xbd, 0x4e, 0xe8, 0xee,
    0xe2, 0x0, 0xcb, 0xba, 0xad, 0xad, 0x61, 0x0,
    0xc7, 0x3f, 0x32, 0xaf, 0x8c, 0x9d, 0xeb, 0x61,
    0x17, 0x5, 0xea, 0x8d, 0x3a, 0xaa, 0xb7, 0x28,
    0x7, 0x6e, 0xdd, 0xd8, 0xeb, 0xba, 0x7c, 0x10,
    0x1, 0x7f, 0xfd, 0x3, 0xc0, 0x1f, 0xfc, 0x6,
    0x8d, 0x20, 0xf, 0xf9, 0xa7, 0xc, 0x3, 0xff,
    0x80, 0x98, 0x60, 0x1c,

    /* U+7476 "瑶" */
    0x0, 0xff, 0xe1, 0x89, 0x16, 0x1, 0x24, 0x57,
    0x9c, 0xe1, 0x9d, 0xdc, 0xbf, 0xfe, 0x8d, 0x18,
    0xf8, 0x6f, 0x59, 0xeb, 0xdf, 0x66, 0x68, 0x7,
    0xc7, 0xc0, 0xb2, 0x11, 0x0, 0xf, 0x94, 0xc,
    0xd8, 0x26, 0xe0, 0x3f, 0xd, 0xe1, 0x5, 0xbf,
    0xbe, 0xfe, 0x83, 0xac, 0xba, 0xc9, 0xdc, 0xd1,
    0xee, 0x90, 0xb, 0x8c, 0x9f, 0xc4, 0x3, 0xff,
    0x81, 0x3b, 0xfe, 0xc1, 0xff, 0xb8, 0x3, 0x1c,
    0xd7, 0x7d, 0x8f, 0xfa, 0x30, 0xb, 0x1b, 0x8e,
    0x84, 0x1c, 0x2, 0x90, 0x5d, 0x1b, 0xd2, 0x0,
    0xfe, 0x5f, 0xa4, 0x0, 0xae, 0xde, 0x37, 0x61,
    0x0, 0xfa, 0xff, 0xd1, 0x7f, 0xe0, 0x0,

    /* U+751F "生" */
    0x0, 0x92, 0x40, 0x13, 0x40, 0x1f, 0xef, 0x30,
    0xf, 0xfe, 0x8, 0xa6, 0x99, 0xc2, 0x67, 0xc2,
    0x1, 0x40, 0x46, 0x61, 0x53, 0x33, 0x9c, 0x0,
    0x8d, 0x9f, 0xf3, 0x2f, 0xff, 0x30, 0x2, 0x5c,
    0xc0, 0x3f, 0xf8, 0x39, 0x0, 0x1f, 0xfc, 0x21,
    0x4d, 0xdc, 0xeb, 0xbb, 0xac, 0x3, 0x2c, 0xce,
    0x53, 0x99, 0xde, 0x1, 0x85, 0x13, 0x13, 0x22,
    0x70, 0x7, 0xff, 0x5c, 0xcf, 0xe1, 0x33, 0xf0,
    0xe, 0x67, 0x95, 0x33, 0x3c, 0x40,

    /* U+7530 "田" */
    0x3, 0x3f, 0xfe, 0xa, 0x66, 0x7f, 0xf0, 0x34,
    0x7, 0xff, 0x58, 0xff, 0xeb, 0x0, 0xff, 0xf0,
    0xf, 0xfe, 0xb1, 0xff, 0xd6, 0x1, 0x66, 0x68,
    0xc, 0xcd, 0x0, 0x1, 0x33, 0xe1, 0x33, 0xe0,
    0xf, 0xfe, 0xb8, 0x80, 0x70, 0x80, 0x7, 0xff,
    0x50, 0xff, 0xea, 0x0, 0xe, 0xef, 0xfa, 0x40,

    /* U+7535 "电" */
    0x0, 0xee, 0x50, 0xf, 0x84, 0x78, 0xc, 0x47,
    0x80, 0x1d, 0xdc, 0x33, 0xdd, 0xbc, 0x2, 0xbf,
    0xf8, 0x67, 0xfe, 0xa0, 0xf, 0xe3, 0x0, 0x84,
    0x3, 0x56, 0xec, 0x37, 0xbb, 0x50, 0x6, 0x9e,
    0xe8, 0x1b, 0xba, 0x90, 0xc, 0x67, 0x87, 0x4c,
    0xf0, 0x6, 0x23, 0x38, 0x48, 0xcf, 0x0, 0x69,
    0xcc, 0x82, 0x33, 0x28, 0x0, 0x87, 0x3f, 0xe1,
    0xaf, 0xfd, 0xd0, 0x5c, 0x60, 0x1f, 0xe5, 0x70,
    0xe, 0x3f, 0x33, 0xcc, 0x4e, 0x1, 0xd0, 0x99,
    0x9a, 0x1c, 0x80,

    /* U+7537 "男" */
    0x0, 0x2f, 0xff, 0xfb, 0x80, 0x31, 0x7f, 0xd6,
    0x3f, 0xf5, 0x0, 0x7f, 0xf2, 0xb, 0xba, 0xb1,
    0xee, 0xa8, 0x3, 0x8b, 0xba, 0xa1, 0xee, 0xa8,
    0x3, 0xc2, 0x30, 0x0, 0x46, 0x30, 0xe, 0x2e,
    0xea, 0x87, 0xba, 0x90, 0xc, 0xbf, 0xf9, 0x5b,
    0xff, 0x70, 0x1, 0xf3, 0x39, 0x5f, 0x33, 0x94,
    0x12, 0x23, 0x30, 0x5c, 0x46, 0x20, 0x1, 0xa2,
    0x4c, 0x90, 0xa8, 0x98, 0x58, 0x3, 0x26, 0x23,
    0x80, 0x62, 0x3, 0x2, 0x6c, 0xb9, 0xa0, 0x0,
    0x80, 0x28, 0x80, 0x1d, 0x57, 0xce, 0x1, 0x5f,
    0xf9, 0xa4, 0x1, 0x98, 0x71, 0x0, 0xd5, 0xfe,
    0xe4, 0x0,

    /* U+7597 "疗" */
    0x0, 0xfc, 0x40, 0x1f, 0xfc, 0x3f, 0x60, 0xf,
    0xe3, 0x3e, 0x7a, 0x33, 0xe0, 0xd, 0xba, 0xee,
    0x9c, 0x7b, 0xb8, 0xcd, 0xa0, 0xa, 0xdd, 0xff,
    0x19, 0x99, 0xc0, 0x6, 0x89, 0xf2, 0x80, 0x51,
    0x40, 0xa, 0x88, 0xf5, 0xd2, 0x0, 0xf, 0x40,
    0x13, 0x99, 0xbc, 0xb, 0x50, 0x2, 0x61, 0x70,
    0xd, 0x3b, 0x5a, 0x40, 0x4, 0xda, 0x2, 0x0,
    0xcf, 0x6c, 0x1, 0x9e, 0x20, 0x2, 0x1, 0xc2,
    0x1, 0xc6, 0xb8, 0x80, 0x1f, 0xfc, 0x26, 0xe0,
    0xf, 0xfe, 0xc, 0x9a, 0x80, 0x42, 0x30, 0x7,
    0xcb, 0xe0, 0x12, 0x77, 0x9, 0x40, 0x3d, 0x84,
    0x1, 0x27, 0xfb, 0x44, 0x3, 0x80,

    /* U+75AB "疫" */
    0x0, 0xfc, 0xe8, 0x1, 0xff, 0xc2, 0xf8, 0x0,
    0xfe, 0xcd, 0xdc, 0xc7, 0xbb, 0xc4, 0x2c, 0x5,
    0x53, 0x35, 0x5c, 0xcf, 0x10, 0x42, 0x2, 0x21,
    0xbf, 0xf9, 0x91, 0x0, 0x31, 0x0, 0x8, 0x53,
    0xfe, 0x41, 0x0, 0xcd, 0x40, 0x12, 0x9a, 0x24,
    0x2e, 0x1, 0xcc, 0x0, 0x59, 0x90, 0x4, 0x53,
    0x8e, 0x1, 0x30, 0xb4, 0xd2, 0x80, 0x5b, 0x12,
    0x80, 0x7b, 0x60, 0x88, 0xaf, 0xfd, 0xd4, 0x66,
    0x0, 0x5c, 0x80, 0xc1, 0x4f, 0xfd, 0x42, 0xc0,
    0x3, 0x6c, 0x40, 0x4, 0xc1, 0x81, 0xdd, 0x0,
    0x72, 0xe8, 0x1, 0x2b, 0x2b, 0x69, 0x0, 0x33,
    0x9b, 0x81, 0x2f, 0xb, 0x86, 0xa9, 0x0, 0x59,
    0x63, 0x1b, 0xdb, 0xfb, 0x83, 0x3b, 0x0, 0xb,
    0x50, 0x8f, 0xb7, 0x10, 0x28, 0xcf, 0x80,

    /* U+75C5 "病" */
    0x0, 0xfc, 0xe8, 0x1, 0xff, 0xc2, 0xdf, 0x0,
    0xfe, 0xcd, 0xdc, 0x88, 0xdd, 0xe5, 0x4, 0x2,
    0xbe, 0xeb, 0x73, 0xbb, 0x90, 0xac, 0x40, 0x8b,
    0xfe, 0x12, 0x47, 0x3, 0xee, 0xff, 0x20, 0x76,
    0x2, 0x7f, 0xe1, 0xcf, 0xfc, 0x80, 0xb4, 0x0,
    0x33, 0xc2, 0xa6, 0x71, 0x0, 0x70, 0xef, 0x74,
    0x17, 0xdc, 0xde, 0x0, 0x3f, 0x9, 0x87, 0xee,
    0x7, 0xee, 0xac, 0x0, 0xd9, 0x2, 0x20, 0xa,
    0x4b, 0x10, 0x3, 0x35, 0xf2, 0x0, 0x5, 0xdb,
    0x36, 0x98, 0x3, 0xb, 0x70, 0x1, 0x33, 0xc4,
    0xf3, 0x6, 0x1, 0x59, 0x20, 0x1, 0x6c, 0x40,
    0x7, 0x62, 0x1, 0xf, 0x0, 0x7e, 0x6e, 0x9b,
    0x0,

    /* U+75C7 "症" */
    0x0, 0xfc, 0xca, 0x1, 0xff, 0xc2, 0x1b, 0x0,
    0xfe, 0xde, 0xed, 0x3, 0xdd, 0xc4, 0x6, 0x7,
    0x19, 0x96, 0xeb, 0x33, 0x88, 0x74, 0x40, 0x8b,
    0xfe, 0x1, 0x46, 0x0, 0x77, 0xff, 0xea, 0x0,
    0x7e, 0x80, 0x33, 0x76, 0x65, 0xdd, 0xac, 0x0,
    0xb4, 0xe, 0x45, 0x84, 0xc8, 0xa1, 0x0, 0xc2,
    0x3, 0x20, 0x11, 0x80, 0x70, 0xc7, 0x1, 0x1b,
    0x0, 0x4b, 0xff, 0x48, 0x39, 0xd8, 0x8, 0x7,
    0x2f, 0xfd, 0x20, 0xd6, 0x46, 0x1, 0xe3, 0x0,
    0xfa, 0xec, 0x1, 0xff, 0xc1, 0x53, 0x63, 0x70,
    0x33, 0x11, 0xc, 0xf0, 0x2, 0xe0, 0x7a, 0xc7,
    0x74, 0x8b, 0xbb, 0x88, 0x29, 0xc3, 0x7b, 0xbf,
    0xc4,

    /* U+75EB "痫" */
    0x0, 0xfc, 0xa2, 0x1, 0xff, 0xc2, 0x98, 0x0,
    0xfc, 0x5f, 0xfc, 0x6d, 0xff, 0xc8, 0x6, 0x3,
    0xf9, 0xff, 0xfc, 0x81, 0xac, 0x0, 0xbc, 0xa,
    0xaf, 0x40, 0x1, 0x30, 0x1, 0xc, 0xbd, 0xdc,
    0x48, 0x0, 0xee, 0x1, 0x5d, 0x2a, 0x70, 0xa2,
    0x30, 0x2, 0x45, 0x0, 0x28, 0x99, 0x84, 0x8c,
    0xc0, 0x18, 0x64, 0xc0, 0x5, 0x1e, 0x95, 0x10,
    0x0, 0x93, 0xd8, 0x40, 0x7, 0x6a, 0x7, 0x36,
    0x1, 0x35, 0x22, 0x80, 0x4a, 0x89, 0x78, 0x80,
    0x44, 0x87, 0xe0, 0x6, 0xbf, 0x1f, 0xaa, 0x0,
    0x61, 0x47, 0x0, 0x7e, 0x10, 0x1, 0xf4, 0x3,
    0x42, 0x88, 0x2, 0x48, 0x3, 0x30, 0x80, 0x4b,
    0x60, 0x1e, 0xe7, 0x9f, 0xba, 0x0, 0x60, 0x81,
    0x70, 0x4, 0x85, 0x3f, 0xcc, 0x0,

    /* U+7624 "瘤" */
    0x0, 0xfc, 0xe8, 0x1, 0xff, 0xc2, 0xdf, 0x0,
    0xfe, 0xff, 0xe5, 0x4f, 0xfe, 0x61, 0x70, 0x7,
    0x7f, 0xaa, 0x3f, 0xfc, 0xc3, 0x24, 0x0, 0xbc,
    0xd3, 0x5f, 0xfd, 0x40, 0x7, 0x50, 0x3, 0x7d,
    0x9a, 0xe8, 0xfc, 0x80, 0x58, 0x1, 0xc5, 0x2,
    0x8a, 0x0, 0x30, 0x2, 0xb8, 0x0, 0xee, 0x81,
    0xb7, 0x3, 0xb8, 0x1, 0x18, 0x18, 0x97, 0xdd,
    0x95, 0x31, 0xd0, 0x6, 0x70, 0xb, 0x25, 0xdc,
    0x16, 0x13, 0x66, 0x4, 0x74, 0x61, 0x3d, 0x10,
    0x39, 0x8e, 0xb1, 0x3, 0xa2, 0x50, 0x2, 0xdd,
    0x87, 0xae, 0xc0, 0x1d, 0x74, 0x0, 0x6c, 0xc0,
    0xf6, 0x60, 0x3, 0x20, 0x18, 0x2, 0x73, 0x3,
    0xb9, 0x80, 0xd, 0xfc, 0x1, 0x47, 0x70, 0x7f,
    0xb8, 0x20, 0x15, 0x90, 0x2, 0xbf, 0xb9, 0xfd,
    0xd8, 0x40,

    /* U+764C "癌" */
    0x0, 0xfc, 0x82, 0x1, 0xff, 0xc2, 0xe8, 0x0,
    0xfe, 0xcc, 0xe7, 0x6c, 0xce, 0x40, 0x30, 0x38,
    0xff, 0xbb, 0x3f, 0xf9, 0x47, 0x48, 0x10, 0xff,
    0xbb, 0xb0, 0x4c, 0x44, 0x8a, 0x1, 0xbb, 0x77,
    0x8, 0x6, 0xcf, 0x0, 0x9b, 0xb7, 0x71, 0x80,
    0x66, 0x90, 0x12, 0x8f, 0xf6, 0xff, 0xc0, 0x40,
    0x11, 0x82, 0xfc, 0x43, 0x47, 0xe6, 0x21, 0xa0,
    0x33, 0xa2, 0xb, 0x54, 0x20, 0x5, 0x54, 0x0,
    0x21, 0x92, 0x75, 0xdd, 0x0, 0x1b, 0x37, 0x46,
    0x7, 0x1e, 0xa4, 0xfb, 0xb7, 0x4e, 0xea, 0xec,
    0x1, 0x3d, 0x1b, 0x80, 0x7d, 0xda, 0x0, 0x72,
    0x30, 0x29, 0x98, 0x22, 0x64, 0x80, 0x16, 0x70,
    0x1c, 0xff, 0xd3, 0x9f, 0xe7, 0x0, 0xac, 0x80,
    0x59, 0xbf, 0x5d, 0x0,

    /* U+766B "癫" */
    0x0, 0xfc, 0x82, 0x1, 0xff, 0xc2, 0x8b, 0x0,
    0xfc, 0x39, 0x9c, 0x4b, 0x99, 0xc0, 0x26, 0x7,
    0x10, 0x54, 0xab, 0x88, 0xe0, 0x6, 0x90, 0x6f,
    0xba, 0xf9, 0xcc, 0xae, 0x64, 0x63, 0x3e, 0x17,
    0x1, 0xd0, 0xdb, 0x85, 0xba, 0x30, 0x64, 0x4,
    0xd3, 0xec, 0x1c, 0xf2, 0xed, 0x0, 0xd, 0x8,
    0x25, 0xd8, 0x0, 0x3d, 0x7c, 0x1, 0x94, 0x2,
    0x22, 0x0, 0x69, 0x0, 0x8f, 0x64, 0x81, 0xfb,
    0x80, 0x1f, 0x86, 0xe5, 0x81, 0x88, 0x80, 0x1f,
    0x89, 0xb7, 0x40, 0x75, 0x41, 0x0, 0x8, 0x7,
    0x90, 0xad, 0xbf, 0xe, 0x9d, 0x10, 0x28, 0x0,
    0x82, 0x5f, 0x3c, 0x65, 0xab, 0x8a, 0xdc, 0x0,
    0x37, 0x1e, 0x48, 0xc1, 0x36, 0x49, 0xec, 0x90,
    0x79, 0x1f, 0xa0, 0x2, 0x9b, 0x10, 0x7, 0x8,

    /* U+767D "白" */
    0x0, 0xc4, 0xe2, 0x1, 0xfd, 0x52, 0x20, 0x1f,
    0xca, 0xc0, 0x1e, 0xef, 0xf8, 0x9f, 0xff, 0x94,
    0x22, 0xef, 0xf0, 0x4, 0x68, 0x9f, 0x84, 0x3,
    0xff, 0x9d, 0x7f, 0xff, 0x84, 0x1, 0x3b, 0xbf,
    0x84, 0x0, 0x45, 0xfc, 0x1, 0xff, 0xc3, 0x11,
    0xfe, 0x0, 0xab, 0xbb, 0xf0, 0x80, 0x2b, 0xbb,
    0xf1, 0x8,

    /* U+77E5 "知" */
    0x0, 0x10, 0x80, 0x7f, 0xf0, 0x71, 0x0, 0x3f,
    0xf8, 0x4, 0x22, 0x22, 0x85, 0xbb, 0xb9, 0x1,
    0x42, 0xf7, 0x68, 0x2, 0xdd, 0x84, 0x1, 0x35,
    0xc1, 0xdf, 0x20, 0xe6, 0x70, 0x83, 0x12, 0x80,
    0x7f, 0xf0, 0x1b, 0x80, 0x3f, 0xf8, 0x2d, 0xbf,
    0xc1, 0xdf, 0xe1, 0x0, 0xf3, 0xee, 0xa4, 0x37,
    0x61, 0x0, 0xf0, 0x91, 0x0, 0x2, 0x44, 0x0,
    0xff, 0x6a, 0x69, 0x0, 0x7f, 0x89, 0x2a, 0x70,
    0x80, 0x3f, 0xb9, 0x85, 0xd3, 0xc1, 0x33, 0x21,
    0x0, 0x51, 0x40, 0x2, 0xa4, 0xa, 0x66, 0x0,
    0x32, 0xd0, 0x80, 0x48, 0xc, 0xab, 0x1b, 0xb6,
    0xa0, 0x7, 0x35, 0x80, 0x58, 0x60,

    /* U+77F3 "石" */
    0x3, 0x3f, 0xfe, 0x10, 0x6e, 0x67, 0xff, 0x3,
    0x43, 0xbf, 0xe6, 0x3f, 0xff, 0xb8, 0x3, 0x9e,
    0x0, 0x3f, 0xf8, 0xc, 0x48, 0x1, 0xff, 0xc,
    0x48, 0x7, 0xff, 0x2, 0xc6, 0xbf, 0xff, 0x0,
    0x4c, 0xa1, 0x7b, 0xbe, 0x90, 0x9, 0x66, 0x81,
    0x48, 0xbe, 0x0, 0x25, 0x5a, 0x0, 0x7f, 0xc9,
    0x68, 0x1, 0xff, 0xc1, 0x40, 0xf, 0xfe, 0x37,
    0x7f, 0xfa, 0xc0, 0x3e, 0xbd, 0xdf, 0x50, 0x0,

    /* U+793A "示" */
    0x0, 0x11, 0x9f, 0xf8, 0x80, 0x35, 0xe6, 0x7f,
    0xa0, 0x3, 0x4f, 0xff, 0xfa, 0x80, 0x3f, 0xf8,
    0xe6, 0x7f, 0xfc, 0x20, 0x6, 0x67, 0xff, 0x8,
    0x1, 0xff, 0xe6, 0x5f, 0xff, 0x0, 0x63, 0x50,
    0xf, 0x29, 0x0, 0x7b, 0xb4, 0x3, 0xdf, 0xc0,
    0x1c, 0xc7, 0x20, 0x1e, 0xb2, 0x80, 0x8, 0xe6,
    0x4, 0x3, 0xc3, 0x4e, 0x40, 0x5a, 0xcc, 0x0,
    0xfc, 0x87, 0x0, 0x57, 0x20, 0x26, 0x65, 0x0,
    0xef, 0xe0, 0x2, 0x80, 0xb, 0x30, 0x3c, 0x1,
    0x8d, 0x0,

    /* U+79C0 "秀" */
    0x0, 0xff, 0xe4, 0x9, 0x1a, 0x34, 0x56, 0xe8,
    0x40, 0x37, 0x7f, 0x67, 0x55, 0x86, 0x4e, 0x8,
    0x6, 0xef, 0xf7, 0x6a, 0x2c, 0x32, 0x8, 0x7,
    0xff, 0x23, 0xff, 0xca, 0xff, 0xfd, 0xc0, 0xe,
    0xec, 0xa4, 0x8a, 0x2d, 0xdd, 0x78, 0x0, 0x44,
    0x78, 0xd8, 0x25, 0xeb, 0x84, 0x22, 0x0, 0x1d,
    0x65, 0x60, 0x80, 0x7, 0x2b, 0x71, 0x40, 0xf4,
    0x93, 0xa6, 0x46, 0x32, 0xee, 0xea, 0x91, 0x3e,
    0x8c, 0xf4, 0x2f, 0xf2, 0xf0, 0x1, 0xb0, 0x40,
    0x26, 0x61, 0xf3, 0x30, 0x9f, 0x75, 0x40, 0x1e,
    0x60, 0x40, 0x6, 0xeb, 0x9c, 0x40, 0x38, 0xa2,
    0x44, 0x0, 0x67, 0x1, 0x80, 0x67, 0xd7, 0x70,
    0x4, 0x22, 0x24, 0xd0, 0xa, 0xaa, 0x90, 0xd,
    0xbd, 0xa8, 0xa0, 0x15, 0x6a, 0x80, 0x76, 0x7f,
    0xa8, 0x2,

    /* U+79E6 "秦" */
    0x0, 0xf8, 0xcc, 0x1, 0xff, 0xc2, 0x8b, 0x0,
    0xfc, 0x9f, 0xfc, 0x8f, 0xff, 0xcc, 0x0, 0x4f,
    0xfd, 0x43, 0xff, 0xe6, 0x0, 0x9b, 0xba, 0xa0,
    0xee, 0xe9, 0x0, 0xcd, 0xdc, 0x92, 0xee, 0xf4,
    0x80, 0xb, 0xff, 0x41, 0x7f, 0xfe, 0x22, 0x7f,
    0xb0, 0x23, 0xfe, 0xd7, 0x1c, 0xff, 0x10, 0x0,
    0xf4, 0xfa, 0xb3, 0xb0, 0x1b, 0x48, 0x2, 0x7c,
    0x8e, 0xce, 0x77, 0x74, 0x41, 0xf5, 0xc1, 0x66,
    0xd4, 0x59, 0xc0, 0xcf, 0x54, 0xc1, 0xaf, 0xaf,
    0xfd, 0xa8, 0xb9, 0xff, 0x3f, 0x18, 0x8, 0xb3,
    0x58, 0xcc, 0x88, 0x8, 0xc1, 0x10, 0x4, 0x95,
    0xfb, 0xa5, 0x2b, 0xf8, 0xb2, 0x0, 0x8b, 0xf3,
    0x9c, 0x3, 0x1e, 0x6a, 0x80, 0x0,

    /* U+79FB "移" */
    0x0, 0xe3, 0x0, 0xca, 0x40, 0x1c, 0x4d, 0x5f,
    0xc2, 0x0, 0x6b, 0x30, 0xe, 0xbc, 0x77, 0x68,
    0x83, 0xc8, 0xf7, 0xf9, 0x40, 0x13, 0x4f, 0xe0,
    0x59, 0x79, 0xdc, 0x72, 0x50, 0xf, 0x9a, 0xe7,
    0x89, 0x9f, 0x80, 0x3, 0xfe, 0x58, 0xf2, 0x75,
    0x56, 0x4e, 0x18, 0x0, 0x77, 0x1, 0xb5, 0xd2,
    0x9d, 0x90, 0x3, 0x89, 0x41, 0x85, 0xe8, 0xb4,
    0x50, 0x46, 0x0, 0xa8, 0x93, 0x9f, 0xa1, 0x5c,
    0x77, 0xb8, 0x80, 0x62, 0xf8, 0xa6, 0x35, 0x39,
    0xfe, 0x93, 0x40, 0xf8, 0x0, 0x40, 0xf0, 0x4b,
    0x1, 0x44, 0x0, 0x81, 0x40, 0x23, 0xda, 0x58,
    0xac, 0x84, 0x2, 0xc0, 0xe, 0x20, 0x34, 0x5b,
    0x60, 0xf, 0xe5, 0x9e, 0xe, 0x50, 0xf, 0xec,
    0x9e, 0xd9, 0x10, 0xf, 0xa9, 0xc3, 0x30, 0xe4,
    0x1, 0xe0,

    /* U+7A0B "程" */
    0x0, 0xe4, 0x10, 0xf, 0xf2, 0x3d, 0xfc, 0xa3,
    0x7f, 0xfb, 0x40, 0x1d, 0xe0, 0x9a, 0xa0, 0x7f,
    0xfa, 0x80, 0x2a, 0x8c, 0x0, 0xfe, 0x10, 0x8,
    0x45, 0xe0, 0x22, 0x0, 0xfe, 0x1e, 0xe3, 0xa7,
    0x50, 0x1f, 0xfe, 0xb0, 0x0, 0xff, 0x89, 0x3e,
    0xdb, 0xbb, 0xd8, 0x1, 0x19, 0x28, 0x80, 0x80,
    0x7f, 0xa4, 0x43, 0x7, 0xfe, 0xee, 0x7f, 0xcc,
    0x4, 0x8c, 0xa9, 0x7d, 0xd5, 0x17, 0x74, 0xc1,
    0x2d, 0xe1, 0x32, 0x11, 0x8c, 0x4, 0x60, 0x46,
    0x80, 0x8, 0xe3, 0xfd, 0x25, 0xff, 0x2, 0x78,
    0x7, 0x4f, 0x72, 0x8b, 0xba, 0x0, 0x10, 0x7,
    0xff, 0x23, 0x3f, 0xea, 0x2f, 0xfb, 0x0,

    /* U+7CD6 "糖" */
    0x0, 0xff, 0xe2, 0x91, 0x38, 0x14, 0x3, 0x5c,
    0x80, 0x61, 0xe0, 0x0, 0xdb, 0xff, 0xc8, 0xdf,
    0xf1, 0x8, 0xc0, 0x88, 0x6, 0xee, 0x6d, 0x77,
    0x44, 0xe, 0xa1, 0xfc, 0x2, 0x64, 0xf4, 0x44,
    0x30, 0x7, 0x10, 0x7a, 0x0, 0x2a, 0x78, 0x26,
    0x3c, 0x7, 0xe0, 0x7a, 0x80, 0x6a, 0x38, 0x63,
    0x8c, 0x43, 0x5c, 0x37, 0xfc, 0xb1, 0xe, 0x18,
    0xe1, 0x51, 0x67, 0x2, 0x51, 0xa8, 0x87, 0xc,
    0x71, 0x20, 0x9, 0x85, 0x9, 0x9a, 0xe6, 0x43,
    0x3c, 0xe0, 0x9, 0x61, 0x98, 0x11, 0x4d, 0xf8,
    0xdd, 0xa8, 0x5, 0xa8, 0x1e, 0x15, 0x5d, 0xf8,
    0x3f, 0xee, 0x5, 0x61, 0x0, 0x19, 0x84, 0x37,
    0xfe, 0xd0, 0x2, 0x40, 0x5, 0x54, 0x0, 0x8,
    0xf0, 0x7, 0xca, 0xe0, 0xd, 0xff, 0xb4, 0x3,
    0x17, 0x6, 0x80, 0x3b, 0xbe, 0x0,

    /* U+7CFB "系" */
    0x0, 0xff, 0x8c, 0x3, 0x9, 0x1a, 0xb3, 0xcd,
    0xef, 0xeb, 0x80, 0x5f, 0x9d, 0x31, 0x1, 0xee,
    0xce, 0x1, 0x77, 0x36, 0x4f, 0x61, 0x49, 0xc0,
    0x3e, 0x89, 0xc2, 0x5, 0xff, 0x0, 0x70, 0xf3,
    0x86, 0xeb, 0xae, 0xa4, 0x3, 0x86, 0x2a, 0x14,
    0x93, 0xd2, 0x48, 0x3, 0x98, 0x60, 0xb2, 0x84,
    0x3b, 0xc4, 0x2, 0x5c, 0xb0, 0x3a, 0xa5, 0xec,
    0x96, 0x0, 0x50, 0xea, 0xaf, 0x5, 0x8f, 0xf9,
    0xa8, 0x1, 0xb7, 0xf8, 0xfa, 0x26, 0x32, 0x17,
    0x0, 0x12, 0xd0, 0x80, 0x62, 0x4c, 0x12, 0x0,
    0x3d, 0x51, 0x0, 0x30, 0xe3, 0x79, 0x2, 0xcd,
    0xa9, 0x10, 0xc0, 0x35, 0x27, 0x82, 0xf2, 0x2,
    0xec, 0xb0, 0x6, 0xac, 0x0,

    /* U+7D20 "素" */
    0x0, 0xfa, 0xa4, 0x3, 0xf2, 0x6e, 0xf2, 0xb6,
    0xef, 0x30, 0x1, 0x37, 0x33, 0x2b, 0x66, 0x6d,
    0x60, 0x9, 0x77, 0x72, 0x3e, 0xee, 0x60, 0x8,
    0x9f, 0xbb, 0x22, 0x3b, 0xb2, 0x10, 0xf, 0x77,
    0x6a, 0xb7, 0x77, 0x88, 0x73, 0x28, 0x75, 0xcc,
    0x7a, 0xd6, 0x64, 0x40, 0x1, 0xfb, 0x57, 0xcf,
    0xef, 0x60, 0xf, 0xe, 0xe3, 0x3, 0x5e, 0xb6,
    0x40, 0x6, 0x29, 0xfc, 0x67, 0x28, 0xcd, 0x26,
    0xc1, 0x0, 0x86, 0xe2, 0xe7, 0x7, 0x75, 0xfc,
    0x8e, 0x0, 0x28, 0x9, 0x3, 0x20, 0x16, 0xf7,
    0x86, 0x0, 0x2e, 0xde, 0x20, 0x90, 0x1, 0xb3,
    0x1c, 0x80, 0xc, 0x8d, 0x29, 0xe9, 0xa0, 0x1,
    0x5c, 0x18, 0x0,

    /* U+7D27 "紧" */
    0x0, 0xff, 0xe1, 0x97, 0x1, 0xe8, 0x6f, 0xff,
    0x84, 0x3, 0xed, 0x37, 0xfe, 0x57, 0x10, 0xf,
    0xdc, 0xcc, 0x81, 0x80, 0xf, 0xf2, 0x4b, 0xc8,
    0x6, 0x50, 0x9, 0x37, 0x41, 0x65, 0xb9, 0x0,
    0x56, 0x0, 0x2b, 0x6d, 0xa4, 0xc8, 0x23, 0x0,
    0xc8, 0xf, 0x64, 0x90, 0xf, 0xd4, 0x1, 0x6c,
    0x11, 0x2b, 0x27, 0x84, 0x0, 0x20, 0x14, 0x4b,
    0x2b, 0x4e, 0xb6, 0xc8, 0x4, 0x31, 0x32, 0x44,
    0x37, 0x5e, 0xb, 0x68, 0x80, 0x9a, 0xbc, 0x71,
    0x24, 0x76, 0x7d, 0x30, 0x2, 0xec, 0xbc, 0xb8,
    0x26, 0x98, 0x8e, 0xe0, 0x29, 0xda, 0x90, 0x10,
    0x3, 0x4c, 0xac, 0x41, 0x3, 0x9c, 0xfe, 0x9c,
    0x0, 0x9a, 0x4e, 0x0,

    /* U+7EA2 "红" */
    0x0, 0x88, 0x80, 0x1f, 0xfc, 0x29, 0x80, 0xf,
    0xfe, 0x9, 0xa4, 0x3, 0x7f, 0xfd, 0x60, 0x14,
    0x31, 0x3, 0xe6, 0x41, 0x19, 0x88, 0x0, 0x2a,
    0xa4, 0x74, 0xcf, 0x1, 0x19, 0xc0, 0x56, 0xc9,
    0x42, 0x40, 0x1f, 0xd4, 0x2d, 0x49, 0xa0, 0x1f,
    0xe8, 0xfc, 0x1a, 0x10, 0xf, 0xf8, 0x7e, 0x14,
    0x3, 0xfe, 0x2c, 0x3d, 0xce, 0x30, 0xf, 0xe7,
    0x4, 0xd9, 0xc3, 0x0, 0xfe, 0x5d, 0xa7, 0x52,
    0x0, 0xff, 0xe0, 0x1b, 0xd6, 0x88, 0x7, 0xf3,
    0xfe, 0x59, 0x45, 0xff, 0xc1, 0x5f, 0xf0, 0xae,
    0x7e, 0x42, 0xc6, 0x67, 0xe1,

    /* U+7EDD "绝" */
    0x0, 0x8d, 0x40, 0x23, 0x70, 0xf, 0xe9, 0xf0,
    0xa, 0x3c, 0x3, 0xf1, 0x2c, 0x0, 0x9, 0x1f,
    0xfd, 0xc0, 0x1d, 0x6a, 0x40, 0x9, 0x5e, 0xe2,
    0xb8, 0x6, 0x27, 0xb1, 0xd9, 0x4b, 0x13, 0x48,
    0x0, 0xdc, 0xeb, 0x6e, 0x81, 0xfd, 0xa3, 0xfc,
    0x60, 0xa6, 0xf4, 0x97, 0xa3, 0x5e, 0x39, 0xe0,
    0x12, 0xf7, 0x85, 0x8, 0x1, 0x84, 0x8, 0x40,
    0x30, 0xd4, 0xa0, 0x7, 0xff, 0x2, 0x93, 0x75,
    0xe8, 0x1b, 0xe3, 0xde, 0x20, 0x3, 0x76, 0xcf,
    0xf2, 0x6, 0x77, 0x71, 0x81, 0xec, 0xb1, 0x0,
    0x42, 0x3e, 0x0, 0xc8, 0xf7, 0xee, 0x1, 0xf7,
    0x82, 0x7d, 0x6e, 0xb9, 0xc1, 0x4, 0x72, 0x88,
    0x26, 0xf5, 0x30, 0x84, 0xc7, 0x76, 0xb8, 0x0,

    /* U+7F57 "罗" */
    0x3f, 0xff, 0xfe, 0x2, 0x0, 0xff, 0xac, 0xbf,
    0xc3, 0x9f, 0xe1, 0x0, 0xff, 0x8, 0x7, 0x84,
    0x60, 0x11, 0x3, 0x8, 0x80, 0x21, 0xee, 0x51,
    0x77, 0x6, 0xfb, 0x82, 0x7, 0xff, 0x60, 0xef,
    0xff, 0x90, 0x2, 0x5c, 0x1f, 0xdd, 0xe4, 0x0,
    0x15, 0xcd, 0xe7, 0x76, 0x43, 0x40, 0x4d, 0xcc,
    0x94, 0xce, 0x6, 0xa0, 0x2, 0x73, 0x85, 0x43,
    0x81, 0xeb, 0x20, 0x4, 0x20, 0x2, 0xc9, 0x96,
    0x4c, 0x80, 0x3f, 0x21, 0xbd, 0xb8, 0x7, 0x1b,
    0xd7, 0xd4, 0x72, 0x0, 0x73, 0x6e, 0x6e, 0x61,
    0x40, 0x3e, 0x6e, 0xb7, 0x30, 0xf, 0xe0,

    /* U+7FD4 "翔" */
    0x7, 0x0, 0x14, 0x0, 0x7f, 0xad, 0x42, 0x8e,
    0xff, 0xe3, 0xff, 0xb8, 0x13, 0xc1, 0xbe, 0xbb,
    0x82, 0x2e, 0xe5, 0x80, 0x33, 0x8, 0xc, 0x23,
    0x0, 0x4, 0x4c, 0xf, 0x73, 0x63, 0xac, 0x80,
    0x14, 0x0, 0x4f, 0xfc, 0x1f, 0xe4, 0x80, 0x8,
    0x54, 0x2, 0x13, 0x2, 0x12, 0x2, 0x0, 0x6f,
    0x0, 0x13, 0xb4, 0x37, 0x82, 0x44, 0x0, 0x86,
    0x0, 0x4f, 0xe0, 0xff, 0x2, 0x98, 0x80, 0x22,
    0x80, 0x44, 0x40, 0x42, 0x3, 0x80, 0x15, 0x20,
    0x47, 0x60, 0x6f, 0x26, 0x40, 0x8b, 0xf, 0x82,
    0x7e, 0x13, 0xfd, 0x1c, 0x80, 0x35, 0x20, 0x1a,
    0xb8, 0x1, 0x86, 0x1, 0x30, 0x6, 0x80, 0x50,
    0xc, 0x22, 0x0, 0x84, 0x15, 0xbc, 0x3, 0x7f,
    0x21, 0x2f, 0xe3, 0xaf, 0x10, 0x6, 0xff, 0x58,
    0x2f, 0xfa, 0x40,

    /* U+8054 "联" */
    0x0, 0xfc, 0x60, 0x10, 0x98, 0x0, 0x7f, 0xfb,
    0x87, 0x54, 0x1, 0x3e, 0x0, 0x1b, 0x2e, 0xe1,
    0x50, 0xdd, 0x80, 0x5a, 0x0, 0x27, 0x1, 0x10,
    0x38, 0x2a, 0xc, 0xaa, 0x0, 0x63, 0x22, 0x0,
    0x2f, 0xd7, 0x9d, 0x3e, 0x40, 0x21, 0xff, 0x10,
    0x4e, 0x60, 0x63, 0x31, 0x60, 0x11, 0x6e, 0x88,
    0x8, 0xcc, 0x6, 0x71, 0x0, 0x61, 0x10, 0x0,
    0x46, 0x1, 0x1c, 0x1, 0x17, 0xf8, 0x83, 0xba,
    0x1a, 0xee, 0x8c, 0x0, 0x5d, 0xc2, 0xf, 0xf6,
    0x84, 0x7f, 0xc6, 0x1, 0xe6, 0x10, 0x40, 0xa0,
    0xe, 0xb2, 0xac, 0x2b, 0x50, 0xba, 0x17, 0x0,
    0x84, 0xdb, 0x3c, 0xb5, 0x24, 0x57, 0xa1, 0x0,
    0x3, 0x72, 0xc6, 0x0, 0x87, 0xe0, 0x2a, 0xb7,
    0x0, 0xfa, 0xd7, 0x8, 0x0, 0xbb, 0x62, 0x1,
    0xdb, 0x1a, 0x40, 0x18, 0xb0, 0x40,

    /* U+8096 "肖" */
    0x33, 0x0, 0x5a, 0xa0, 0x14, 0x13, 0x69, 0x0,
    0x79, 0x98, 0x6a, 0xdc, 0x1, 0xc5, 0x34, 0x21,
    0xc, 0x20, 0x1a, 0xa5, 0x0, 0xbd, 0x7b, 0xca,
    0xbd, 0xe6, 0xc0, 0x2d, 0xee, 0xf3, 0x80, 0x63,
    0x0, 0xff, 0xbb, 0xbe, 0x70, 0xd, 0xff, 0xf4,
    0x0, 0x63, 0x22, 0xf7, 0x0, 0x6e, 0xff, 0xf3,
    0x80, 0x6d, 0xdf, 0xa4, 0x3, 0xf8, 0x89, 0xc0,
    0x1f, 0xd9, 0xaf, 0xc0,

    /* U+809D "肝" */
    0x2, 0xff, 0xca, 0xff, 0xff, 0x0, 0x43, 0xdc,
    0x30, 0x6c, 0xc3, 0x96, 0x64, 0x1, 0x84, 0x40,
    0x1, 0x33, 0x70, 0x99, 0xc0, 0x18, 0x44, 0x1,
    0xff, 0xc1, 0x1e, 0xe1, 0x80, 0x7f, 0xf0, 0x7,
    0xfc, 0x60, 0x18, 0x44, 0x1, 0xc2, 0x1, 0x8f,
    0xfe, 0x82, 0xff, 0x9c, 0x2, 0x22, 0x9, 0xe6,
    0x4e, 0x59, 0x93, 0x3, 0x8e, 0xe8, 0x80, 0xce,
    0xe1, 0x33, 0x84, 0x5, 0x3f, 0xc6, 0x1, 0xff,
    0x69, 0x0, 0x7f, 0xf0, 0x8f, 0x80, 0x3f, 0xf8,
    0x48, 0xa4, 0x82, 0x20, 0xf, 0xe2, 0x42, 0x69,
    0x65, 0x0, 0xfe, 0x2b, 0x4, 0xdb, 0x10, 0x9,
    0xb0, 0x3, 0x0,

    /* U+80BE "肾" */
    0x0, 0xff, 0xe1, 0x97, 0x0, 0xf8, 0x77, 0xff,
    0x84, 0x3, 0xed, 0x1d, 0xfe, 0x57, 0x10, 0xf,
    0x8d, 0xb8, 0x65, 0xe0, 0x3, 0xfa, 0x1b, 0xdb,
    0x0, 0x3f, 0x9a, 0xd5, 0x43, 0xac, 0x40, 0x70,
    0x1, 0x2c, 0xad, 0x5e, 0x8c, 0xe9, 0xb, 0x0,
    0x19, 0x67, 0x94, 0xb, 0x6e, 0x8, 0x1, 0xfe,
    0x7e, 0x8e, 0xed, 0xe8, 0xe0, 0x1b, 0x3b, 0xbd,
    0xe0, 0x1f, 0x7e, 0xef, 0xb0, 0x3, 0xef, 0xdd,
    0xf6, 0x0, 0x7d, 0x9b, 0xbe, 0xf0, 0xf, 0xb3,
    0x77, 0xd8, 0x1, 0xff, 0xc0, 0x6f, 0xc4, 0x0,
    0x80,

    /* U+80BF "肿" */
    0xb, 0xff, 0xb0, 0x2, 0x1f, 0x10, 0xe, 0x9e,
    0xa0, 0xf, 0xfe, 0x1, 0x88, 0x80, 0x2, 0x22,
    0x2, 0x11, 0x0, 0x44, 0x24, 0x7, 0xdc, 0xc0,
    0xce, 0xe2, 0x0, 0x23, 0xa4, 0x0, 0x3d, 0xa1,
    0x9c, 0x20, 0x15, 0x7d, 0x80, 0x42, 0x60, 0x42,
    0x60, 0x1f, 0xfc, 0x57, 0xd4, 0x30, 0x8, 0x4c,
    0x8, 0x4c, 0x0, 0x2d, 0x32, 0x0, 0xf, 0x68,
    0x67, 0x8, 0x5, 0xba, 0xa0, 0x0, 0xf6, 0x86,
    0xf1, 0x0, 0x8, 0x80, 0x11, 0xf0, 0x98, 0x18,
    0xea, 0x10, 0x8, 0x7, 0xff, 0x1, 0x14, 0x4,
    0x80, 0x3f, 0xdd, 0xe3, 0xd1, 0x40, 0x1f, 0xd0,
    0xa3, 0xfc, 0xc0, 0x10, 0xf8, 0x80, 0x40,

    /* U+80E1 "胡" */
    0x0, 0xde, 0x40, 0x16, 0x7f, 0xee, 0x0, 0xff,
    0x47, 0x72, 0x80, 0x66, 0x54, 0x11, 0x32, 0x10,
    0x11, 0xc0, 0x2, 0x23, 0x3, 0x11, 0x0, 0x3e,
    0x1b, 0xb6, 0x7, 0x5d, 0x84, 0x27, 0xfd, 0x60,
    0x1f, 0xf4, 0x77, 0x28, 0x0, 0x26, 0x80, 0xe6,
    0x20, 0x23, 0xc0, 0x7, 0xc9, 0x28, 0xc7, 0x3,
    0x12, 0x20, 0x80, 0x47, 0xbb, 0x18, 0x0, 0x63,
    0x75, 0x40, 0x1f, 0xc4, 0x1d, 0xfe, 0xb0, 0xf,
    0xe5, 0x21, 0x0, 0xf1, 0xff, 0xc6, 0x16, 0xa0,
    0x1f, 0x1f, 0x76, 0x3, 0x90, 0x12, 0x30, 0x2,
    0x40, 0x8e, 0xb9, 0x10, 0x6d, 0x99, 0x1, 0x20,
    0x6, 0xd6, 0x0, 0x3f, 0xf3, 0x80,

    /* U+80F0 "胰" */
    0x2, 0xff, 0xb8, 0x3, 0x71, 0x80, 0x78, 0x7b,
    0x1, 0x7f, 0xe1, 0xcf, 0xf9, 0xc0, 0x6, 0x22,
    0x5, 0xff, 0x87, 0x3f, 0xe7, 0x0, 0x1a, 0x20,
    0x1, 0x5f, 0xe1, 0xcf, 0xf7, 0x0, 0x43, 0x72,
    0x0, 0xaf, 0xf0, 0xe7, 0xe0, 0x4, 0x22, 0xfd,
    0x0, 0x11, 0x98, 0x54, 0xd8, 0x3, 0x18, 0x6,
    0x8e, 0xf0, 0xaf, 0x95, 0x0, 0x39, 0x93, 0x0,
    0x1b, 0xb0, 0x3b, 0x31, 0x60, 0x10, 0xed, 0x80,
    0xb, 0x3c, 0x37, 0xfe, 0x60, 0x14, 0xfd, 0x0,
    0x77, 0xc8, 0x57, 0xf8, 0xc8, 0x8, 0x80, 0x1e,
    0xb8, 0x81, 0x51, 0xa8, 0x6f, 0x80, 0x74, 0x33,
    0xd4, 0xcb, 0x84, 0x11, 0x2, 0xc0, 0x9, 0x69,
    0x7, 0xe, 0x40, 0x22, 0xaa, 0xde, 0x17, 0x8,
    0x1, 0x75, 0x6a, 0x58, 0x17, 0xf3, 0x18, 0x40,
    0x19, 0xf9, 0x40,

    /* U+810F "脏" */
    0x0, 0xfe, 0x17, 0x0, 0xf5, 0xff, 0xc8, 0x1,
    0xd, 0x30, 0x7, 0xab, 0xcc, 0x0, 0x67, 0x2f,
    0x99, 0xc0, 0x1f, 0x1e, 0x64, 0xed, 0x99, 0x0,
    0x46, 0x22, 0x0, 0xbb, 0xa7, 0xde, 0xe0, 0x5,
    0x3c, 0x40, 0x1, 0x1c, 0xe6, 0x22, 0x0, 0xab,
    0xcc, 0x3, 0xff, 0x80, 0xe0, 0x1e, 0x13, 0x40,
    0x43, 0x20, 0x8, 0xc4, 0x40, 0xe0, 0x99, 0x61,
    0x59, 0x40, 0x1, 0x9f, 0x20, 0x13, 0x5f, 0xf0,
    0x77, 0xc0, 0x5, 0x9c, 0x60, 0x62, 0x1, 0xfc,
    0x44, 0x0, 0xb9, 0x80, 0x3f, 0x8, 0x8, 0x4,
    0x9a, 0x1, 0xf9, 0x10, 0x2, 0x22, 0x33, 0xe0,
    0x43, 0x30, 0x66, 0x87, 0x80, 0x92, 0x66, 0x41,
    0x59, 0x80, 0x96, 0xe, 0xd7, 0xd0, 0xff, 0xf8,
    0x0,

    /* U+82B3 "芳" */
    0x0, 0xcd, 0x60, 0x1b, 0x54, 0x3, 0xf, 0xfd,
    0x29, 0xff, 0x8a, 0xbf, 0xe1, 0x17, 0x75, 0x7,
    0xdd, 0x8a, 0x7b, 0xa1, 0x1, 0x18, 0xec, 0x69,
    0x85, 0x54, 0x23, 0x0, 0x72, 0x38, 0x75, 0x4,
    0x18, 0x7, 0x6f, 0xff, 0x51, 0x7f, 0xf7, 0x0,
    0x3f, 0x76, 0x45, 0xdd, 0xfb, 0x0, 0x4, 0x59,
    0xb4, 0x8b, 0xf0, 0x7, 0x9, 0x47, 0xff, 0x8c,
    0x3, 0xce, 0x3b, 0xdd, 0xb0, 0x8, 0x3, 0x86,
    0xd8, 0x84, 0x70, 0x0, 0x40, 0x3a, 0x82, 0x0,
    0x39, 0x48, 0x3, 0x1e, 0x37, 0x80, 0x44, 0x22,
    0xa4, 0x0, 0xdc, 0xb8, 0x40, 0x17, 0xf7, 0x6,
    0xc0, 0x36, 0xc8, 0x80, 0x6d, 0xff, 0x69, 0x0,
    0x40,

    /* U+82CF "苏" */
    0x0, 0xcd, 0x80, 0x1b, 0x18, 0x3, 0xbf, 0xe9,
    0x3f, 0xfc, 0x73, 0xff, 0x0, 0x37, 0x67, 0x2d,
    0xdc, 0x51, 0xbb, 0x0, 0x8, 0xad, 0x63, 0x52,
    0x23, 0x11, 0x60, 0xe, 0x5b, 0x59, 0x0, 0x5a,
    0x80, 0x7a, 0xf3, 0x29, 0x1c, 0xcc, 0xa0, 0x1d,
    0xf3, 0x33, 0x9c, 0xcc, 0x46, 0x1, 0xc8, 0xea,
    0xa1, 0xb5, 0x58, 0x0, 0x60, 0x18, 0x74, 0x81,
    0x4c, 0x2, 0x1e, 0xd1, 0x0, 0xad, 0x49, 0x81,
    0x0, 0x35, 0xa4, 0x80, 0x1d, 0x2c, 0x6e, 0x0,
    0x21, 0x1, 0x96, 0x0, 0x26, 0x86, 0x33, 0x0,
    0x22, 0x2, 0x38, 0x0, 0x1a, 0x7b, 0x58, 0x0,
    0x42, 0xc8, 0x0, 0xc0, 0x8, 0xa8, 0xb0, 0xb,
    0xfc, 0xf0, 0x1, 0xd1, 0xac, 0x1, 0xbb, 0xfc,
    0xa0, 0x18,

    /* U+82D7 "苗" */
    0x0, 0xcd, 0x80, 0x1b, 0x54, 0x3, 0xe, 0x65,
    0x7, 0x99, 0x8a, 0xf3, 0x21, 0x14, 0x44, 0xe5,
    0x11, 0x85, 0xa2, 0x21, 0x4, 0x4b, 0xc5, 0x13,
    0x1e, 0xa2, 0x40, 0x1c, 0x6c, 0x1, 0x98, 0x40,
    0x3d, 0x1f, 0x4b, 0xff, 0x92, 0xfe, 0x40, 0x39,
    0x7b, 0xa5, 0x6e, 0xe9, 0x80, 0x3c, 0x62, 0x30,
    0x8, 0xf0, 0x7, 0x8c, 0x8a, 0x11, 0x11, 0x60,
    0xf, 0x2e, 0x64, 0x8d, 0x99, 0x28, 0x7, 0x9b,
    0xba, 0x57, 0xee, 0x9c, 0x3, 0xff, 0x94, 0x4a,
    0xb3, 0x12, 0xac, 0x60, 0x1e, 0x59, 0x98, 0x1a,
    0x66, 0x50, 0x8,

    /* U+82E5 "若" */
    0x0, 0xcd, 0x80, 0x1b, 0x18, 0x3, 0xbf, 0xe9,
    0x3f, 0xfc, 0x73, 0xff, 0x8, 0x6e, 0xce, 0x7b,
    0xb8, 0x9f, 0x76, 0x10, 0x22, 0xb5, 0x5e, 0x8,
    0x89, 0x84, 0x50, 0x7, 0x2c, 0xf1, 0x80, 0x25,
    0x0, 0x31, 0x7f, 0xf2, 0x37, 0xff, 0xc4, 0x4d,
    0xdc, 0x4b, 0xbb, 0xf8, 0x80, 0x8a, 0xa3, 0xa2,
    0x2f, 0xc0, 0x19, 0x5c, 0x7b, 0xbe, 0xb0, 0xd,
    0x34, 0x13, 0x99, 0xe6, 0x70, 0x1, 0x6a, 0x68,
    0x91, 0x7d, 0xc0, 0x11, 0x2e, 0x90, 0x7, 0xff,
    0x6, 0x0, 0x29, 0xcc, 0xf4, 0x0, 0x7e, 0xa8,
    0x8f, 0x38, 0x4,

    /* U+82F1 "英" */
    0x0, 0xcf, 0x40, 0x1b, 0x18, 0x3, 0xbb, 0xfd,
    0xb, 0xff, 0x8e, 0x7f, 0xda, 0x0, 0xfe, 0xe3,
    0xa7, 0x6e, 0xb8, 0xdf, 0xb9, 0x80, 0x1, 0x1b,
    0x8c, 0x62, 0x85, 0x74, 0x46, 0x0, 0xc2, 0xf2,
    0x23, 0xa1, 0x4, 0x3, 0x9b, 0xbb, 0x23, 0x77,
    0x68, 0x0, 0xe4, 0xff, 0x95, 0xff, 0xe5, 0x0,
    0xff, 0x8, 0x7, 0xf1, 0xfb, 0x99, 0xce, 0x46,
    0x70, 0x91, 0x80, 0xeb, 0x96, 0xec, 0x6b, 0xbb,
    0x2a, 0x68, 0x8b, 0xbb, 0x98, 0x4d, 0xfb, 0xb8,
    0x40, 0x39, 0xdd, 0x5c, 0xd0, 0x1, 0xf9, 0x76,
    0x6d, 0xb, 0x57, 0x14, 0x2, 0x2b, 0xf8, 0xae,
    0x40, 0x1, 0x6d, 0xdb, 0xf0, 0xcb, 0x76, 0x70,
    0xf, 0x3f, 0x65, 0x18,

    /* U+8303 "范" */
    0x0, 0xcf, 0x60, 0x1b, 0x1c, 0x3, 0xf, 0xfd,
    0x9, 0xff, 0x8e, 0x3f, 0xe1, 0x17, 0x74, 0xe7,
    0xdd, 0x8a, 0x3b, 0xa1, 0x1, 0x1, 0xcb, 0x11,
    0xd4, 0x62, 0x30, 0x5, 0xb8, 0xe, 0xdb, 0xb5,
    0x4e, 0xe8, 0x3, 0x65, 0xd8, 0xc0, 0x13, 0x3a,
    0x8c, 0x2, 0x10, 0x7e, 0x30, 0x14, 0x4c, 0x60,
    0x1b, 0x30, 0x82, 0x1, 0xff, 0xc0, 0xdb, 0xb2,
    0x80, 0x71, 0x14, 0x1, 0xcf, 0xce, 0x60, 0x1a,
    0x72, 0xe4, 0x3, 0x8f, 0x14, 0x3, 0x5f, 0x6b,
    0x80, 0x61, 0xf6, 0x60, 0x7, 0xed, 0x40, 0x2c,
    0x48, 0x3, 0x38, 0x8b, 0x21, 0x30, 0x53, 0xc8,
    0x1, 0x53, 0x37, 0x75, 0xb9, 0x4, 0x50, 0x6,
    0xbf, 0xff, 0x40, 0x0,

    /* U+836F "药" */
    0x1, 0x19, 0xf0, 0x47, 0x72, 0x88, 0xc0, 0xe,
    0xea, 0xf, 0xbb, 0xd, 0x77, 0x40, 0xf, 0xfa,
    0x4f, 0xff, 0x15, 0xff, 0xc0, 0x19, 0xff, 0x0,
    0x3, 0xfe, 0x40, 0xf, 0xc, 0xd0, 0x5, 0x24,
    0x4, 0x50, 0x80, 0x55, 0x26, 0xca, 0x2c, 0x79,
    0x96, 0xd8, 0x2, 0x54, 0x9a, 0x1e, 0xcb, 0xbb,
    0x39, 0x80, 0x15, 0x53, 0x2d, 0x36, 0xf6, 0x0,
    0x84, 0x40, 0xc, 0x91, 0xb3, 0x1c, 0x3b, 0x60,
    0x1, 0xf8, 0x1, 0x31, 0xb6, 0xe4, 0x1, 0xd0,
    0x0, 0x11, 0x0, 0x39, 0x4f, 0xfd, 0x0, 0x3,
    0x73, 0x6, 0x30, 0x5, 0x5c, 0x38, 0x38, 0x5,
    0x26, 0x4, 0xc0, 0xa, 0xdf, 0xf4, 0x78, 0x4,
    0x44, 0x60, 0x30, 0x6, 0x4f, 0x73, 0x24, 0x2,
    0xad, 0x97, 0x0, 0x99, 0x4, 0x3, 0xd1, 0xfe,
    0x80, 0x0,

    /* U+83AB "莫" */
    0x0, 0xff, 0xe2, 0xff, 0xff, 0xf0, 0x80, 0x1d,
    0xd4, 0x27, 0x76, 0x38, 0xee, 0x80, 0x2, 0x32,
    0xc0, 0x8e, 0x85, 0x11, 0x80, 0x24, 0xec, 0xde,
    0xed, 0x59, 0xca, 0x1, 0xc7, 0xdd, 0xf9, 0x4c,
    0x3, 0x8b, 0x33, 0xf2, 0x0, 0x78, 0xb7, 0x7f,
    0x18, 0x7, 0x8c, 0xff, 0x80, 0x3c, 0xe5, 0xdd,
    0x66, 0x3b, 0xa0, 0x20, 0x8, 0x4b, 0x77, 0x14,
    0xee, 0xe5, 0x10, 0x1e, 0xef, 0x1c, 0x77, 0x78,
    0x45, 0xff, 0xb8, 0x9d, 0xc5, 0xbf, 0xf8, 0x40,
    0x23, 0x8e, 0x48, 0x85, 0x6c, 0xa0, 0x4, 0x5b,
    0xfa, 0x39, 0x20, 0x7, 0xd1, 0xaf, 0xd2, 0x24,
    0xf7, 0x24, 0xc0, 0x31, 0x47, 0x74, 0x40,

    /* U+8431 "萱" */
    0x2, 0x2a, 0x2c, 0x8b, 0x6b, 0x91, 0x40, 0xc,
    0xc9, 0xd3, 0x33, 0x14, 0xe6, 0x40, 0xe, 0xea,
    0x13, 0x9b, 0x78, 0xef, 0xba, 0x0, 0x3d, 0xdb,
    0x1e, 0xdb, 0x6c, 0x3a, 0xec, 0xe0, 0xd, 0x28,
    0x87, 0xc6, 0xea, 0x3e, 0x20, 0x3c, 0x1, 0x72,
    0x7f, 0xfe, 0x42, 0x0, 0xa1, 0x99, 0xbb, 0xf9,
    0xa6, 0xc0, 0x4, 0x2f, 0x9b, 0xbe, 0xc7, 0x12,
    0x0, 0xc2, 0xf9, 0x9e, 0x61, 0x0, 0xf9, 0x2e,
    0xfc, 0xa0, 0x1f, 0x92, 0xef, 0xca, 0x1, 0xf1,
    0x36, 0x67, 0x9c, 0x80, 0x3c, 0xb9, 0x9f, 0x94,
    0x2, 0x1f, 0xff, 0xfe, 0x10, 0x80,

    /* U+8463 "董" */
    0x2, 0x29, 0xb8, 0x8b, 0x7a, 0x91, 0x40, 0xf,
    0xfa, 0x7, 0xff, 0x5, 0xff, 0xc0, 0xd, 0xdc,
    0x9b, 0xac, 0xf1, 0x6b, 0xcd, 0x0, 0xaf, 0x39,
    0xb3, 0xb2, 0x1c, 0x0, 0x60, 0x13, 0x6d, 0x5d,
    0xa8, 0x9b, 0x3f, 0x81, 0x18, 0x3, 0xff, 0x8c,
    0xc1, 0x7b, 0xb1, 0x2e, 0xed, 0x60, 0xc0, 0x10,
    0xbd, 0xdc, 0x8d, 0x77, 0x38, 0x80, 0x72, 0x55,
    0x48, 0xb5, 0x52, 0x0, 0x78, 0xf3, 0x22, 0x6c,
    0xc8, 0x80, 0x39, 0xb9, 0x56, 0x71, 0x55, 0xbd,
    0x80, 0x36, 0xf7, 0x64, 0x47, 0x76, 0xc0, 0xd,
    0x9b, 0xb9, 0x5b, 0x77, 0x80, 0x5, 0xdd, 0xe5,
    0x7e, 0xef, 0x10,

    /* U+848B "蒋" */
    0x1, 0x19, 0x78, 0x47, 0x7a, 0x8, 0xc0, 0x3d,
    0xd5, 0xf, 0x76, 0xb, 0xee, 0x84, 0x5f, 0xed,
    0x71, 0xff, 0xa8, 0x33, 0xfe, 0x10, 0x9, 0xcf,
    0x80, 0x15, 0x7c, 0x60, 0x1d, 0x88, 0x1, 0x1e,
    0x28, 0x7f, 0x7f, 0x0, 0x53, 0x23, 0x4, 0xeb,
    0x8e, 0xe4, 0xd, 0x0, 0x4a, 0x3c, 0x9, 0xaf,
    0xb9, 0xd7, 0x48, 0x1, 0xb3, 0x41, 0x2b, 0x94,
    0x23, 0xec, 0x3, 0x87, 0x80, 0x42, 0x37, 0x18,
    0x3, 0xcb, 0xea, 0x1a, 0xb3, 0xbf, 0xed, 0xf,
    0xf0, 0x9d, 0x44, 0x2, 0x3e, 0x9f, 0xfd, 0xa1,
    0xfe, 0x13, 0xe6, 0x30, 0x9, 0x11, 0x20, 0x1f,
    0x8, 0x7, 0xe, 0xe0, 0x88, 0x3, 0xff, 0x80,
    0x2b, 0xd8, 0xa0, 0x10,

    /* U+8521 "蔡" */
    0x1, 0x19, 0xb8, 0x47, 0x7a, 0x88, 0xc0, 0x3f,
    0xf4, 0x8f, 0xfe, 0xa, 0xff, 0x84, 0x5d, 0xd4,
    0x97, 0x76, 0x1c, 0xee, 0x84, 0x2, 0xc9, 0xc,
    0xab, 0xc2, 0xfb, 0xb0, 0x80, 0xb, 0x2e, 0xb4,
    0x36, 0xe, 0x38, 0x40, 0x40, 0x7e, 0xdb, 0xf0,
    0x5c, 0xda, 0x51, 0xe8, 0x0, 0x3a, 0x3a, 0x44,
    0xf0, 0x4, 0xb4, 0xf0, 0x80, 0x62, 0x14, 0x3d,
    0xff, 0x95, 0xf1, 0xc4, 0xb, 0x2a, 0x99, 0xbf,
    0xfb, 0xa2, 0xf3, 0x0, 0x54, 0xf3, 0xdd, 0xfa,
    0x8b, 0x40, 0xd, 0x1f, 0x75, 0xe8, 0x8f, 0xab,
    0xf8, 0x0, 0xc2, 0xd6, 0xe2, 0x60, 0x22, 0xb9,
    0x10, 0x9, 0x32, 0xb0, 0xc0, 0xc0, 0xb, 0xe7,
    0xa4, 0x0, 0x7b, 0xd2, 0x5f, 0x4c, 0x0, 0xd,
    0xa8, 0x0,

    /* U+859B "薛" */
    0x0, 0xff, 0xe2, 0x88, 0xcb, 0xc2, 0x3b, 0xd4,
    0x46, 0x1, 0xee, 0xa8, 0x7b, 0xb0, 0x57, 0x74,
    0x22, 0xff, 0xac, 0xbf, 0xf0, 0x5f, 0xfc, 0x20,
    0x14, 0xf6, 0x0, 0x66, 0xe0, 0xe, 0x6c, 0x64,
    0xd8, 0x5f, 0xf3, 0x2f, 0xfb, 0x40, 0x1c, 0xdb,
    0x88, 0x4b, 0x6b, 0xdc, 0x96, 0xc0, 0xc, 0x66,
    0xf0, 0x2, 0x20, 0xc6, 0xf0, 0x40, 0x25, 0xff,
    0x49, 0xc5, 0x1c, 0xd9, 0x7d, 0x18, 0x1, 0xbb,
    0xa9, 0xdf, 0x81, 0x6a, 0xff, 0x10, 0x1, 0xbf,
    0xf2, 0x2a, 0xb0, 0x55, 0x61, 0x0, 0x37, 0xfc,
    0xf, 0xdc, 0x93, 0xee, 0x68, 0x7, 0xe4, 0xcc,
    0x39, 0xe6, 0x3c, 0x2, 0x6f, 0xf8, 0xc, 0x89,
    0xc0, 0x45, 0x0, 0x3d, 0xff, 0xe0, 0xf, 0xf0,

    /* U+8840 "血" */
    0x0, 0xf8, 0xc0, 0x3f, 0xf8, 0x78, 0xe0, 0x1f,
    0xfc, 0x16, 0x6, 0x0, 0xfe, 0x12, 0x2a, 0x90,
    0xc8, 0xb8, 0x3, 0x4e, 0xec, 0x69, 0xbb, 0xe1,
    0x0, 0xcb, 0xfe, 0xe, 0xf6, 0x7f, 0xe0, 0xf,
    0xff, 0xf8, 0x7, 0xff, 0x70, 0x7d, 0xd7, 0xfc,
    0x1d, 0xec, 0xff, 0xc1, 0xd2, 0x39, 0x9f, 0xfc,
    0x2b,

    /* U+8881 "袁" */
    0x0, 0xfa, 0xa0, 0x3, 0xfa, 0xbb, 0xb2, 0xbf,
    0x76, 0x70, 0xd, 0x5d, 0xd9, 0x5f, 0xbb, 0x38,
    0x5, 0x79, 0x9c, 0x8d, 0x99, 0xd0, 0x0, 0xad,
    0xde, 0xff, 0x6e, 0xf4, 0x80, 0x4, 0x3b, 0xbf,
    0xbc, 0x44, 0x1, 0xdd, 0xff, 0xec, 0x10, 0xf,
    0x8c, 0x3, 0xce, 0x1, 0xf0, 0xe7, 0x7f, 0xdd,
    0xca, 0x10, 0xe, 0x1e, 0xc4, 0x2c, 0x39, 0xee,
    0x46, 0x0, 0x44, 0xd7, 0xa1, 0xa7, 0xf0, 0xb5,
    0x4e, 0x0, 0x1e, 0xe7, 0x26, 0x80, 0xe, 0xa8,
    0x38, 0x40, 0x3, 0xfa, 0x50, 0x1, 0xbd, 0xad,
    0x2d, 0x98, 0x7, 0x1a, 0x47, 0x74, 0xb, 0xe5,
    0x9a, 0x20, 0x11, 0x4f, 0x6c, 0xa8, 0x0, 0x67,
    0xf8, 0x40,

    /* U+8981 "要" */
    0xe, 0xff, 0xff, 0xe0, 0x70, 0x3, 0xbf, 0xe7,
    0x5f, 0xf1, 0xcf, 0xfd, 0xc0, 0x10, 0x8e, 0x1,
    0x10, 0x0, 0x46, 0x0, 0x87, 0xbf, 0xcc, 0xbf,
    0xe3, 0x8f, 0xf7, 0x18, 0x6, 0xee, 0x3b, 0x77,
    0xe, 0xfb, 0x80, 0x1e, 0x10, 0x1, 0x80, 0x46,
    0x1, 0xf0, 0xff, 0x32, 0xff, 0x14, 0x77, 0x4,
    0x2, 0x1e, 0xeb, 0x43, 0x7b, 0xbc, 0x60, 0x5f,
    0xfb, 0x3, 0x7f, 0xfe, 0x22, 0x77, 0x48, 0x8e,
    0xec, 0xc5, 0xdd, 0x10, 0x8, 0x99, 0x34, 0x4,
    0x4c, 0xce, 0x11, 0x80, 0x31, 0xbe, 0xff, 0x64,
    0x49, 0x80, 0x78, 0x9f, 0x88, 0xcc, 0x88, 0x9e,
    0x94, 0x0, 0xb7, 0x3f, 0x3b, 0xf6, 0x2f, 0xe8,
    0xed, 0x80, 0x1b, 0xd9, 0x4e, 0x40, 0x19, 0x2b,
    0xd8, 0x0,

    /* U+8983 "覃" */
    0x2e, 0xed, 0xfe, 0xee, 0x7f, 0xbb, 0xb1, 0x97,
    0x76, 0x78, 0xee, 0x43, 0xf7, 0x63, 0x1, 0xdd,
    0x9e, 0x77, 0x52, 0xfb, 0xb1, 0x0, 0x47, 0xba,
    0x79, 0xdd, 0x4b, 0xee, 0x88, 0x3, 0xe, 0xe9,
    0xa7, 0x75, 0x2d, 0xba, 0x0, 0xc3, 0xf1, 0xb,
    0xb4, 0x42, 0xed, 0x10, 0xe2, 0x0, 0x86, 0x88,
    0xbf, 0x51, 0x0, 0x7b, 0xbb, 0xf0, 0x7, 0xe8,
    0x8f, 0xc0, 0x1f, 0xb3, 0x3f, 0x0, 0x78, 0x7f,
    0x76, 0x74, 0xdd, 0xbc, 0xc0, 0x7, 0xdd, 0xe5,
    0x6e, 0xef, 0x21, 0xf7, 0x79, 0x5b, 0xbb, 0xc8,
    0x1, 0xf1, 0x80, 0x7e,

    /* U+8BB0 "记" */
    0x0, 0x59, 0x80, 0x4, 0xcf, 0xe0, 0xd, 0x98,
    0x30, 0x6c, 0xcf, 0x80, 0x33, 0xc7, 0x3, 0xff,
    0xf6, 0x80, 0x79, 0xf0, 0x3, 0xfe, 0x36, 0x68,
    0x3, 0xff, 0x80, 0xdb, 0xa9, 0x50, 0x0, 0x8f,
    0x80, 0x25, 0xbb, 0x8, 0x0, 0xfb, 0xbb, 0x0,
    0x3f, 0xee, 0xed, 0x80, 0x1f, 0xf0, 0x8e, 0x3f,
    0x0, 0xff, 0xe5, 0xa0, 0x7, 0xe9, 0x0, 0xc3,
    0x14, 0xc0, 0x1e, 0x16, 0x10, 0x2, 0x3, 0xfb,
    0x82, 0x91, 0x69, 0x11, 0x0, 0x6, 0x2c, 0x49,
    0x6b, 0x77, 0x35, 0x80,

    /* U+8BB8 "许" */
    0x0, 0xf9, 0x10, 0x1, 0xf8, 0x74, 0xc0, 0x2f,
    0xc0, 0xf, 0xc3, 0x78, 0x60, 0x4, 0xc0, 0xf,
    0xe6, 0x99, 0x2, 0x5, 0xff, 0xf3, 0x80, 0x66,
    0xa0, 0xd5, 0xd9, 0xd, 0xd9, 0x80, 0x4c, 0xe0,
    0x26, 0x92, 0x50, 0x22, 0x84, 0x1b, 0x75, 0x86,
    0xec, 0x60, 0x1f, 0x9f, 0xb8, 0x20, 0xb2, 0x1,
    0xff, 0xc2, 0x8f, 0xfb, 0x3, 0xff, 0x8, 0x7,
    0x4e, 0x65, 0x21, 0x99, 0x84, 0x3, 0x84, 0xce,
    0x50, 0x33, 0xc0, 0x1c, 0xee, 0x0, 0xff, 0xe0,
    0x8d, 0x60, 0x80, 0x7f, 0xca, 0x13, 0x62, 0x1,
    0xff, 0x2e, 0x38, 0x7, 0xfc,

    /* U+8BD7 "诗" */
    0x0, 0x38, 0x7, 0x97, 0x40, 0x3e, 0xcc, 0x0,
    0x4, 0x88, 0x60, 0x45, 0x0, 0x6b, 0x69, 0xa,
    0xdd, 0x49, 0x6e, 0xca, 0x1, 0xaa, 0x2, 0xff,
    0xd4, 0x5f, 0xf2, 0x80, 0xaa, 0xc2, 0x22, 0x28,
    0xc0, 0x8b, 0x1, 0x44, 0x28, 0x77, 0x74, 0x96,
    0xee, 0x23, 0xdd, 0x0, 0x33, 0xff, 0xb4, 0x3f,
    0xc4, 0x1, 0xc2, 0x45, 0xce, 0x4, 0x40, 0xf,
    0x36, 0xef, 0x50, 0x6e, 0x80, 0x3c, 0xfe, 0xdd,
    0xfe, 0xd0, 0xff, 0x0, 0x71, 0x30, 0x3, 0x40,
    0x3f, 0x84, 0x34, 0x1, 0x22, 0xc0, 0x1f, 0xa0,
    0x75, 0x80, 0x18, 0xe4, 0xe0, 0x1e, 0xdf, 0x30,
    0x8, 0x57, 0x69, 0x40, 0x20,

    /* U+8BDD "话" */
    0x0, 0xff, 0xe2, 0x8c, 0x80, 0x70, 0x9a, 0xc6,
    0x79, 0x80, 0x4b, 0x60, 0xc, 0xfe, 0xda, 0x29,
    0xd3, 0x0, 0xe, 0x3b, 0x83, 0xb9, 0xfc, 0x12,
    0xa4, 0x1, 0xda, 0xe0, 0x42, 0x1, 0xf8, 0x4c,
    0xc4, 0x0, 0x44, 0xc0, 0x89, 0x89, 0x73, 0x20,
    0x19, 0x9c, 0x13, 0x39, 0xd3, 0xf8, 0x0, 0x3b,
    0xb8, 0x37, 0x72, 0x80, 0x7f, 0xf2, 0x8f, 0xba,
    0xd, 0xee, 0x38, 0x7, 0xe1, 0xdd, 0x66, 0xe8,
    0x80, 0x3c, 0x78, 0xc2, 0x67, 0xce, 0x1, 0xec,
    0x51, 0x0, 0xff, 0x98, 0x26, 0x4e, 0x26, 0x7c,
    0xe0, 0x1b, 0xf1, 0x80, 0x2e, 0xee, 0x20, 0x0,

    /* U+8BF7 "请" */
    0x0, 0x38, 0x7, 0x9b, 0x0, 0x3e, 0xcc, 0x0,
    0xf7, 0x52, 0x7d, 0xd4, 0x80, 0x56, 0xd2, 0x3d,
    0xd4, 0x9f, 0x75, 0x20, 0x1a, 0xa0, 0x27, 0x75,
    0x7, 0xbb, 0x10, 0x9, 0x9c, 0x21, 0x3b, 0xa8,
    0x3d, 0xd8, 0x81, 0x33, 0x23, 0x8e, 0xea, 0xb,
    0xbb, 0x12, 0xff, 0x84, 0x23, 0xf3, 0x3e, 0xe2,
    0x0, 0xf3, 0xe4, 0xce, 0xff, 0x0, 0x7f, 0x2d,
    0xde, 0x90, 0xf, 0xf2, 0x6e, 0xea, 0x0, 0xfc,
    0xa0, 0xbb, 0xba, 0x80, 0x3c, 0x3d, 0xc1, 0x5d,
    0xdd, 0x40, 0x1c, 0xc1, 0x56, 0x2b, 0xbb, 0x64,
    0x0, 0x72, 0xe3, 0x80, 0x71, 0xf4, 0x28, 0x0,

    /* U+8C22 "谢" */
    0x0, 0xff, 0xe2, 0x8c, 0x0, 0x66, 0xa0, 0xc,
    0x98, 0x0, 0x12, 0xb0, 0x4, 0x58, 0xc0, 0x7,
    0xea, 0x4, 0x17, 0x9f, 0x71, 0x0, 0x8, 0x7,
    0x5a, 0x0, 0x3f, 0xc0, 0xff, 0xea, 0x3c, 0x9,
    0x94, 0x0, 0x6, 0x64, 0xd, 0xfe, 0xb3, 0xc0,
    0x66, 0x28, 0x4, 0x66, 0x1, 0x30, 0xe, 0xfc,
    0x0, 0x87, 0x74, 0x0, 0xd1, 0x0, 0xfc, 0x63,
    0x98, 0x1, 0x46, 0x0, 0xf8, 0xf4, 0x7f, 0xc0,
    0xf, 0xb0, 0xf, 0x8f, 0xfd, 0x64, 0x0, 0x58,
    0x0, 0xf8, 0xd8, 0x6b, 0x80, 0x24, 0x0, 0xe7,
    0x2d, 0x1f, 0x83, 0x0, 0xfe, 0xf2, 0xb8, 0xb6,
    0x0, 0xe2, 0x0, 0xdd, 0x8b, 0x8b, 0x1e, 0x80,
    0x9f, 0x36, 0x1, 0x28, 0x81, 0x84, 0x7d, 0x82,
    0x7f, 0x9c, 0x0,

    /* U+8C2D "谭" */
    0x0, 0xff, 0xe2, 0xa6, 0x88, 0x5f, 0x73, 0xfd,
    0xdf, 0xdd, 0x10, 0x23, 0xe0, 0x5f, 0x71, 0x6f,
    0xc7, 0xba, 0x20, 0x5, 0x33, 0xf, 0x74, 0xb5,
    0x83, 0xba, 0x80, 0xd, 0x6c, 0x3, 0xab, 0x58,
    0x3a, 0xa2, 0x2, 0xcd, 0x0, 0x9, 0xdd, 0xd2,
    0x2e, 0x80, 0x2, 0xda, 0x91, 0x2b, 0x28, 0xfd,
    0xa2, 0x9a, 0x3, 0xbc, 0x0, 0xf, 0x4c, 0xfa,
    0x4, 0x3, 0xe6, 0xfc, 0xce, 0x31, 0x0, 0xfd,
    0xd9, 0x9c, 0x20, 0x1f, 0xcb, 0x55, 0xc0, 0x1f,
    0x86, 0x70, 0xbe, 0xc8, 0x96, 0x40, 0x10, 0x86,
    0x62, 0x22, 0x72, 0x88, 0xb4, 0x2, 0x90, 0x8c,
    0xdd, 0xa4, 0xf7, 0x70, 0x5, 0xfa, 0xa2, 0x3c,
    0xe2, 0x38, 0x0,

    /* U+8D3A "贺" */
    0x1, 0x28, 0xb2, 0x20, 0x87, 0xff, 0x38, 0x66,
    0xba, 0x6e, 0xb0, 0x1, 0xff, 0x20, 0x3, 0x7c,
    0x6b, 0xe8, 0x40, 0x38, 0x40, 0x26, 0x5, 0x2,
    0x70, 0xf, 0xcf, 0x34, 0xaf, 0x58, 0x0, 0xcc,
    0x90, 0xb, 0x74, 0x8e, 0x52, 0xe1, 0x9f, 0xf6,
    0xb1, 0x51, 0x6e, 0x5d, 0x77, 0x37, 0x6e, 0x31,
    0x0, 0x8e, 0x33, 0x15, 0x4c, 0xc4, 0x98, 0x7,
    0x88, 0xa8, 0x32, 0x28, 0x3, 0xfc, 0x22, 0x0,
    0xff, 0xe0, 0x21, 0x28, 0x7, 0xf6, 0xaa, 0xaa,
    0x17, 0xa4, 0x34, 0x3, 0x12, 0x65, 0xd9, 0xdb,
    0x6, 0xf5, 0xc0, 0xf, 0x9b, 0x1c, 0xa0, 0x2,
    0x8e, 0xba, 0x40, 0x7e, 0xa5, 0x0, 0xf9, 0x75,
    0x0,

    /* U+8D3E "贾" */
    0xf, 0xff, 0xfe, 0x10, 0x7f, 0xe8, 0x6f, 0xf2,
    0x57, 0xfe, 0x1, 0xbb, 0xa9, 0xee, 0xcb, 0x17,
    0x70, 0x80, 0x12, 0x25, 0x11, 0x32, 0x2a, 0x99,
    0x21, 0x80, 0x46, 0x5c, 0x64, 0x47, 0x22, 0x80,
    0x3b, 0xb9, 0xd, 0xdc, 0x4a, 0xee, 0x0, 0x43,
    0xfd, 0xcf, 0xf7, 0x73, 0xfd, 0xdc, 0xf2, 0x0,
    0xbf, 0xff, 0xc0, 0x1e, 0xde, 0xef, 0x68, 0x7,
    0xc6, 0x22, 0xd7, 0x11, 0x18, 0x7, 0xf8, 0xd0,
    0x3, 0xf8, 0xc0, 0x14, 0x82, 0xc2, 0x6, 0x1,
    0xda, 0x98, 0xf4, 0x3d, 0xf5, 0x40, 0x0, 0xe7,
    0x7f, 0x56, 0x89, 0x47, 0x7e, 0xfa, 0xf, 0xfb,
    0xad, 0x80, 0x39, 0x2f, 0x50,

    /* U+8D75 "赵" */
    0x0, 0xde, 0x1, 0xf8, 0x80, 0x23, 0x45, 0x5,
    0x42, 0x10, 0x8, 0x74, 0x80, 0x17, 0x12, 0x13,
    0xf, 0x74, 0x0, 0x63, 0x20, 0x4, 0x66, 0x3,
    0x30, 0xb6, 0x8c, 0x15, 0x40, 0x8, 0x88, 0x60,
    0x64, 0x41, 0xa9, 0x62, 0x60, 0x1, 0x66, 0x34,
    0x33, 0x1e, 0x8, 0xf2, 0xc0, 0x11, 0x77, 0xf1,
    0x5f, 0x68, 0x2, 0x80, 0x3c, 0xd4, 0x0, 0x11,
    0x0, 0x52, 0x8c, 0x60, 0x10, 0x88, 0x1, 0x5d,
    0x40, 0xcb, 0x4f, 0xc0, 0x17, 0x30, 0x2, 0xfe,
    0x8e, 0x6c, 0x60, 0xd8, 0x0, 0x67, 0x0, 0x43,
    0xae, 0xa0, 0x8, 0x0, 0x9d, 0xdc, 0x60, 0x1,
    0x88, 0x0, 0x4c, 0xc0, 0x12, 0x85, 0x1e, 0x53,
    0x41, 0x22, 0xe1, 0x65, 0x8, 0xc3, 0x8d, 0xd7,
    0x6e, 0xf1, 0xbc, 0x0, 0xe, 0x77, 0xbf, 0xfe,
    0x20,

    /* U+8D77 "起" */
    0x0, 0x87, 0xc0, 0x25, 0xff, 0xe5, 0x0, 0x56,
    0xe0, 0x6e, 0xa5, 0x7f, 0xf1, 0x0, 0x51, 0xd2,
    0x13, 0xd6, 0x1, 0xfc, 0x46, 0xa0, 0x86, 0x40,
    0x1f, 0x85, 0x9a, 0x7, 0x66, 0x0, 0x8e, 0x0,
    0xd9, 0x8d, 0x1b, 0xcc, 0x27, 0x76, 0x31, 0x1,
    0x8e, 0xa2, 0x8a, 0xa3, 0x8f, 0xfd, 0xc8, 0x0,
    0x4f, 0x0, 0x8, 0xc0, 0x1f, 0xc2, 0x1, 0x57,
    0x78, 0x7, 0x98, 0x1, 0xec, 0x0, 0xbf, 0xe0,
    0xf, 0x41, 0x0, 0x91, 0x80, 0x61, 0x11, 0x91,
    0x10, 0x48, 0x8, 0xf8, 0x40, 0x22, 0x5d, 0xcc,
    0x54, 0x0, 0x13, 0xd0, 0xb9, 0x4c, 0xa3, 0x33,
    0x28, 0x28, 0x9c, 0xd8, 0x46, 0xef, 0xe1, 0x4a,
    0x0, 0x25, 0x6f, 0x7f, 0xfc, 0x20,

    /* U+8F69 "轩" */
    0x0, 0xb5, 0x0, 0x3f, 0xf8, 0x44, 0xe0, 0x16,
    0xff, 0xf8, 0x0, 0xac, 0xa, 0xb0, 0xfe, 0xd8,
    0x5e, 0xe8, 0x6, 0x60, 0x2a, 0x64, 0xa4, 0x45,
    0x5, 0x22, 0x0, 0xe2, 0x47, 0xf6, 0x20, 0x7,
    0xf9, 0x1a, 0x10, 0x3, 0xfe, 0x55, 0x8, 0x6,
    0x22, 0x80, 0x8a, 0x0, 0x42, 0xea, 0x46, 0xbe,
    0xeb, 0x3, 0x37, 0x4a, 0x13, 0x5c, 0x6f, 0xcd,
    0xdc, 0xc0, 0xce, 0xe2, 0x82, 0x20, 0xdf, 0xcc,
    0x46, 0x20, 0x21, 0x10, 0x4, 0x4a, 0xd7, 0xd2,
    0x1, 0xf8, 0xbf, 0x64, 0xdf, 0x64, 0x3, 0xf1,
    0x6f, 0xe2, 0xe1, 0x80, 0x7f, 0x88, 0x3, 0xff,
    0xad, 0x6c, 0x1, 0x87, 0xc4, 0x2,

    /* U+8F89 "辉" */
    0x6, 0xa, 0x53, 0x5e, 0xff, 0xf8, 0x82, 0x88,
    0x1, 0x64, 0x19, 0xd7, 0xdd, 0x8, 0x1, 0x1c,
    0x0, 0x68, 0x62, 0x56, 0x23, 0x0, 0x5b, 0xa0,
    0x3, 0x1e, 0x92, 0x18, 0x5, 0xc4, 0xf, 0xe0,
    0x56, 0xb, 0xf0, 0x7f, 0xf4, 0x80, 0xfd, 0x2c,
    0xdc, 0xae, 0xf, 0x37, 0x7c, 0x80, 0xe0, 0x5a,
    0xdc, 0x87, 0xc0, 0xb0, 0x7, 0x8, 0x30, 0x18,
    0x31, 0xde, 0x6, 0x62, 0xc0, 0x23, 0x30, 0x4,
    0x95, 0x32, 0x8, 0x87, 0x80, 0x42, 0x20, 0x1,
    0x92, 0xa2, 0x82, 0x24, 0x0, 0x22, 0x0, 0x27,
    0xf3, 0x76, 0xc, 0xdd, 0x30, 0x22, 0x1, 0x5b,
    0x22, 0x65, 0x1, 0x13, 0x24, 0xb, 0xd0, 0x9a,
    0x4, 0x49, 0x41, 0x12, 0x20, 0x54, 0x7, 0x0,
    0xff, 0x80,

    /* U+8FB0 "辰" */
    0x0, 0x6f, 0xff, 0xfd, 0x40, 0x19, 0xf7, 0x7f,
    0xd0, 0x1, 0xb8, 0x8b, 0xfe, 0x0, 0xe3, 0xff,
    0xfd, 0xc0, 0x1e, 0x3d, 0xdf, 0xd8, 0x1, 0xf1,
    0x17, 0xf0, 0x6, 0x39, 0xff, 0xff, 0x84, 0x0,
    0x33, 0xa5, 0x1a, 0xaa, 0xdd, 0xab, 0x44, 0x2,
    0x42, 0x11, 0x14, 0x28, 0x12, 0x58, 0x80, 0x8,
    0x8, 0x3, 0x12, 0x44, 0xde, 0x18, 0x1, 0x4,
    0x3, 0xd4, 0x88, 0xd2, 0x0, 0xb1, 0x0, 0x38,
    0xd3, 0x4a, 0x80, 0x21, 0x5f, 0x0, 0x15, 0x76,
    0x91, 0xeb, 0xf4, 0xa, 0xa, 0x81, 0x82, 0xd7,
    0x38, 0x16, 0xd9, 0xa, 0xf8, 0x0, 0xfa, 0x50,
    0x3, 0x96, 0x80,

    /* U+8FC7 "过" */
    0x3, 0x50, 0xf, 0xcf, 0x60, 0x1d, 0x4c, 0x1,
    0xff, 0xc1, 0x3c, 0x94, 0x35, 0x5e, 0xd6, 0x55,
    0x0, 0x47, 0x6b, 0x73, 0x3c, 0x85, 0x32, 0x0,
    0xc8, 0x31, 0x99, 0xd2, 0x99, 0x80, 0x1, 0x9c,
    0x0, 0x86, 0x0, 0xfc, 0x5b, 0xac, 0x20, 0xb9,
    0x30, 0xf, 0x8b, 0xb8, 0x1, 0x1c, 0xe8, 0x80,
    0x7f, 0xf0, 0x5a, 0x4, 0x3, 0xff, 0x84, 0xc0,
    0x1f, 0xc2, 0x2, 0x1, 0x2f, 0x72, 0xc, 0x3,
    0x17, 0x86, 0x98, 0x1, 0x6a, 0x9b, 0x0, 0x10,
    0xe1, 0x63, 0xe5, 0xb2, 0x80, 0x19, 0x59, 0xc8,
    0xb, 0x4e, 0x74, 0xea, 0x2a, 0x93, 0x17, 0x63,
    0x1c, 0x10, 0x1, 0x46, 0x6f, 0x73, 0x76, 0xc1,

    /* U+8FDC "远" */
    0x0, 0xff, 0xe2, 0xdd, 0x0, 0x5f, 0xff, 0x84,
    0x1, 0x2d, 0xa4, 0x1d, 0xdf, 0x84, 0x0, 0x58,
    0xec, 0x2, 0x3f, 0x80, 0x3a, 0x90, 0x47, 0xfc,
    0x1, 0xee, 0xef, 0xf0, 0xa7, 0xfc, 0x1d, 0xc9,
    0x2e, 0xb0, 0xee, 0x85, 0x36, 0xc0, 0x2, 0x20,
    0x61, 0x71, 0x1c, 0x0, 0x26, 0x0, 0xd8, 0x40,
    0x1f, 0xfc, 0x11, 0x4d, 0x0, 0xe8, 0x0, 0xfa,
    0x89, 0x0, 0x2, 0x0, 0x70, 0xe, 0x2e, 0x6d,
    0x0, 0x10, 0x6f, 0x10, 0x5, 0x61, 0x71, 0xa2,
    0x0, 0x1d, 0xed, 0xc0, 0x5, 0xa5, 0x9c, 0x39,
    0x90, 0x88, 0x4, 0x10, 0x88, 0xd8, 0x95, 0x4d,
    0xdb, 0xb9, 0xba, 0xcb, 0x2, 0xd1, 0x0, 0x25,
    0x77, 0xff, 0xb8, 0x80,

    /* U+9047 "遇" */
    0x3, 0x30, 0x0, 0xff, 0xb9, 0xfd, 0xd8, 0x2,
    0x5c, 0x80, 0x1, 0x77, 0x7, 0x7b, 0x40, 0x33,
    0x6a, 0xb0, 0x16, 0xe8, 0x77, 0x60, 0xe, 0x2d,
    0x60, 0x2d, 0xd0, 0xee, 0xc0, 0x1f, 0xc5, 0x98,
    0x1e, 0xce, 0x0, 0x8b, 0xfe, 0x3, 0xed, 0xd0,
    0xce, 0xe7, 0x80, 0xb, 0xf0, 0x1, 0xbf, 0xf0,
    0xd7, 0xfd, 0x20, 0x10, 0x80, 0xe, 0xbf, 0xc3,
    0xb1, 0xec, 0x60, 0x1f, 0x30, 0x88, 0x7, 0xd3,
    0xc0, 0x3f, 0x3e, 0x68, 0xe2, 0x48, 0x7, 0xf3,
    0x76, 0x7f, 0x6d, 0x0, 0x75, 0x84, 0x10, 0x90,
    0x80, 0xe, 0xe7, 0x0, 0x16, 0xb8, 0x22, 0x53,
    0x21, 0x1b, 0xa8, 0xc8, 0x8d, 0xa7, 0x3d, 0xbd,
    0xbd, 0xcd, 0xcb, 0xb0, 0x16, 0x88, 0x0, 0xeb,
    0x7f, 0xfd, 0xc4,

    /* U+9093 "邓" */
    0x0, 0xff, 0xe2, 0x91, 0x71, 0x80, 0x3f, 0xfa,
    0xc0, 0x1b, 0xbd, 0x88, 0x0, 0xcd, 0xd2, 0x38,
    0x3, 0xff, 0x81, 0x40, 0x4, 0x43, 0x48, 0x0,
    0xf1, 0x88, 0x80, 0x33, 0x1a, 0x0, 0x21, 0x40,
    0x8, 0xa0, 0x1d, 0x52, 0x1, 0x5d, 0x18, 0x5e,
    0x80, 0x64, 0x35, 0x0, 0x8e, 0xb5, 0x4d, 0x80,
    0x32, 0x14, 0x0, 0x65, 0x6a, 0x50, 0xf, 0x6b,
    0x20, 0x6, 0xa0, 0xf, 0xc3, 0x1e, 0x1, 0xb9,
    0x10, 0xa0, 0x1e, 0x26, 0x0, 0x9c, 0xaa, 0xec,
    0x20, 0x11, 0x1f, 0x30, 0x1, 0xe2, 0x85, 0x50,
    0xc0, 0x2c, 0xc3, 0x48, 0x1c, 0x5a, 0x0, 0x28,
    0x80, 0x2e, 0xfc, 0x20, 0x3e, 0x40, 0xf, 0xfe,
    0x8,

    /* U+90B1 "邱" */
    0x0, 0xe1, 0x56, 0x0, 0xff, 0x56, 0x77, 0x23,
    0xc0, 0xbf, 0xf8, 0x80, 0x56, 0x77, 0xf6, 0x40,
    0x3, 0xba, 0x81, 0x20, 0x9, 0x4c, 0x3, 0xc4,
    0x4c, 0x90, 0xf, 0xfe, 0x9, 0x23, 0x0, 0x65,
    0x44, 0xc6, 0x1, 0x53, 0x8, 0x6, 0x88, 0xae,
    0x6c, 0x2, 0x6b, 0x0, 0xed, 0xcc, 0x6, 0x40,
    0x4, 0x96, 0x1, 0xff, 0xc2, 0xa5, 0x70, 0xf,
    0xfe, 0x17, 0xc8, 0x7, 0xff, 0x8, 0xc4, 0x40,
    0x1f, 0x2a, 0x0, 0x4, 0x98, 0x4, 0x8, 0x22,
    0xb4, 0x2e, 0x44, 0x23, 0x62, 0x41, 0x34, 0xc7,
    0x67, 0x7f, 0x44, 0x27, 0xf9, 0x81, 0x3b, 0x25,
    0xd0, 0x80, 0x3f, 0x80,

    /* U+90B5 "邵" */
    0x0, 0xff, 0xe2, 0xff, 0xfc, 0xe9, 0xff, 0xb8,
    0x83, 0xb9, 0x23, 0xdc, 0x41, 0x1, 0xdd, 0x38,
    0x10, 0x8, 0xb9, 0x4, 0x4e, 0x60, 0x2, 0x22,
    0x48, 0x6, 0x6f, 0x0, 0xb, 0x0, 0x44, 0x6c,
    0x1, 0x38, 0x28, 0x0, 0x88, 0x1, 0x53, 0x8,
    0x1, 0x63, 0x44, 0xdc, 0x44, 0x1, 0x35, 0x80,
    0x12, 0xec, 0x61, 0xd5, 0x60, 0x19, 0x2c, 0x0,
    0x98, 0xc4, 0x7f, 0xe7, 0x0, 0xd4, 0xae, 0x0,
    0x5d, 0xdf, 0x8, 0x6, 0x89, 0x0, 0x93, 0xff,
    0x0, 0x79, 0x84, 0x40, 0x1f, 0xf0, 0x92, 0x80,
    0x80, 0x7f, 0xcb, 0x97, 0x60, 0x9, 0x3f, 0xf0,
    0x6, 0x4e, 0xc4, 0x0, 0x8f, 0x77, 0x18, 0x7,
    0xf3, 0xe1, 0x16, 0xc1, 0x4e, 0x0, 0xe0,

    /* U+90B9 "邹" */
    0x0, 0xa9, 0x40, 0x3f, 0xf8, 0x26, 0xac, 0x1,
    0x93, 0xff, 0x60, 0x5, 0x41, 0x9f, 0xea, 0x0,
    0xe, 0xe9, 0x40, 0x22, 0x69, 0xed, 0x19, 0x0,
    0x88, 0x89, 0x20, 0xe, 0x56, 0x15, 0x51, 0x80,
    0x64, 0x5, 0x7, 0x2b, 0x1, 0x98, 0x0, 0xee,
    0x90, 0x3, 0x17, 0x7f, 0xe, 0x7a, 0x0, 0x4a,
    0xa0, 0x0, 0xf6, 0xef, 0x8, 0x6, 0x8e, 0x0,
    0x88, 0xbc, 0x1, 0xce, 0xc, 0x1, 0x19, 0xf0,
    0x80, 0x75, 0xe8, 0x1, 0x37, 0x78, 0x3, 0xc6,
    0xa0, 0x4, 0xee, 0xe1, 0x0, 0xc3, 0xaa, 0x1,
    0xff, 0xc0, 0x6f, 0x58, 0x0, 0x67, 0xff, 0x8,
    0x4, 0xdd, 0x86, 0x0, 0xed, 0xde, 0x20, 0xf,
    0xc0,

    /* U+90D1 "郑" */
    0x0, 0x22, 0x80, 0x50, 0x60, 0x1f, 0xea, 0x10,
    0x27, 0x10, 0xff, 0xe5, 0x0, 0x21, 0xc8, 0x2a,
    0x10, 0x3, 0x36, 0xc1, 0xc0, 0x4a, 0xf0, 0xe7,
    0x8, 0x40, 0x89, 0x86, 0x40, 0xd9, 0x37, 0x81,
    0x38, 0x1, 0x96, 0x80, 0xf, 0xdc, 0xc0, 0xee,
    0x84, 0x0, 0x86, 0xc0, 0x1f, 0xfc, 0x1e, 0x60,
    0x8, 0x8a, 0x51, 0x22, 0xc0, 0xc, 0x51, 0x1,
    0xdd, 0xa4, 0x77, 0x6a, 0x0, 0x32, 0xd0, 0xf,
    0xfc, 0xaa, 0xff, 0xa0, 0x2, 0x84, 0x20, 0x8,
    0x55, 0x4c, 0x1, 0xf1, 0x38, 0x5, 0x29, 0x90,
    0xc0, 0x1c, 0x64, 0x20, 0x4, 0x79, 0x3d, 0x95,
    0x0, 0x1f, 0xe2, 0x20, 0x12, 0xe8, 0x80, 0xee,
    0x44, 0xf, 0xb9, 0x60, 0x8, 0xa5, 0x0, 0x93,
    0x4, 0x0, 0x22, 0x0, 0x0,

    /* U+90DD "郝" */
    0x0, 0xff, 0xe4, 0x35, 0x80, 0x6f, 0xfe, 0x30,
    0x13, 0x37, 0x39, 0x98, 0x80, 0x19, 0xd4, 0x6,
    0xb, 0xdc, 0x63, 0xee, 0x50, 0x0, 0x87, 0x18,
    0x0, 0x9b, 0xa8, 0x4d, 0xd4, 0x0, 0x67, 0xa0,
    0x1, 0x15, 0xce, 0x45, 0x8, 0x1, 0xc, 0xc0,
    0x5b, 0xb3, 0x9e, 0xec, 0x80, 0xe, 0xa0, 0x1,
    0x7f, 0x9e, 0x34, 0x7f, 0xca, 0x0, 0xfa, 0x10,
    0x1, 0xc8, 0x80, 0x4e, 0xc0, 0x12, 0xa4, 0x0,
    0x2f, 0xcc, 0x40, 0x9, 0x40, 0x1a, 0xd8, 0x0,
    0xce, 0xe5, 0x0, 0x18, 0x90, 0x4, 0x40, 0x44,
    0x90, 0x23, 0x0, 0xac, 0x40, 0xc9, 0x40, 0x88,
    0xee, 0x40, 0xc, 0xc6, 0x3, 0xb7, 0x0, 0x3,
    0x8f, 0x1, 0x0, 0xe2, 0xfe, 0x70, 0x5, 0xc2,
    0x46, 0x38, 0x7, 0xfa, 0x18, 0x23, 0xe4, 0x2,
    0xf1, 0x0, 0xc0,

    /* U+90ED "郭" */
    0x0, 0xd6, 0x40, 0x1f, 0xf2, 0xac, 0xf2, 0xab,
    0x37, 0xfe, 0xe2, 0x24, 0x44, 0x2d, 0x11, 0x9,
    0xee, 0xa0, 0xc8, 0x9b, 0xbf, 0x88, 0x8, 0x97,
    0x40, 0x3, 0xee, 0xf1, 0x0, 0x44, 0x6c, 0x1,
    0x1f, 0x76, 0x0, 0xeb, 0x61, 0x0, 0x8d, 0xdf,
    0x8, 0x6, 0x6a, 0x0, 0x8a, 0xc8, 0xb5, 0x18,
    0x5, 0x1e, 0x1, 0x3c, 0xcf, 0x80, 0x33, 0xba,
    0x0, 0xf, 0xdd, 0x29, 0x48, 0x80, 0x68, 0x60,
    0x0, 0x91, 0x29, 0x7d, 0x8, 0xc0, 0x22, 0x11,
    0x1e, 0xeb, 0x9c, 0xfb, 0x9a, 0x1, 0x90, 0x4,
    0xa7, 0xb5, 0x5b, 0xbf, 0xc6, 0x9, 0xf4, 0xe0,
    0x28, 0x66, 0x1, 0x10, 0x6, 0x4d, 0xe8, 0x0,
    0x97, 0xd3, 0x0, 0x3c, 0x42, 0x0,

    /* U+9192 "醒" */
    0x1f, 0xff, 0x4c, 0x7f, 0xf7, 0x0, 0xff, 0x15,
    0xaf, 0xc8, 0x47, 0xfd, 0xa0, 0x18, 0x41, 0xc0,
    0x35, 0x5d, 0xdc, 0x1, 0x67, 0x16, 0x2f, 0x38,
    0x24, 0x45, 0x20, 0x10, 0xc9, 0x3a, 0xa0, 0x3,
    0x8c, 0xe7, 0x0, 0xca, 0xd9, 0xba, 0x0, 0x47,
    0xfd, 0xa0, 0x18, 0x44, 0x1, 0xa5, 0x3c, 0xb7,
    0xf8, 0x2, 0xff, 0x35, 0xd0, 0x32, 0xd9, 0x75,
    0xd8, 0x80, 0x12, 0xa5, 0x95, 0xb3, 0x50, 0x15,
    0x10, 0x20, 0x6, 0x3b, 0xd8, 0xd0, 0x86, 0x28,
    0x66, 0x0, 0xfd, 0x61, 0xdc, 0x1d, 0xed, 0x0,
    0xad, 0xde, 0xc0, 0x6e, 0xe0, 0xe7, 0x68, 0x5,
    0x9d, 0xd4, 0x78, 0x8c, 0x0, 0x11, 0x80, 0x19,
    0xdd, 0x38, 0xff, 0xc1, 0xbf, 0xeb,

    /* U+91D1 "金" */
    0x0, 0xf9, 0x24, 0x3, 0xff, 0x82, 0x54, 0xe2,
    0x1, 0xff, 0x1e, 0x3b, 0x79, 0x80, 0x7f, 0x3e,
    0x34, 0xc4, 0x31, 0xc0, 0x3c, 0xbb, 0x37, 0x0,
    0x6, 0xca, 0xe6, 0x0, 0x1f, 0x53, 0x84, 0xee,
    0xee, 0x36, 0x8e, 0x33, 0x47, 0x55, 0x26, 0x42,
    0xd3, 0x2a, 0x8e, 0xb3, 0x6, 0x10, 0x44, 0x98,
    0x91, 0x20, 0x2, 0x80, 0x44, 0x5c, 0x26, 0x45,
    0xc0, 0x11, 0x6e, 0xf2, 0x2e, 0xef, 0x18, 0x0,
    0xbe, 0xb3, 0xfc, 0xad, 0xfe, 0xba, 0xf3, 0x0,
    0xc7, 0xc0, 0x1e, 0x93, 0x0, 0xf3, 0x3, 0x0,
    0x67, 0x16, 0x0, 0xc2, 0x35, 0x98, 0x88, 0xc7,
    0xfc, 0x23, 0x0, 0x3f, 0xb9, 0x35, 0xc8, 0xbc,
    0xf9, 0xdc, 0xf0,

    /* U+949F "钟" */
    0x0, 0xff, 0xe2, 0xb5, 0x80, 0x79, 0x74, 0x3,
    0xa1, 0x73, 0x10, 0x1, 0xfd, 0x69, 0x51, 0xa,
    0x34, 0x46, 0x9a, 0x24, 0x6d, 0x48, 0x91, 0x7d,
    0xd3, 0xd, 0x52, 0xce, 0x7f, 0xf2, 0x5, 0x75,
    0x97, 0x60, 0x1, 0x34, 0xdf, 0x50, 0x3, 0xfc,
    0x4f, 0xc4, 0x1, 0xfe, 0x88, 0x36, 0xc3, 0x1,
    0x89, 0x80, 0x88, 0x0, 0x22, 0x37, 0x10, 0x4,
    0xf4, 0x97, 0x60, 0x2, 0x64, 0xb5, 0x2c, 0x13,
    0xd2, 0x5d, 0x80, 0x1f, 0xb1, 0x84, 0xc0, 0x4f,
    0xc0, 0x37, 0x45, 0x0, 0x7f, 0x85, 0x1c, 0x6c,
    0x3, 0xfc, 0x4d, 0xd2, 0x20, 0x1f, 0x80,

    /* U+94B1 "钱" */
    0x0, 0xff, 0xe3, 0x35, 0x80, 0x72, 0xe1, 0xd2,
    0x80, 0x68, 0x5d, 0xd2, 0x80, 0x42, 0x71, 0x82,
    0x0, 0xb4, 0xa9, 0x92, 0x0, 0xc, 0xcd, 0x65,
    0x60, 0x8d, 0x48, 0x90, 0xd7, 0xc8, 0xe0, 0xf4,
    0x2, 0x47, 0xfe, 0x28, 0xed, 0xa, 0x85, 0x20,
    0x2, 0xea, 0x3e, 0x91, 0x4, 0xc0, 0x92, 0x2c,
    0x80, 0x4, 0x3c, 0x40, 0x6d, 0x61, 0xb6, 0x86,
    0x60, 0x44, 0x37, 0xa2, 0x32, 0xc0, 0x67, 0xf2,
    0xc4, 0x22, 0x4, 0xf1, 0x9f, 0xb4, 0x82, 0x9,
    0xa2, 0x19, 0x84, 0x8c, 0x80, 0xb, 0x30, 0x95,
    0x41, 0x0, 0xf0, 0x80, 0x4a, 0x95, 0xa8, 0x1,
    0xdf, 0x76, 0x0, 0x37, 0x3, 0x19, 0xc0, 0x1,
    0x47, 0xdb, 0x9f, 0xa9, 0xc7, 0x59, 0x50, 0x1,
    0x27, 0xb0, 0x85, 0xe2, 0x1c, 0xdb, 0xb8,

    /* U+94ED "铭" */
    0x0, 0x13, 0x0, 0x7a, 0x44, 0x3, 0xaf, 0x0,
    0x39, 0xd0, 0x40, 0x31, 0x32, 0x6e, 0x9c, 0x6,
    0xb, 0x75, 0xd4, 0x1e, 0xd5, 0x32, 0x51, 0xc6,
    0xce, 0xe1, 0x62, 0xc, 0xa2, 0x47, 0x8f, 0x26,
    0x60, 0x26, 0x49, 0xff, 0xca, 0x91, 0xc6, 0x1d,
    0x20, 0x5, 0xd4, 0x6d, 0x49, 0x28, 0xcc, 0xb,
    0x80, 0x44, 0x22, 0x20, 0x9, 0x90, 0x74, 0x2,
    0x66, 0x8d, 0x90, 0x7, 0x12, 0x4c, 0x84, 0x37,
    0x44, 0xbb, 0x91, 0xc6, 0x17, 0xba, 0xc0, 0xbb,
    0x23, 0x5c, 0x3, 0x1f, 0xfd, 0x60, 0x1f, 0xa3,
    0x40, 0x3f, 0xc3, 0x18, 0x1, 0xfe, 0x14, 0x61,
    0xd0, 0x1, 0xe6, 0x52, 0x1, 0x13, 0xf4, 0x88,
    0x0, 0xa2, 0x2a, 0x10,

    /* U+95EB "闫" */
    0x18, 0x0, 0xff, 0xe0, 0x9, 0xd0, 0x4f, 0xff,
    0xe3, 0xa, 0x76, 0x8e, 0xef, 0x84, 0x0, 0x3c,
    0x62, 0x3f, 0x80, 0x1a, 0x86, 0xa0, 0x1f, 0xfc,
    0x1d, 0xff, 0xf4, 0x80, 0x7b, 0x7f, 0xfd, 0x20,
    0x1f, 0xfc, 0x85, 0xff, 0xf0, 0x7, 0xcb, 0xdd,
    0xe0, 0xf, 0xc2, 0x3e, 0x0, 0xf2, 0x77, 0x7d,
    0xa0, 0x1c, 0x99, 0x9f, 0x78, 0x7, 0x88, 0xbc,
    0x60, 0x42, 0x1, 0xfe, 0x4d, 0xd2, 0x18,

    /* U+963F "阿" */
    0x0, 0xff, 0xe1, 0xf7, 0xfc, 0x84, 0x5f, 0xc0,
    0xc, 0xd0, 0xcd, 0xdf, 0xe4, 0x1, 0x73, 0x8f,
    0xff, 0x60, 0xfa, 0x0, 0x3e, 0x80, 0x3f, 0xf8,
    0x28, 0xe1, 0x9f, 0xf7, 0x0, 0x7c, 0xa8, 0x0,
    0xae, 0xc1, 0x0, 0xfa, 0x6c, 0x0, 0xc2, 0x40,
    0x1f, 0x88, 0x8, 0x3, 0xff, 0x82, 0x4c, 0x1,
    0xff, 0x32, 0x9b, 0x6, 0x7f, 0x0, 0x7e, 0xe9,
    0x20, 0xbf, 0xf8, 0x3, 0xcd, 0x6c, 0x18, 0x80,
    0x1f, 0xfc, 0x51, 0x13, 0x0, 0x7f, 0xcd, 0xdc,
    0xb9, 0x0, 0x0,

    /* U+9646 "陆" */
    0x0, 0xff, 0xe1, 0xf7, 0xfd, 0x60, 0x1b, 0xc8,
    0x3, 0xaf, 0x93, 0x0, 0x44, 0x40, 0x23, 0x0,
    0x4c, 0x8, 0xc9, 0xdc, 0xd0, 0xce, 0xe1, 0x0,
    0x4c, 0xc1, 0x4f, 0xf8, 0x37, 0xfc, 0x40, 0x1,
    0xaa, 0x0, 0x7f, 0xf0, 0x6, 0xa0, 0x8, 0xa3,
    0x6, 0x22, 0x80, 0x27, 0x72, 0xfe, 0xeb, 0x2,
    0xf7, 0x62, 0x0, 0xaf, 0xf7, 0xfe, 0xd, 0xff,
    0x88, 0x2, 0x11, 0x2c, 0x80, 0x73, 0xb0, 0x1,
    0x32, 0x74, 0xc8, 0x3, 0xbb, 0x80, 0x5, 0x8d,
    0x60, 0xf, 0xf8, 0x50, 0x80, 0x3f, 0xf8, 0xa9,
    0xdc, 0xc, 0xe6, 0x0, 0xf9, 0xf7, 0x31, 0xb9,
    0x86, 0x0, 0x0,

    /* U+9648 "陈" */
    0x0, 0xf9, 0x68, 0x3, 0xdd, 0xff, 0x28, 0x3,
    0x4, 0x3, 0xeb, 0xd0, 0x62, 0x22, 0x11, 0x78,
    0x0, 0xcc, 0x25, 0xdd, 0x13, 0x6e, 0xee, 0x0,
    0xb2, 0x9b, 0xe4, 0xbf, 0xbf, 0xec, 0x0, 0x95,
    0x40, 0xa, 0xa1, 0xf8, 0x7, 0xce, 0xa0, 0x46,
    0xc0, 0x1f, 0xd1, 0x21, 0x8, 0x6a, 0x4, 0x50,
    0x6, 0x20, 0x34, 0x46, 0x48, 0xe6, 0x48, 0x1,
    0x89, 0xbb, 0xfb, 0x7, 0xba, 0x40, 0x3, 0x30,
    0xd8, 0x64, 0x40, 0x26, 0x40, 0x9, 0xf6, 0xe,
    0x54, 0x40, 0x23, 0xa0, 0x8, 0x6d, 0xd1, 0xf8,
    0x3, 0x2a, 0xa0, 0x3, 0xa2, 0x88, 0x8a, 0x1,
    0x42, 0x0, 0x76, 0x28, 0x64, 0x30, 0x0, 0xf0,
    0x0,

    /* U+9662 "院" */
    0x0, 0xfd, 0x6, 0x1, 0xdd, 0xff, 0x20, 0x4,
    0x50, 0x1, 0xec, 0xe0, 0x63, 0x3b, 0x51, 0x6,
    0x70, 0x0, 0x55, 0x7, 0x3f, 0xd6, 0x71, 0xfd,
    0xc0, 0xb, 0x38, 0x7, 0x33, 0xd0, 0x1, 0x8d,
    0x5, 0xaf, 0x33, 0xbe, 0x80, 0x2c, 0x82, 0x88,
    0x7f, 0xf4, 0x38, 0x4, 0xec, 0x0, 0x33, 0xf1,
    0x0, 0x71, 0x37, 0x77, 0xed, 0x0, 0xe2, 0xcc,
    0xd, 0x68, 0xee, 0x78, 0x0, 0x70, 0x94, 0x80,
    0x8, 0x60, 0x45, 0x0, 0x7, 0xf8, 0x41, 0x4c,
    0x3, 0xf8, 0xc4, 0x6, 0x68, 0x3, 0xb4, 0x3,
    0x93, 0x11, 0x80, 0x23, 0x12, 0x0, 0xcb, 0x55,
    0x0, 0x47, 0xbc, 0xa1, 0x84, 0xb, 0xce, 0x1,
    0xb3, 0xfd, 0x40,

    /* U+9676 "陶" */
    0x0, 0xf3, 0xa0, 0x7, 0xbb, 0xfe, 0x51, 0x81,
    0x0, 0xfb, 0x38, 0x1d, 0x81, 0xc4, 0x7c, 0x2,
    0x46, 0x54, 0x1b, 0xdd, 0xd8, 0x0, 0x4b, 0x93,
    0xd8, 0xff, 0xd8, 0x1, 0x60, 0xb5, 0x26, 0x19,
    0xc0, 0xe0, 0x10, 0x85, 0x34, 0x6, 0x44, 0x90,
    0x6, 0x9b, 0x55, 0x45, 0x85, 0xd1, 0x0, 0x80,
    0xc, 0xc5, 0x71, 0xc1, 0xdc, 0xb1, 0x0, 0xc4,
    0xd9, 0xdc, 0xe, 0xe5, 0x83, 0x80, 0xb1, 0xb1,
    0x58, 0x5, 0x86, 0x60, 0x0, 0xe4, 0x10, 0x7,
    0xc2, 0x20, 0x5, 0x38, 0x1, 0x78, 0x78, 0x87,
    0x88, 0x3, 0x8b, 0xbb, 0x8d, 0x38, 0x3, 0xf9,
    0x7f, 0x85, 0xb8, 0x80, 0x3e, 0x5f, 0xf6, 0x0,

    /* U+96E8 "雨" */
    0x2f, 0xff, 0xfe, 0x11, 0x13, 0x77, 0xc8, 0xdb,
    0xbe, 0x20, 0x22, 0xf0, 0x88, 0x8b, 0xc0, 0x1,
    0x22, 0xe1, 0x11, 0x17, 0x8, 0x1, 0xf7, 0x79,
    0x1b, 0x77, 0x98, 0x2, 0x4f, 0xfc, 0xaf, 0xff,
    0x90, 0x3, 0x93, 0x50, 0x2, 0x8b, 0x20, 0xf,
    0x93, 0xa6, 0x0, 0x11, 0xd8, 0xc0, 0x1f, 0x1e,
    0xc8, 0x4, 0xbe, 0xc0, 0x1e, 0x6b, 0x21, 0x0,
    0x5c, 0x80, 0x7e, 0x6d, 0xc6, 0x0, 0x58, 0xfa,
    0x0, 0x7c, 0xd8, 0xa0, 0x14, 0x6a, 0x80, 0x7e,
    0x23, 0x0, 0xc2, 0x6e, 0x20, 0x1f, 0x8b, 0xc0,
    0x73, 0x0, 0x80,

    /* U+96EA "雪" */
    0xf, 0xff, 0xfa, 0x40, 0x1f, 0xfc, 0x37, 0xff,
    0xa4, 0x37, 0xbb, 0x86, 0xbb, 0xba, 0xf, 0x7f,
    0xf0, 0xdf, 0xfe, 0x71, 0x0, 0x66, 0x4a, 0x3,
    0x59, 0x88, 0x10, 0x52, 0xdd, 0x90, 0x1, 0x7b,
    0xa9, 0xef, 0xb4, 0xdd, 0x90, 0x1, 0x9b, 0xb3,
    0xb0, 0x2e, 0xec, 0x98, 0x99, 0xbb, 0x8, 0x1,
    0xfb, 0xb6, 0x77, 0x70, 0x4, 0xfd, 0xdf, 0xb4,
    0x40, 0x22, 0xdd, 0xfd, 0xc0, 0x18, 0xb3, 0x3f,
    0x70, 0x6, 0x10, 0xf, 0xce, 0x1, 0xaf, 0x33,
    0xf5, 0x0, 0x40,

    /* U+96F7 "雷" */
    0xf, 0xff, 0xfa, 0x40, 0x1f, 0xfc, 0x37, 0xff,
    0xa4, 0x37, 0xbb, 0x86, 0xbb, 0xba, 0xf, 0x7f,
    0xf0, 0xdf, 0xfe, 0x71, 0x0, 0x66, 0x4a, 0x3,
    0x59, 0x88, 0x10, 0x52, 0xdd, 0x90, 0x1, 0x7b,
    0xa9, 0xef, 0xb4, 0xdd, 0x90, 0x1, 0x9b, 0xb3,
    0xb0, 0x2e, 0xec, 0x9a, 0xb9, 0xbb, 0x8, 0x2,
    0x7f, 0xf6, 0x77, 0xfe, 0x30, 0x9, 0xff, 0xe1,
    0xbf, 0xf8, 0x3, 0x9b, 0x76, 0x1a, 0xdd, 0x80,
    0x39, 0xf3, 0x21, 0xbc, 0xc8, 0x3, 0x84, 0x70,
    0x8, 0xe0, 0xe, 0x7e, 0xe8, 0x2b, 0xba, 0x11,
    0x0,

    /* U+9700 "需" */
    0xc, 0xff, 0xff, 0x60, 0x5, 0x9f, 0xf9, 0x9f,
    0xff, 0x60, 0x2, 0xfb, 0x77, 0x33, 0xee, 0xee,
    0xb0, 0x7a, 0xff, 0xb1, 0x9f, 0x3f, 0xea, 0x70,
    0xa, 0xe2, 0x8, 0x0, 0x78, 0x85, 0x80, 0x5a,
    0xe6, 0x0, 0x30, 0xe, 0x37, 0xe0, 0x13, 0xbb,
    0x9f, 0x30, 0xf1, 0x11, 0x90, 0x6f, 0x7f, 0xeb,
    0xaf, 0xcc, 0xbb, 0x81, 0x9f, 0xfc, 0x11, 0xff,
    0xe0, 0x19, 0xdd, 0xc3, 0x7b, 0xbc, 0x1, 0x1a,
    0x74, 0x96, 0xfb, 0xa7, 0x79, 0x80, 0x6e, 0x26,
    0x2, 0x20, 0xf9, 0x18, 0x7, 0xff, 0x8, 0x40,
    0x3e, 0x13, 0x0, 0x18, 0xbf, 0x10, 0x80, 0x2d,
    0x80, 0xb4, 0x1, 0x2c, 0xff, 0xa0, 0x0,

    /* U+9709 "霉" */
    0x0, 0x5e, 0xee, 0xff, 0x6e, 0xec, 0x0, 0xd7,
    0xbb, 0x95, 0xb7, 0x76, 0x0, 0x57, 0xb7, 0x79,
    0x1e, 0xef, 0x6e, 0x80, 0x28, 0xc3, 0x37, 0x3b,
    0xb8, 0xcd, 0x92, 0x1, 0x68, 0x5a, 0x20, 0x80,
    0x4, 0x88, 0xb1, 0xa0, 0x3, 0x2c, 0x86, 0xbd,
    0xd9, 0xf3, 0x25, 0x70, 0x8, 0x6c, 0xfb, 0xf7,
    0x5f, 0xfd, 0x40, 0x2, 0xc4, 0xdd, 0xfe, 0xfa,
    0x0, 0x5a, 0xe6, 0x22, 0x72, 0x23, 0x69, 0x80,
    0x57, 0x58, 0xf5, 0xe, 0xee, 0xab, 0x0, 0x10,
    0xc, 0x41, 0x4a, 0x79, 0xdd, 0xb3, 0x41, 0x30,
    0x43, 0x56, 0x15, 0x3c, 0xcf, 0xb3, 0xe3, 0x54,
    0x20, 0x2, 0x9e, 0xe7, 0xa0, 0xc6, 0x50, 0x64,
    0x80, 0x49, 0x99, 0xda, 0x22, 0x3d, 0xc9, 0x0,
    0xfe, 0x1d, 0xd8, 0xc0, 0x20,

    /* U+971E "霞" */
    0xd, 0xee, 0xdf, 0xdd, 0xd4, 0x0, 0x3e, 0xdd,
    0xc1, 0x3b, 0xba, 0x48, 0x36, 0x6a, 0xb0, 0x65,
    0x56, 0xfb, 0x0, 0x41, 0x91, 0x28, 0x7f, 0x88,
    0x9d, 0x60, 0x7, 0x9, 0x88, 0x10, 0x1, 0x62,
    0x8, 0x7e, 0x12, 0x6c, 0xd0, 0x33, 0x79, 0x18,
    0x13, 0x66, 0x6d, 0xb4, 0x89, 0x9b, 0x0, 0x2,
    0x2c, 0xc9, 0xdc, 0xd9, 0x96, 0x98, 0x4, 0x57,
    0x72, 0x83, 0x66, 0x60, 0xc, 0x57, 0x77, 0x23,
    0xee, 0xd9, 0xc0, 0x11, 0x6e, 0xe0, 0x8f, 0xaa,
    0x67, 0x10, 0x0, 0xf7, 0x70, 0x59, 0xe4, 0x1c,
    0x10, 0x0, 0xf7, 0x71, 0x12, 0x21, 0x8a, 0xa0,
    0x8, 0xf7, 0x74, 0x66, 0xde, 0x6c, 0x60, 0x0,

    /* U+9752 "青" */
    0x0, 0x7f, 0xff, 0xf0, 0xc, 0x2, 0xff, 0xe5,
    0x6f, 0xfe, 0x30, 0x8, 0x48, 0xb0, 0x99, 0x16,
    0x10, 0xc, 0xfd, 0xd9, 0x53, 0xbb, 0x38, 0x6,
    0x6c, 0xcc, 0x8f, 0x99, 0x98, 0x2, 0xee, 0xf2,
    0x3f, 0x77, 0x80, 0x1d, 0xd7, 0xff, 0xf7, 0x70,
    0x3, 0x67, 0xe6, 0x7b, 0xfc, 0x1, 0xf4, 0x6e,
    0xfa, 0x80, 0x3f, 0x46, 0xef, 0xa8, 0x3, 0xf5,
    0xee, 0xfa, 0x80, 0x3f, 0x5e, 0xef, 0xa8, 0x3,
    0xf5, 0xee, 0xfa, 0xc0, 0x3f, 0xf8, 0x31, 0xd6,
    0xe0, 0x10,

    /* U+9759 "静" */
    0x0, 0xff, 0xe3, 0x97, 0x80, 0x61, 0xe1, 0x0,
    0xec, 0xec, 0xe, 0xe5, 0x5, 0x8f, 0xf6, 0x0,
    0x59, 0xd8, 0x1d, 0xca, 0x54, 0xee, 0x15, 0x0,
    0x4f, 0xb8, 0x1b, 0xa9, 0xa8, 0x15, 0x16, 0x0,
    0x9f, 0x70, 0x37, 0x52, 0xd3, 0xf4, 0x5f, 0xc0,
    0x5d, 0xcc, 0x1e, 0xe6, 0xcf, 0x58, 0xf5, 0x80,
    0xb, 0xb3, 0x3c, 0x64, 0x22, 0x21, 0x2, 0x3,
    0xd9, 0x9b, 0x5f, 0xfd, 0x1, 0xf0, 0x32, 0x0,
    0x29, 0x98, 0x13, 0x31, 0xe3, 0x9c, 0x36, 0x0,
    0x29, 0x98, 0x0, 0x4d, 0x42, 0xd6, 0x1, 0x8a,
    0xaa, 0x0, 0x37, 0x98, 0x79, 0x80, 0x62, 0xaa,
    0x80, 0x9, 0x32, 0x19, 0xbe, 0x0, 0x8a, 0xee,
    0x0, 0x85, 0x80, 0x3f, 0x9f, 0xc8, 0x83, 0xd6,
    0xe0, 0x1c, 0x7a, 0xf, 0xfa, 0x3, 0xfe, 0x90,
    0xc,

    /* U+97E6 "韦" */
    0x0, 0xf5, 0xc8, 0x7, 0x85, 0x57, 0x9c, 0x95,
    0x78, 0x96, 0x67, 0x89, 0x66, 0x79, 0xd3, 0x33,
    0x95, 0xf3, 0x39, 0x40, 0x48, 0xb0, 0x19, 0x16,
    0x10, 0x4, 0xee, 0xe4, 0x5d, 0xdd, 0x60, 0x8,
    0xff, 0xc8, 0xdf, 0xfa, 0x80, 0x48, 0xb9, 0xcc,
    0x8b, 0xd3, 0xbb, 0xc6, 0xbb, 0xbd, 0x91, 0xff,
    0xc8, 0xdf, 0xfa, 0x48, 0x3, 0xff, 0x81, 0xcc,
    0x1, 0xfe, 0x11, 0x2e, 0x0, 0x7f, 0x17, 0x70,
    0x1c, 0x3, 0xf8, 0xbf, 0xda, 0x20,

    /* U+97E9 "韩" */
    0x0, 0xff, 0xe3, 0xdb, 0x80, 0x77, 0x20, 0x6,
    0x29, 0x92, 0xdc, 0xc0, 0x91, 0x0, 0x8b, 0x0,
    0x3f, 0xc6, 0xdf, 0xd1, 0xba, 0x19, 0xdd, 0x60,
    0x13, 0xb8, 0x49, 0xdd, 0x3f, 0xe1, 0xbf, 0xf7,
    0x0, 0x33, 0xc5, 0x7e, 0xc0, 0x88, 0x2, 0x44,
    0x0, 0xdb, 0xb4, 0x82, 0xee, 0x86, 0xb7, 0x4a,
    0x1, 0x67, 0x72, 0x1, 0x7f, 0xc3, 0x7f, 0xe5,
    0x0, 0xaf, 0xb9, 0x0, 0x68, 0x81, 0x34, 0x48,
    0x40, 0x6b, 0xfd, 0x27, 0x51, 0x0, 0xa8, 0x85,
    0x90, 0x67, 0x24, 0x74, 0xcb, 0x30, 0x33, 0x98,
    0x1, 0x5b, 0xb2, 0xd5, 0xd8, 0x3, 0xf1, 0x3f,
    0x70, 0xdf, 0xb8, 0x1, 0xc4, 0xc4, 0x4, 0xaa,
    0x6d, 0x55, 0x0, 0x77, 0x54, 0x0, 0x7f, 0xf0,
    0x73, 0xa, 0x1, 0xa9, 0xc0, 0x3b, 0x90, 0x3,
    0x0,

    /* U+987B "须" */
    0x0, 0xc8, 0x1, 0xff, 0xc2, 0x6a, 0x2e, 0xff,
    0xfb, 0x80, 0x25, 0x9a, 0x2c, 0xdd, 0x40, 0xee,
    0xd8, 0x0, 0x8a, 0xa2, 0x1, 0x15, 0xc8, 0x45,
    0x80, 0x1f, 0x8a, 0x0, 0x2f, 0xf3, 0x2f, 0xfc,
    0x60, 0x7, 0x30, 0x97, 0x0, 0x77, 0x70, 0x7,
    0xa1, 0xd8, 0x0, 0x22, 0xd0, 0x10, 0xc, 0x36,
    0xd8, 0x20, 0x18, 0xcc, 0x1, 0xd8, 0x1e, 0x40,
    0x1f, 0xfc, 0xc, 0xb1, 0x3, 0x0, 0xe3, 0x0,
    0xe1, 0x0, 0x47, 0x88, 0x0, 0x80, 0x40, 0x3e,
    0x56, 0xe2, 0x60, 0x54, 0x10, 0x71, 0x0, 0xa2,
    0xa8, 0x43, 0x27, 0x3f, 0x57, 0x44, 0x3, 0x8d,
    0x88, 0x0, 0x6d, 0xb4, 0xb3, 0xd6, 0x1, 0xbf,
    0x30, 0x2e, 0xad, 0x50, 0x4, 0x5c, 0x10, 0x38,
    0x80, 0xb, 0x30, 0x60, 0x19, 0x3c, 0x80,

    /* U+987E "顾" */
    0x2, 0xff, 0xee, 0x7e, 0xef, 0x30, 0x0, 0x7f,
    0xf7, 0x3f, 0xf8, 0x6b, 0xfc, 0xc0, 0x1f, 0xe5,
    0x25, 0x0, 0xf0, 0xff, 0xda, 0x5d, 0x21, 0x9f,
    0xe0, 0xf, 0x7e, 0x98, 0x16, 0xed, 0x80, 0x1f,
    0x8c, 0x3, 0x69, 0x0, 0x61, 0x0, 0xfe, 0x30,
    0xf, 0x18, 0x7, 0xff, 0x9, 0xc4, 0x0, 0x78,
    0x40, 0x18, 0xc0, 0x30, 0xb8, 0x0, 0xf3, 0x0,
    0x10, 0x88, 0x3, 0x18, 0x80, 0x42, 0x7, 0x66,
    0x40, 0x72, 0x0, 0xfd, 0x0, 0x14, 0xd0, 0xb4,
    0x55, 0xab, 0x80, 0x10, 0xd0, 0x33, 0xa8, 0x25,
    0xdd, 0x32, 0x80, 0x13, 0x41, 0x9e, 0x70, 0xc3,
    0xd0, 0x2c, 0x45, 0x1f, 0x4, 0x60, 0xb, 0x68,
    0x40, 0x3, 0x8a,

    /* U+98CE "风" */
    0x0, 0x27, 0xff, 0xf9, 0x80, 0x38, 0x77, 0x7f,
    0x10, 0x7, 0xc4, 0x5c, 0x28, 0x42, 0x1, 0xf0,
    0xe8, 0x80, 0x27, 0x80, 0x3e, 0x10, 0x14, 0xd0,
    0x15, 0x90, 0xf, 0xf4, 0x85, 0x32, 0x88, 0x38,
    0x7, 0x19, 0x80, 0x1a, 0x91, 0x20, 0x1f, 0x84,
    0x40, 0x1, 0x40, 0xe, 0x10, 0xd, 0xcc, 0x0,
    0x45, 0x4e, 0x0, 0x8, 0x7, 0x11, 0x0, 0xaa,
    0x2c, 0x24, 0xf, 0xc0, 0x32, 0x61, 0x62, 0xb8,
    0x73, 0x1f, 0x10, 0x18, 0x20, 0x27, 0x2d, 0x80,
    0xd, 0x6c, 0x9c, 0x7c, 0x21, 0x83, 0x6c, 0x3,
    0x54, 0x21, 0x4b, 0x8, 0xac, 0x4, 0x3, 0xe1,
    0x86, 0xe1, 0xd2, 0x0, 0xff, 0x3f, 0x20,

    /* U+98DE "飞" */
    0xbf, 0xff, 0xd8, 0x1, 0xd3, 0x99, 0xf3, 0x0,
    0x45, 0x0, 0x46, 0x7f, 0x78, 0x80, 0xe0, 0x80,
    0x7f, 0x18, 0x17, 0xb4, 0x80, 0x7f, 0x9, 0x64,
    0xc0, 0x7, 0xf9, 0xc0, 0x8, 0x1, 0xff, 0x8,
    0x3e, 0x48, 0x7, 0xf8, 0x82, 0xb5, 0x74, 0x80,
    0x3f, 0x85, 0x8b, 0x14, 0xc0, 0x3f, 0x97, 0x0,
    0x10, 0x20, 0x1f, 0xd8, 0xe0, 0x3, 0x80, 0xf,
    0xe6, 0x16, 0x6, 0x20, 0xf, 0xe1, 0x79, 0x7f,
    0xd0, 0xf, 0xf4, 0x3c, 0xbb, 0x0,

    /* U+9A6C "马" */
    0x0, 0xff, 0xe2, 0xef, 0xff, 0xf4, 0x0, 0x6f,
    0xdd, 0xfc, 0x5c, 0x1, 0x88, 0xbf, 0x80, 0xc0,
    0x39, 0xac, 0x3, 0xc4, 0xc0, 0x1d, 0xc2, 0x1,
    0xf0, 0x80, 0x70, 0x98, 0x7, 0x10, 0x10, 0x7,
    0x10, 0x11, 0x72, 0x1, 0x10, 0x40, 0x27, 0x6d,
    0xde, 0x90, 0xdd, 0x58, 0x5, 0x9f, 0xff, 0xca,
    0x40, 0x67, 0xfe, 0x10, 0x6e, 0x1c, 0xcf, 0xf2,
    0x1, 0x90, 0xff, 0xff, 0x94, 0x81, 0x40, 0x3f,
    0x88, 0x45, 0x64, 0x20, 0x1f, 0xd1, 0xdc, 0x79,
    0x0, 0xff, 0x57, 0xfb, 0x90, 0x0,

    /* U+9AD8 "高" */
    0x0, 0xf9, 0x48, 0x3, 0xff, 0x83, 0xd6, 0x1,
    0xf6, 0xef, 0x95, 0xb7, 0x7c, 0x1d, 0xde, 0xdc,
    0xee, 0xf0, 0x19, 0xaf, 0x77, 0xf4, 0x99, 0x80,
    0x21, 0x6e, 0xef, 0x48, 0x80, 0x79, 0x6e, 0xfd,
    0x40, 0x1e, 0x8f, 0x99, 0xf7, 0xc8, 0x4, 0xdd,
    0xf9, 0x9f, 0xdc, 0xc0, 0x2b, 0xff, 0xfe, 0x21,
    0x0, 0x8, 0x9b, 0xff, 0xca, 0x2e, 0x1, 0xde,
    0xfd, 0xd8, 0x80, 0x3f, 0x8c, 0x8b, 0x8, 0x7,
    0xf2, 0x4c, 0xe6, 0x70, 0x70, 0xe, 0x9c, 0xbb,
    0xe5, 0xe0, 0x40,

    /* U+9B4F "魏" */
    0x0, 0x9, 0x23, 0xc8, 0x4, 0x7a, 0x1, 0xd5,
    0xdb, 0x7b, 0xe2, 0x0, 0x46, 0x0, 0xea, 0xfd,
    0x2a, 0x60, 0xee, 0x42, 0x77, 0x30, 0x1, 0x98,
    0xf2, 0xcc, 0x40, 0xfd, 0x97, 0xe8, 0x80, 0x22,
    0x4c, 0x12, 0x34, 0x5, 0xc0, 0x44, 0x1, 0x26,
    0x18, 0xa9, 0xa8, 0x7e, 0x17, 0xe8, 0x5, 0x4b,
    0xc7, 0x96, 0x81, 0xf4, 0x9f, 0xa0, 0x2, 0x3c,
    0x14, 0x1c, 0x40, 0x5f, 0x75, 0x50, 0x0, 0xa0,
    0x67, 0x84, 0x65, 0xf4, 0xf, 0xd5, 0x0, 0x77,
    0x12, 0x3b, 0x85, 0x54, 0x1, 0x86, 0x90, 0x7,
    0xa4, 0xfd, 0x91, 0x1, 0x48, 0x19, 0xd8, 0x0,
    0x68, 0x3, 0x30, 0x0, 0x99, 0x7, 0x5, 0x98,
    0x1e, 0xff, 0x1a, 0x83, 0x8a, 0x86, 0x7c, 0x0,
    0x48, 0xec, 0xfc, 0xb1, 0xc0, 0x4, 0x40, 0x58,
    0x6e, 0xaa, 0x65, 0xf3, 0x46, 0xb, 0x9d, 0x58,
    0x1b, 0x68, 0x0, 0x1c, 0x50, 0x4, 0x77, 0x48,

    /* U+9E23 "鸣" */
    0x0, 0xfc, 0x2c, 0x1, 0x84, 0x70, 0x6, 0x6a,
    0x0, 0xdf, 0xdd, 0x12, 0x7f, 0xa0, 0xff, 0xd6,
    0x0, 0xbe, 0x10, 0x1, 0x7f, 0x7f, 0xa4, 0x2,
    0x71, 0x0, 0xc3, 0xe8, 0x0, 0x10, 0xf, 0xc3,
    0x94, 0x42, 0x60, 0x1f, 0xc5, 0xa1, 0x9c, 0x1,
    0xff, 0x70, 0xb0, 0x7, 0xc6, 0x70, 0x7c, 0x91,
    0x0, 0x39, 0xd6, 0x23, 0xba, 0x43, 0xec, 0x40,
    0xee, 0xfd, 0x42, 0x17, 0xf6, 0x5d, 0xff, 0xd9,
    0xe0, 0x8a, 0x88, 0xf, 0xee, 0xed, 0x12, 0xa2,
    0x0, 0x84, 0x7e, 0x5e, 0x0, 0xfe, 0x1f, 0xf0,
    0x38, 0x7, 0xf0, 0xff, 0xb0, 0x40,

    /* U+9E4F "鹏" */
    0x0, 0xff, 0x13, 0x0, 0x6c, 0xff, 0x16, 0xff,
    0x84, 0x2c, 0x40, 0x3b, 0x90, 0x1, 0xe6, 0x1c,
    0xd1, 0xfe, 0x30, 0xf, 0xf6, 0xff, 0x8c, 0x2,
    0x27, 0x0, 0x10, 0x80, 0x13, 0x4, 0x4, 0x1,
    0xa6, 0x0, 0xf2, 0x0, 0x3c, 0xc8, 0x4c, 0x1,
    0xe8, 0x0, 0xd3, 0x0, 0x9e, 0xc8, 0x40, 0x40,
    0x3f, 0x96, 0x24, 0x2, 0x37, 0x3, 0x11, 0x0,
    0x9, 0xa9, 0xc4, 0xf, 0xc, 0x1, 0xe4, 0x5,
    0xd9, 0x8f, 0xd0, 0x7, 0x20, 0x3, 0x8c, 0x33,
    0x76, 0xb7, 0x0, 0xe3, 0x0, 0x4f, 0x76, 0xc1,
    0x32, 0x0, 0x38, 0x80, 0x2b, 0xbb, 0x8d, 0x54,
    0x2f, 0xaa, 0x0, 0x30, 0xd, 0xbc, 0x39, 0xe,
    0x59, 0x82, 0x10, 0x5, 0x7b, 0x2b, 0xac, 0xdd,
    0x2e, 0x70, 0x5, 0x5f, 0x84,

    /* U+9EC4 "黄" */
    0x0, 0xc5, 0xe2, 0x1, 0x79, 0x80, 0x7b, 0xfd,
    0xa1, 0xdf, 0xf0, 0x67, 0xf8, 0x40, 0x2f, 0xf6,
    0x7, 0x7f, 0xb8, 0x2f, 0xfc, 0x20, 0x2, 0x29,
    0xc0, 0x8b, 0x0, 0x91, 0x40, 0x39, 0x95, 0xe,
    0xee, 0x1b, 0xcc, 0x88, 0x7b, 0xbc, 0xcc, 0xee,
    0xf1, 0x0, 0x1b, 0xfb, 0xa6, 0x67, 0x75, 0xee,
    0x1, 0xc7, 0xdd, 0x33, 0x3b, 0xa5, 0x0, 0xf1,
    0xee, 0xcc, 0xcd, 0xd9, 0x40, 0x3c, 0x7b, 0xb3,
    0x33, 0x76, 0x50, 0xf, 0x1e, 0x64, 0xee, 0xcc,
    0x90, 0x3, 0x9b, 0xbd, 0x7f, 0xf2, 0xc7, 0xb8,
    0x6, 0x48, 0xc3, 0x11, 0x88, 0x6b, 0x58, 0x2,
    0xb9, 0x1d, 0xa2, 0x0, 0xc, 0x74, 0xd5, 0x0,
    0x17, 0xb0, 0x40, 0x1f, 0x2e, 0x50, 0x0,

    /* U+9ECE "黎" */
    0x0, 0xc2, 0xb0, 0x20, 0x8c, 0x1, 0xea, 0xde,
    0xe6, 0x68, 0x3, 0xc4, 0x3, 0xd7, 0xbe, 0x12,
    0xa2, 0x69, 0x1f, 0xf7, 0x0, 0xff, 0x78, 0x77,
    0x33, 0xa7, 0x83, 0x2c, 0xc0, 0x7b, 0x84, 0xb,
    0xfe, 0x76, 0x62, 0x18, 0x8, 0x5, 0x2e, 0x19,
    0x82, 0xa3, 0x99, 0x1, 0x38, 0x2, 0x96, 0x81,
    0xe1, 0x66, 0x2c, 0xcb, 0x4c, 0x4, 0xf0, 0x4,
    0xa, 0x9c, 0x90, 0xb1, 0xe8, 0x6, 0x40, 0x11,
    0xba, 0xaa, 0xf, 0xd6, 0x60, 0x80, 0xb, 0x7d,
    0x5d, 0x59, 0xb1, 0xe7, 0x9b, 0x2, 0x1d, 0x9c,
    0xf4, 0x1, 0x91, 0x19, 0x22, 0x20, 0xb7, 0x1a,
    0x27, 0x57, 0xab, 0xc2, 0x49, 0x0, 0xc7, 0xb,
    0xce, 0x9a, 0x12, 0x60, 0x1d, 0x9d, 0xfd, 0x24,
    0x6f, 0xdb, 0xaa, 0x0, 0xdb, 0xa6, 0xe, 0x6c,
    0x0, 0x37, 0x40, 0x0,

    /* U+9F84 "龄" */
    0x0, 0xff, 0x88, 0x3, 0xde, 0x14, 0xc0, 0x18,
    0x75, 0x80, 0x3f, 0x71, 0x90, 0x2, 0x2, 0x0,
    0x3f, 0x2c, 0x28, 0x1b, 0x59, 0x48, 0x7, 0xd7,
    0x67, 0x2d, 0x64, 0xe6, 0x60, 0xe, 0x6, 0x25,
    0xe5, 0xf9, 0x7d, 0x95, 0x4b, 0xf, 0xe7, 0xdf,
    0x7c, 0x26, 0xb3, 0xb9, 0x65, 0x42, 0xd4, 0xe0,
    0x96, 0xa4, 0x43, 0x94, 0x18, 0xc0, 0x31, 0x8,
    0x1, 0x3f, 0xdb, 0xaf, 0xc0, 0xc, 0x62, 0x1,
    0x27, 0x76, 0x2b, 0x0, 0xd4, 0x72, 0x1, 0x8,
    0xce, 0xe, 0x1, 0x73, 0xe2, 0x78, 0x3, 0x1c,
    0xa7, 0x80, 0x30, 0xd8, 0xff, 0x80, 0x1d, 0x5b,
    0x6, 0x1, 0x92, 0x77, 0xe0, 0x0, 0x58, 0x76,
    0x20, 0x15, 0x4f, 0xfb, 0x20, 0x2, 0x1c, 0x4,
    0x0, 0x89, 0xc, 0x85, 0xa4, 0x3, 0x62, 0x80,
    0x0,

    /* U+9F99 "龙" */
    0x0, 0xff, 0xe4, 0xa7, 0x80, 0xa, 0x4, 0x3,
    0xf8, 0x44, 0x0, 0x2e, 0xf5, 0x0, 0xfc, 0x66,
    0x0, 0x9b, 0x3c, 0x2, 0x1d, 0xdd, 0x5, 0xbb,
    0xbd, 0xf7, 0x42, 0x29, 0x9c, 0x49, 0x2c, 0xc9,
    0x9e, 0x10, 0x44, 0xc3, 0xa8, 0x42, 0x88, 0x7c,
    0x40, 0xf, 0x12, 0x80, 0x77, 0x0, 0x7c, 0x60,
    0x60, 0x19, 0xc2, 0x0, 0x3d, 0x4a, 0x1, 0x96,
    0x38, 0x3, 0xc2, 0xdc, 0x1, 0x3d, 0x59, 0x80,
    0x7a, 0xc9, 0x0, 0x6, 0x54, 0x80, 0x1e, 0x65,
    0xe0, 0x3c, 0x55, 0x80, 0x2a, 0x30, 0x89, 0x83,
    0x9c, 0x75, 0x62, 0x11, 0x12, 0x1, 0x35, 0x38,
    0x7d, 0xda, 0x4b, 0x7b, 0x9a, 0xa6, 0x5c, 0xa0,
    0x6, 0x40, 0x3e, 0xff, 0xd6, 0x0,

    /* U+9F9A "龚" */
    0x0, 0xff, 0xe4, 0xae, 0x80, 0x12, 0x64, 0xa0,
    0x1b, 0x77, 0x59, 0x6e, 0xa5, 0x1e, 0xf7, 0x42,
    0x1f, 0xf5, 0x8e, 0x78, 0xa7, 0xea, 0xc7, 0x88,
    0x11, 0xe, 0x1c, 0xc9, 0xc2, 0xb4, 0x90, 0x80,
    0x22, 0xc5, 0x95, 0x95, 0x4e, 0xf9, 0x1a, 0x0,
    0x56, 0xa5, 0xce, 0x62, 0x4e, 0xa9, 0x7a, 0xc0,
    0xd, 0xc9, 0x22, 0x4a, 0xbf, 0x37, 0xd6, 0x60,
    0x0, 0xe2, 0x4e, 0xa4, 0x59, 0x8, 0xcc, 0x1,
    0xf, 0xfa, 0xc3, 0xff, 0xc, 0x7f, 0x88, 0x0,
    0x3b, 0xb0, 0x6e, 0xe1, 0xad, 0xd1, 0x0, 0xff,
    0xd8, 0x1f, 0xf8, 0x6f, 0xfe, 0x21, 0xff, 0xb5,
    0xab, 0xfd, 0x4d, 0x9d, 0xfe, 0x20, 0x16, 0xbd,
    0x36, 0x0, 0x38, 0xf6, 0x38, 0x80, 0x37, 0x6e,
    0xa3, 0x0, 0x14, 0x6c, 0xe5, 0x0, 0x32, 0xd8,
    0x40, 0x3e, 0x4b, 0xb0, 0x0,

    /* U+FF01 "！" */
    0x1f, 0xa0, 0x8, 0x40, 0xc0, 0x2, 0x3, 0xe0,
    0x18, 0xc4, 0x4, 0xc3, 0x54, 0x4, 0x7, 0xa0,
    0x0, 0x22, 0xe9,

    /* U+FF05 "％" */
    0x0, 0xfe, 0x11, 0x0, 0x69, 0xee, 0x48, 0x6,
    0xd5, 0x0, 0x95, 0x5d, 0xc4, 0x50, 0x2, 0x2,
    0x0, 0x5f, 0x60, 0xa, 0xf0, 0x4, 0x78, 0x6,
    0x12, 0x0, 0x8, 0x81, 0x1c, 0xc0, 0x30, 0x90,
    0x0, 0x44, 0x11, 0x0, 0x55, 0x0, 0x3e, 0xc0,
    0x15, 0xea, 0xe7, 0xb9, 0x8d, 0x5, 0x57, 0x71,
    0x16, 0x20, 0xee, 0x99, 0x3b, 0x82, 0x7b, 0x92,
    0xac, 0x7b, 0x80, 0xc, 0xd0, 0xe, 0x88, 0x0,
    0x98, 0x0, 0xc4, 0x3, 0x2b, 0x98, 0x11, 0x0,
    0x1a, 0x40, 0x1a, 0x20, 0x0, 0xda, 0x11, 0x2e,
    0x80, 0x4c, 0xe4, 0x0, 0x4a, 0xff, 0x52, 0x0,
    0x4d, 0x40, 0x19, 0xfb, 0x8e, 0x0,

    /* U+FF08 "（" */
    0x0, 0xa0, 0x2, 0xb2, 0x0, 0x2a, 0xa8, 0x1,
    0x76, 0x0, 0x20, 0x28, 0x3, 0x5c, 0x2, 0x2f,
    0x0, 0x98, 0xc0, 0x3f, 0x31, 0x0, 0x47, 0xa0,
    0x15, 0xa8, 0x4, 0x66, 0x70, 0xa, 0x24, 0x40,
    0x8, 0xda, 0x1, 0x44, 0x80,

    /* U+FF09 "）" */
    0x8, 0x0, 0xc5, 0x40, 0x15, 0x22, 0x80, 0x57,
    0x0, 0x12, 0x9a, 0x0, 0x4f, 0xa0, 0x17, 0x90,
    0x4, 0x6c, 0x1, 0x84, 0x2, 0x27, 0x0, 0xb4,
    0xc0, 0x25, 0xb0, 0x3, 0x99, 0x80, 0x66, 0x0,
    0x1a, 0xc8, 0x0, 0x98, 0x0, 0x0,

    /* U+FF0C "，" */
    0xb, 0x80, 0x34, 0x71, 0x3a, 0x3, 0x0, 0x11,
    0x1e, 0xf8, 0xb, 0xc, 0x0,

    /* U+FF1A "：" */
    0x0, 0xee, 0xe0, 0x8, 0xf7, 0x70, 0x40, 0x44,
    0x1, 0xff, 0xc2, 0x22, 0x0, 0xee, 0x84, 0x44,
    0x41, 0xd, 0xd0, 0x0,

    /* U+FF1B "；" */
    0x0, 0xee, 0xe0, 0x8, 0xf7, 0x70, 0x40, 0x44,
    0x1, 0xff, 0x8, 0x3, 0xb8, 0x40, 0x60, 0x81,
    0xa6, 0x60, 0x33, 0x22, 0x32, 0x85, 0xf5, 0x40,

    /* U+FF1F "？" */
    0x0, 0xc2, 0x1, 0x8f, 0x3f, 0xb8, 0x80, 0x78,
    0x9b, 0xcb, 0x62, 0x7b, 0x4, 0x30, 0x8, 0x4,
    0x1, 0xcc, 0x1, 0x87, 0x94, 0xc0, 0x36, 0x3d,
    0x0, 0x69, 0x1a, 0x0, 0xe7, 0xb0, 0xf, 0x7b,
    0x80, 0x78, 0x40, 0x3c, 0x3d, 0x0, 0x1f, 0x8,
    0x7, 0xf, 0x48, 0x4,

    /* U+FF5E "～" */
    0x0, 0xc4, 0x20, 0x1f, 0xfc, 0x7, 0xed, 0xed,
    0x40, 0xf, 0x10, 0x2, 0x22, 0xec, 0x4b, 0x70,
    0xd, 0x1a, 0x22, 0x6a, 0x61, 0x39, 0xa8, 0xb6,
    0x49, 0x79, 0x11, 0x72, 0x80, 0x65, 0xd0, 0x8b,
    0x4a, 0x60, 0xf, 0xe2, 0xbe, 0xfd, 0x50, 0x0
};


/*---------------------
 *  GLYPH DESCRIPTION
 *--------------------*/

static const lv_font_fmt_txt_glyph_dsc_t glyph_dsc[] = {
    {.bitmap_index = 0, .adv_w = 0, .box_w = 0, .box_h = 0, .ofs_x = 0, .ofs_y = 0} /* id = 0 reserved */,
    {.bitmap_index = 0, .adv_w = 57, .box_w = 0, .box_h = 0, .ofs_x = 0, .ofs_y = 0},
    {.bitmap_index = 0, .adv_w = 83, .box_w = 3, .box_h = 12, .ofs_x = 1, .ofs_y = 0},
    {.bitmap_index = 16, .adv_w = 121, .box_w = 6, .box_h = 5, .ofs_x = 1, .ofs_y = 8},
    {.bitmap_index = 31, .adv_w = 142, .box_w = 9, .box_h = 12, .ofs_x = 0, .ofs_y = 0},
    {.bitmap_index = 86, .adv_w = 142, .box_w = 8, .box_h = 16, .ofs_x = 0, .ofs_y = -2},
    {.bitmap_index = 142, .adv_w = 236, .box_w = 15, .box_h = 12, .ofs_x = 0, .ofs_y = 0},
    {.bitmap_index = 223, .adv_w = 174, .box_w = 11, .box_h = 12, .ofs_x = 0, .ofs_y = 0},
    {.bitmap_index = 284, .adv_w = 71, .box_w = 2, .box_h = 5, .ofs_x = 1, .ofs_y = 8},
    {.bitmap_index = 289, .adv_w = 87, .box_w = 4, .box_h = 18, .ofs_x = 1, .ofs_y = -4},
    {.bitmap_index = 324, .adv_w = 87, .box_w = 4, .box_h = 18, .ofs_x = 0, .ofs_y = -4},
    {.bitmap_index = 361, .adv_w = 120, .box_w = 6, .box_h = 6, .ofs_x = 1, .ofs_y = 7},
    {.bitmap_index = 380, .adv_w = 142, .box_w = 9, .box_h = 9, .ofs_x = 0, .ofs_y = 2},
    {.bitmap_index = 404, .adv_w = 71, .box_w = 4, .box_h = 7, .ofs_x = 0, .ofs_y = -4},
    {.bitmap_index = 418, .adv_w = 89, .box_w = 5, .box_h = 2, .ofs_x = 0, .ofs_y = 3},
    {.bitmap_index = 423, .adv_w = 71, .box_w = 3, .box_h = 3, .ofs_x = 1, .ofs_y = 0},
    {.bitmap_index = 428, .adv_w = 100, .box_w = 7, .box_h = 16, .ofs_x = 0, .ofs_y = -3},
    {.bitmap_index = 471, .adv_w = 142, .box_w = 9, .box_h = 12, .ofs_x = 0, .ofs_y = 0},
    {.bitmap_index = 521, .adv_w = 142, .box_w = 7, .box_h = 12, .ofs_x = 1, .ofs_y = 0},
    {.bitmap_index = 539, .adv_w = 142, .box_w = 9, .box_h = 12, .ofs_x = 0, .ofs_y = 0},
    {.bitmap_index = 586, .adv_w = 142, .box_w = 8, .box_h = 12, .ofs_x = 0, .ofs_y = 0},
    {.bitmap_index = 631, .adv_w = 142, .box_w = 9, .box_h = 12, .ofs_x = 0, .ofs_y = 0},
    {.bitmap_index = 671, .adv_w = 142, .box_w = 9, .box_h = 12, .ofs_x = 0, .ofs_y = 0},
    {.bitmap_index = 718, .adv_w = 142, .box_w = 9, .box_h = 12, .ofs_x = 0, .ofs_y = 0},
    {.bitmap_index = 769, .adv_w = 142, .box_w = 9, .box_h = 12, .ofs_x = 0, .ofs_y = 0},
    {.bitmap_index = 807, .adv_w = 142, .box_w = 9, .box_h = 12, .ofs_x = 0, .ofs_y = 0},
    {.bitmap_index = 862, .adv_w = 142, .box_w = 9, .box_h = 12, .ofs_x = 0, .ofs_y = 0},
    {.bitmap_index = 915, .adv_w = 71, .box_w = 3, .box_h = 9, .ofs_x = 1, .ofs_y = 0},
    {.bitmap_index = 927, .adv_w = 71, .box_w = 4, .box_h = 13, .ofs_x = 0, .ofs_y = -4},
    {.bitmap_index = 950, .adv_w = 142, .box_w = 9, .box_h = 8, .ofs_x = 0, .ofs_y = 2},
    {.bitmap_index = 981, .adv_w = 142, .box_w = 9, .box_h = 6, .ofs_x = 0, .ofs_y = 3},
    {.bitmap_index = 997, .adv_w = 142, .box_w = 9, .box_h = 8, .ofs_x = 0, .ofs_y = 2},
    {.bitmap_index = 1027, .adv_w = 121, .box_w = 7, .box_h = 12, .ofs_x = 0, .ofs_y = 0},
    {.bitmap_index = 1064, .adv_w = 242, .box_w = 15, .box_h = 14, .ofs_x = 0, .ofs_y = -2},
    {.bitmap_index = 1164, .adv_w = 156, .box_w = 10, .box_h = 12, .ofs_x = 0, .ofs_y = 0},
    {.bitmap_index = 1216, .adv_w = 168, .box_w = 9, .box_h = 12, .ofs_x = 1, .ofs_y = 0},
    {.bitmap_index = 1263, .adv_w = 163, .box_w = 10, .box_h = 12, .ofs_x = 0, .ofs_y = 0},
    {.bitmap_index = 1310, .adv_w = 176, .box_w = 10, .box_h = 12, .ofs_x = 1, .ofs_y = 0},
    {.bitmap_index = 1352, .adv_w = 151, .box_w = 8, .box_h = 12, .ofs_x = 1, .ofs_y = 0},
    {.bitmap_index = 1384, .adv_w = 141, .box_w = 8, .box_h = 12, .ofs_x = 1, .ofs_y = 0},
    {.bitmap_index = 1410, .adv_w = 176, .box_w = 10, .box_h = 12, .ofs_x = 0, .ofs_y = 0},
    {.bitmap_index = 1463, .adv_w = 186, .box_w = 10, .box_h = 12, .ofs_x = 1, .ofs_y = 0},
    {.bitmap_index = 1487, .adv_w = 75, .box_w = 3, .box_h = 12, .ofs_x = 1, .ofs_y = 0},
    {.bitmap_index = 1492, .adv_w = 137, .box_w = 8, .box_h = 12, .ofs_x = 0, .ofs_y = 0},
    {.bitmap_index = 1511, .adv_w = 165, .box_w = 10, .box_h = 12, .ofs_x = 1, .ofs_y = 0},
    {.bitmap_index = 1556, .adv_w = 139, .box_w = 8, .box_h = 12, .ofs_x = 1, .ofs_y = 0},
    {.bitmap_index = 1568, .adv_w = 208, .box_w = 11, .box_h = 12, .ofs_x = 1, .ofs_y = 0},
    {.bitmap_index = 1621, .adv_w = 185, .box_w = 9, .box_h = 12, .ofs_x = 1, .ofs_y = 0},
    {.bitmap_index = 1660, .adv_w = 190, .box_w = 11, .box_h = 12, .ofs_x = 0, .ofs_y = 0},
    {.bitmap_index = 1718, .adv_w = 162, .box_w = 9, .box_h = 12, .ofs_x = 1, .ofs_y = 0},
    {.bitmap_index = 1755, .adv_w = 190, .box_w = 12, .box_h = 16, .ofs_x = 0, .ofs_y = -4},
    {.bitmap_index = 1838, .adv_w = 163, .box_w = 9, .box_h = 12, .ofs_x = 1, .ofs_y = 0},
    {.bitmap_index = 1883, .adv_w = 153, .box_w = 9, .box_h = 12, .ofs_x = 0, .ofs_y = 0},
    {.bitmap_index = 1933, .adv_w = 153, .box_w = 10, .box_h = 12, .ofs_x = 0, .ofs_y = 0},
    {.bitmap_index = 1951, .adv_w = 185, .box_w = 9, .box_h = 12, .ofs_x = 1, .ofs_y = 0},
    {.bitmap_index = 1980, .adv_w = 147, .box_w = 10, .box_h = 12, .ofs_x = 0, .ofs_y = 0},
    {.bitmap_index = 2032, .adv_w = 225, .box_w = 14, .box_h = 12, .ofs_x = 0, .ofs_y = 0},
    {.bitmap_index = 2116, .adv_w = 147, .box_w = 9, .box_h = 12, .ofs_x = 0, .ofs_y = 0},
    {.bitmap_index = 2166, .adv_w = 136, .box_w = 10, .box_h = 12, .ofs_x = -1, .ofs_y = 0},
    {.bitmap_index = 2206, .adv_w = 154, .box_w = 9, .box_h = 12, .ofs_x = 0, .ofs_y = 0},
    {.bitmap_index = 2248, .adv_w = 87, .box_w = 4, .box_h = 16, .ofs_x = 1, .ofs_y = -3},
    {.bitmap_index = 2257, .adv_w = 100, .box_w = 7, .box_h = 16, .ofs_x = 0, .ofs_y = -3},
    {.bitmap_index = 2299, .adv_w = 87, .box_w = 4, .box_h = 16, .ofs_x = 0, .ofs_y = -3},
    {.bitmap_index = 2308, .adv_w = 142, .box_w = 7, .box_h = 7, .ofs_x = 1, .ofs_y = 5},
    {.bitmap_index = 2332, .adv_w = 143, .box_w = 9, .box_h = 1, .ofs_x = 0, .ofs_y = -2},
    {.bitmap_index = 2335, .adv_w = 155, .box_w = 4, .box_h = 5, .ofs_x = 2, .ofs_y = 10},
    {.bitmap_index = 2345, .adv_w = 144, .box_w = 8, .box_h = 9, .ofs_x = 0, .ofs_y = 0},
    {.bitmap_index = 2382, .adv_w = 158, .box_w = 9, .box_h = 13, .ofs_x = 1, .ofs_y = 0},
    {.bitmap_index = 2421, .adv_w = 131, .box_w = 8, .box_h = 9, .ofs_x = 0, .ofs_y = 0},
    {.bitmap_index = 2454, .adv_w = 159, .box_w = 9, .box_h = 13, .ofs_x = 0, .ofs_y = 0},
    {.bitmap_index = 2494, .adv_w = 142, .box_w = 9, .box_h = 9, .ofs_x = 0, .ofs_y = 0},
    {.bitmap_index = 2534, .adv_w = 83, .box_w = 6, .box_h = 13, .ofs_x = 0, .ofs_y = 0},
    {.bitmap_index = 2558, .adv_w = 144, .box_w = 9, .box_h = 13, .ofs_x = 0, .ofs_y = -4},
    {.bitmap_index = 2616, .adv_w = 155, .box_w = 8, .box_h = 13, .ofs_x = 1, .ofs_y = 0},
    {.bitmap_index = 2641, .adv_w = 70, .box_w = 3, .box_h = 13, .ofs_x = 1, .ofs_y = 0},
    {.bitmap_index = 2651, .adv_w = 70, .box_w = 5, .box_h = 17, .ofs_x = -1, .ofs_y = -4},
    {.bitmap_index = 2671, .adv_w = 141, .box_w = 8, .box_h = 13, .ofs_x = 1, .ofs_y = 0},
    {.bitmap_index = 2704, .adv_w = 73, .box_w = 3, .box_h = 13, .ofs_x = 1, .ofs_y = 0},
    {.bitmap_index = 2712, .adv_w = 237, .box_w = 13, .box_h = 9, .ofs_x = 1, .ofs_y = 0},
    {.bitmap_index = 2742, .adv_w = 156, .box_w = 8, .box_h = 9, .ofs_x = 1, .ofs_y = 0},
    {.bitmap_index = 2764, .adv_w = 155, .box_w = 9, .box_h = 9, .ofs_x = 0, .ofs_y = 0},
    {.bitmap_index = 2803, .adv_w = 159, .box_w = 9, .box_h = 13, .ofs_x = 1, .ofs_y = -4},
    {.bitmap_index = 2845, .adv_w = 159, .box_w = 9, .box_h = 13, .ofs_x = 0, .ofs_y = -4},
    {.bitmap_index = 2887, .adv_w = 99, .box_w = 6, .box_h = 9, .ofs_x = 1, .ofs_y = 0},
    {.bitmap_index = 2903, .adv_w = 120, .box_w = 7, .box_h = 9, .ofs_x = 0, .ofs_y = 0},
    {.bitmap_index = 2934, .adv_w = 97, .box_w = 6, .box_h = 12, .ofs_x = 0, .ofs_y = 0},
    {.bitmap_index = 2963, .adv_w = 155, .box_w = 8, .box_h = 9, .ofs_x = 1, .ofs_y = 0},
    {.bitmap_index = 2985, .adv_w = 133, .box_w = 9, .box_h = 9, .ofs_x = 0, .ofs_y = 0},
    {.bitmap_index = 3023, .adv_w = 205, .box_w = 13, .box_h = 9, .ofs_x = 0, .ofs_y = 0},
    {.bitmap_index = 3082, .adv_w = 127, .box_w = 8, .box_h = 9, .ofs_x = 0, .ofs_y = 0},
    {.bitmap_index = 3118, .adv_w = 133, .box_w = 9, .box_h = 13, .ofs_x = 0, .ofs_y = -4},
    {.bitmap_index = 3169, .adv_w = 122, .box_w = 8, .box_h = 9, .ofs_x = 0, .ofs_y = 0},
    {.bitmap_index = 3201, .adv_w = 87, .box_w = 5, .box_h = 16, .ofs_x = 0, .ofs_y = -3},
    {.bitmap_index = 3234, .adv_w = 69, .box_w = 2, .box_h = 18, .ofs_x = 1, .ofs_y = -5},
    {.bitmap_index = 3239, .adv_w = 87, .box_w = 5, .box_h = 16, .ofs_x = 0, .ofs_y = -3},
    {.bitmap_index = 3272, .adv_w = 142, .box_w = 9, .box_h = 4, .ofs_x = 0, .ofs_y = 4},
    {.bitmap_index = 3291, .adv_w = 95, .box_w = 6, .box_h = 5, .ofs_x = 0, .ofs_y = 8},
    {.bitmap_index = 3305, .adv_w = 256, .box_w = 4, .box_h = 4, .ofs_x = 6, .ofs_y = 4},
    {.bitmap_index = 3314, .adv_w = 256, .box_w = 12, .box_h = 12, .ofs_x = 2, .ofs_y = 0},
    {.bitmap_index = 3376, .adv_w = 229, .box_w = 14, .box_h = 1, .ofs_x = 0, .ofs_y = 4},
    {.bitmap_index = 3381, .adv_w = 256, .box_w = 4, .box_h = 5, .ofs_x = 12, .ofs_y = 9},
    {.bitmap_index = 3392, .adv_w = 256, .box_w = 4, .box_h = 6, .ofs_x = 0, .ofs_y = 9},
    {.bitmap_index = 3404, .adv_w = 256, .box_w = 7, .box_h = 5, .ofs_x = 9, .ofs_y = 9},
    {.bitmap_index = 3422, .adv_w = 256, .box_w = 7, .box_h = 6, .ofs_x = 0, .ofs_y = 9},
    {.bitmap_index = 3442, .adv_w = 256, .box_w = 14, .box_h = 3, .ofs_x = 1, .ofs_y = 5},
    {.bitmap_index = 3459, .adv_w = 256, .box_w = 6, .box_h = 5, .ofs_x = 0, .ofs_y = -1},
    {.bitmap_index = 3474, .adv_w = 256, .box_w = 6, .box_h = 5, .ofs_x = 0, .ofs_y = -1},
    {.bitmap_index = 3490, .adv_w = 256, .box_w = 6, .box_h = 15, .ofs_x = 10, .ofs_y = -1},
    {.bitmap_index = 3521, .adv_w = 256, .box_w = 6, .box_h = 15, .ofs_x = 0, .ofs_y = -2},
    {.bitmap_index = 3553, .adv_w = 256, .box_w = 16, .box_h = 2, .ofs_x = 0, .ofs_y = 5},
    {.bitmap_index = 3562, .adv_w = 256, .box_w = 16, .box_h = 13, .ofs_x = 0, .ofs_y = -1},
    {.bitmap_index = 3593, .adv_w = 256, .box_w = 16, .box_h = 15, .ofs_x = 0, .ofs_y = -2},
    {.bitmap_index = 3675, .adv_w = 256, .box_w = 15, .box_h = 15, .ofs_x = 0, .ofs_y = -2},
    {.bitmap_index = 3756, .adv_w = 256, .box_w = 14, .box_h = 14, .ofs_x = 1, .ofs_y = -1},
    {.bitmap_index = 3809, .adv_w = 256, .box_w = 16, .box_h = 14, .ofs_x = 0, .ofs_y = -1},
    {.bitmap_index = 3884, .adv_w = 256, .box_w = 16, .box_h = 14, .ofs_x = 0, .ofs_y = -1},
    {.bitmap_index = 3972, .adv_w = 256, .box_w = 16, .box_h = 14, .ofs_x = 0, .ofs_y = -1},
    {.bitmap_index = 4019, .adv_w = 256, .box_w = 16, .box_h = 15, .ofs_x = 0, .ofs_y = -2},
    {.bitmap_index = 4098, .adv_w = 256, .box_w = 16, .box_h = 16, .ofs_x = 0, .ofs_y = -2},
    {.bitmap_index = 4196, .adv_w = 256, .box_w = 16, .box_h = 15, .ofs_x = 0, .ofs_y = -2},
    {.bitmap_index = 4275, .adv_w = 256, .box_w = 16, .box_h = 15, .ofs_x = 0, .ofs_y = -1},
    {.bitmap_index = 4352, .adv_w = 256, .box_w = 16, .box_h = 15, .ofs_x = 0, .ofs_y = -1},
    {.bitmap_index = 4427, .adv_w = 256, .box_w = 16, .box_h = 15, .ofs_x = 0, .ofs_y = -2},
    {.bitmap_index = 4518, .adv_w = 256, .box_w = 16, .box_h = 15, .ofs_x = 0, .ofs_y = -1},
    {.bitmap_index = 4598, .adv_w = 256, .box_w = 16, .box_h = 16, .ofs_x = 0, .ofs_y = -2},
    {.bitmap_index = 4681, .adv_w = 256, .box_w = 16, .box_h = 16, .ofs_x = 0, .ofs_y = -2},
    {.bitmap_index = 4788, .adv_w = 256, .box_w = 16, .box_h = 14, .ofs_x = 0, .ofs_y = -1},
    {.bitmap_index = 4873, .adv_w = 256, .box_w = 15, .box_h = 16, .ofs_x = 0, .ofs_y = -2},
    {.bitmap_index = 4970, .adv_w = 256, .box_w = 16, .box_h = 16, .ofs_x = 0, .ofs_y = -2},
    {.bitmap_index = 5075, .adv_w = 256, .box_w = 16, .box_h = 16, .ofs_x = 0, .ofs_y = -2},
    {.bitmap_index = 5189, .adv_w = 256, .box_w = 16, .box_h = 15, .ofs_x = 0, .ofs_y = -1},
    {.bitmap_index = 5285, .adv_w = 256, .box_w = 16, .box_h = 16, .ofs_x = 0, .ofs_y = -2},
    {.bitmap_index = 5368, .adv_w = 256, .box_w = 16, .box_h = 16, .ofs_x = 0, .ofs_y = -2},
    {.bitmap_index = 5485, .adv_w = 256, .box_w = 16, .box_h = 15, .ofs_x = 0, .ofs_y = -2},
    {.bitmap_index = 5578, .adv_w = 256, .box_w = 16, .box_h = 15, .ofs_x = 0, .ofs_y = -1},
    {.bitmap_index = 5647, .adv_w = 256, .box_w = 16, .box_h = 16, .ofs_x = 0, .ofs_y = -2},
    {.bitmap_index = 5745, .adv_w = 256, .box_w = 14, .box_h = 14, .ofs_x = 1, .ofs_y = -1},
    {.bitmap_index = 5820, .adv_w = 256, .box_w = 15, .box_h = 16, .ofs_x = 0, .ofs_y = -2},
    {.bitmap_index = 5918, .adv_w = 256, .box_w = 14, .box_h = 14, .ofs_x = 1, .ofs_y = -1},
    {.bitmap_index = 5966, .adv_w = 256, .box_w = 15, .box_h = 16, .ofs_x = 0, .ofs_y = -2},
    {.bitmap_index = 6055, .adv_w = 256, .box_w = 15, .box_h = 15, .ofs_x = 0, .ofs_y = -2},
    {.bitmap_index = 6142, .adv_w = 256, .box_w = 16, .box_h = 15, .ofs_x = 0, .ofs_y = -2},
    {.bitmap_index = 6246, .adv_w = 256, .box_w = 15, .box_h = 15, .ofs_x = 0, .ofs_y = -2},
    {.bitmap_index = 6347, .adv_w = 256, .box_w = 15, .box_h = 16, .ofs_x = 0, .ofs_y = -2},
    {.bitmap_index = 6448, .adv_w = 256, .box_w = 15, .box_h = 15, .ofs_x = 0, .ofs_y = -1},
    {.bitmap_index = 6550, .adv_w = 256, .box_w = 15, .box_h = 14, .ofs_x = 1, .ofs_y = -1},
    {.bitmap_index = 6625, .adv_w = 256, .box_w = 15, .box_h = 14, .ofs_x = 1, .ofs_y = -1},
    {.bitmap_index = 6706, .adv_w = 256, .box_w = 16, .box_h = 15, .ofs_x = 0, .ofs_y = -1},
    {.bitmap_index = 6792, .adv_w = 256, .box_w = 16, .box_h = 14, .ofs_x = 0, .ofs_y = -1},
    {.bitmap_index = 6854, .adv_w = 256, .box_w = 15, .box_h = 15, .ofs_x = 0, .ofs_y = -2},
    {.bitmap_index = 6923, .adv_w = 256, .box_w = 16, .box_h = 15, .ofs_x = 0, .ofs_y = -2},
    {.bitmap_index = 7018, .adv_w = 256, .box_w = 16, .box_h = 15, .ofs_x = 0, .ofs_y = -2},
    {.bitmap_index = 7099, .adv_w = 256, .box_w = 14, .box_h = 14, .ofs_x = 1, .ofs_y = -1},
    {.bitmap_index = 7147, .adv_w = 256, .box_w = 16, .box_h = 14, .ofs_x = 0, .ofs_y = -1},
    {.bitmap_index = 7203, .adv_w = 256, .box_w = 16, .box_h = 15, .ofs_x = 0, .ofs_y = -2},
    {.bitmap_index = 7287, .adv_w = 256, .box_w = 15, .box_h = 14, .ofs_x = 1, .ofs_y = -1},
    {.bitmap_index = 7342, .adv_w = 256, .box_w = 14, .box_h = 15, .ofs_x = 1, .ofs_y = -2},
    {.bitmap_index = 7410, .adv_w = 256, .box_w = 14, .box_h = 14, .ofs_x = 1, .ofs_y = -1},
    {.bitmap_index = 7469, .adv_w = 256, .box_w = 14, .box_h = 14, .ofs_x = 1, .ofs_y = -1},
    {.bitmap_index = 7525, .adv_w = 256, .box_w = 14, .box_h = 15, .ofs_x = 0, .ofs_y = -1},
    {.bitmap_index = 7600, .adv_w = 256, .box_w = 14, .box_h = 15, .ofs_x = 1, .ofs_y = -1},
    {.bitmap_index = 7664, .adv_w = 256, .box_w = 12, .box_h = 14, .ofs_x = 2, .ofs_y = -1},
    {.bitmap_index = 7709, .adv_w = 256, .box_w = 16, .box_h = 15, .ofs_x = 0, .ofs_y = -2},
    {.bitmap_index = 7794, .adv_w = 256, .box_w = 15, .box_h = 15, .ofs_x = 1, .ofs_y = -2},
    {.bitmap_index = 7867, .adv_w = 256, .box_w = 14, .box_h = 15, .ofs_x = 0, .ofs_y = -2},
    {.bitmap_index = 7952, .adv_w = 256, .box_w = 15, .box_h = 16, .ofs_x = 1, .ofs_y = -2},
    {.bitmap_index = 8042, .adv_w = 256, .box_w = 15, .box_h = 15, .ofs_x = 0, .ofs_y = -1},
    {.bitmap_index = 8122, .adv_w = 256, .box_w = 15, .box_h = 14, .ofs_x = 1, .ofs_y = -1},
    {.bitmap_index = 8213, .adv_w = 256, .box_w = 16, .box_h = 16, .ofs_x = 0, .ofs_y = -2},
    {.bitmap_index = 8320, .adv_w = 256, .box_w = 15, .box_h = 14, .ofs_x = 1, .ofs_y = -1},
    {.bitmap_index = 8393, .adv_w = 256, .box_w = 16, .box_h = 15, .ofs_x = 0, .ofs_y = -2},
    {.bitmap_index = 8493, .adv_w = 256, .box_w = 16, .box_h = 14, .ofs_x = 0, .ofs_y = -1},
    {.bitmap_index = 8591, .adv_w = 256, .box_w = 14, .box_h = 14, .ofs_x = 1, .ofs_y = -1},
    {.bitmap_index = 8657, .adv_w = 256, .box_w = 16, .box_h = 14, .ofs_x = 0, .ofs_y = -1},
    {.bitmap_index = 8746, .adv_w = 256, .box_w = 16, .box_h = 14, .ofs_x = 0, .ofs_y = -1},
    {.bitmap_index = 8841, .adv_w = 256, .box_w = 16, .box_h = 15, .ofs_x = 0, .ofs_y = -1},
    {.bitmap_index = 8937, .adv_w = 256, .box_w = 16, .box_h = 15, .ofs_x = 0, .ofs_y = -2},
    {.bitmap_index = 9032, .adv_w = 256, .box_w = 16, .box_h = 15, .ofs_x = 0, .ofs_y = -2},
    {.bitmap_index = 9124, .adv_w = 256, .box_w = 16, .box_h = 16, .ofs_x = 0, .ofs_y = -2},
    {.bitmap_index = 9221, .adv_w = 256, .box_w = 15, .box_h = 16, .ofs_x = 0, .ofs_y = -2},
    {.bitmap_index = 9312, .adv_w = 256, .box_w = 16, .box_h = 16, .ofs_x = 0, .ofs_y = -2},
    {.bitmap_index = 9418, .adv_w = 256, .box_w = 16, .box_h = 16, .ofs_x = 0, .ofs_y = -2},
    {.bitmap_index = 9532, .adv_w = 256, .box_w = 16, .box_h = 16, .ofs_x = 0, .ofs_y = -2},
    {.bitmap_index = 9638, .adv_w = 256, .box_w = 16, .box_h = 16, .ofs_x = 0, .ofs_y = -2},
    {.bitmap_index = 9754, .adv_w = 256, .box_w = 15, .box_h = 16, .ofs_x = 0, .ofs_y = -2},
    {.bitmap_index = 9857, .adv_w = 256, .box_w = 16, .box_h = 15, .ofs_x = 0, .ofs_y = -1},
    {.bitmap_index = 9958, .adv_w = 256, .box_w = 16, .box_h = 15, .ofs_x = 0, .ofs_y = -2},
    {.bitmap_index = 10021, .adv_w = 256, .box_w = 16, .box_h = 16, .ofs_x = 0, .ofs_y = -2},
    {.bitmap_index = 10103, .adv_w = 256, .box_w = 16, .box_h = 16, .ofs_x = 0, .ofs_y = -2},
    {.bitmap_index = 10197, .adv_w = 256, .box_w = 16, .box_h = 15, .ofs_x = 0, .ofs_y = -1},
    {.bitmap_index = 10281, .adv_w = 256, .box_w = 16, .box_h = 16, .ofs_x = 0, .ofs_y = -1},
    {.bitmap_index = 10379, .adv_w = 256, .box_w = 14, .box_h = 15, .ofs_x = 1, .ofs_y = -1},
    {.bitmap_index = 10445, .adv_w = 256, .box_w = 14, .box_h = 16, .ofs_x = 1, .ofs_y = -2},
    {.bitmap_index = 10539, .adv_w = 256, .box_w = 16, .box_h = 15, .ofs_x = 0, .ofs_y = -1},
    {.bitmap_index = 10632, .adv_w = 256, .box_w = 14, .box_h = 15, .ofs_x = 1, .ofs_y = -1},
    {.bitmap_index = 10699, .adv_w = 256, .box_w = 15, .box_h = 16, .ofs_x = 0, .ofs_y = -2},
    {.bitmap_index = 10791, .adv_w = 256, .box_w = 16, .box_h = 16, .ofs_x = 0, .ofs_y = -2},
    {.bitmap_index = 10898, .adv_w = 256, .box_w = 16, .box_h = 14, .ofs_x = 0, .ofs_y = -1},
    {.bitmap_index = 10975, .adv_w = 256, .box_w = 16, .box_h = 14, .ofs_x = 0, .ofs_y = -1},
    {.bitmap_index = 11067, .adv_w = 256, .box_w = 15, .box_h = 15, .ofs_x = 0, .ofs_y = -2},
    {.bitmap_index = 11167, .adv_w = 256, .box_w = 13, .box_h = 15, .ofs_x = 1, .ofs_y = -2},
    {.bitmap_index = 11240, .adv_w = 256, .box_w = 14, .box_h = 16, .ofs_x = 1, .ofs_y = -2},
    {.bitmap_index = 11330, .adv_w = 256, .box_w = 16, .box_h = 14, .ofs_x = 0, .ofs_y = -1},
    {.bitmap_index = 11419, .adv_w = 256, .box_w = 16, .box_h = 15, .ofs_x = 0, .ofs_y = -1},
    {.bitmap_index = 11520, .adv_w = 256, .box_w = 14, .box_h = 14, .ofs_x = 1, .ofs_y = -1},
    {.bitmap_index = 11598, .adv_w = 256, .box_w = 16, .box_h = 14, .ofs_x = 0, .ofs_y = -1},
    {.bitmap_index = 11661, .adv_w = 256, .box_w = 16, .box_h = 15, .ofs_x = 0, .ofs_y = -1},
    {.bitmap_index = 11738, .adv_w = 256, .box_w = 16, .box_h = 15, .ofs_x = 0, .ofs_y = -1},
    {.bitmap_index = 11844, .adv_w = 256, .box_w = 16, .box_h = 16, .ofs_x = 0, .ofs_y = -2},
    {.bitmap_index = 11954, .adv_w = 256, .box_w = 16, .box_h = 15, .ofs_x = 0, .ofs_y = -2},
    {.bitmap_index = 12066, .adv_w = 256, .box_w = 15, .box_h = 15, .ofs_x = 1, .ofs_y = -2},
    {.bitmap_index = 12167, .adv_w = 256, .box_w = 16, .box_h = 15, .ofs_x = 0, .ofs_y = -2},
    {.bitmap_index = 12272, .adv_w = 256, .box_w = 15, .box_h = 15, .ofs_x = 1, .ofs_y = -1},
    {.bitmap_index = 12362, .adv_w = 256, .box_w = 16, .box_h = 16, .ofs_x = 0, .ofs_y = -2},
    {.bitmap_index = 12474, .adv_w = 256, .box_w = 16, .box_h = 15, .ofs_x = 0, .ofs_y = -2},
    {.bitmap_index = 12585, .adv_w = 256, .box_w = 16, .box_h = 16, .ofs_x = 0, .ofs_y = -2},
    {.bitmap_index = 12696, .adv_w = 256, .box_w = 16, .box_h = 14, .ofs_x = 0, .ofs_y = -1},
    {.bitmap_index = 12779, .adv_w = 256, .box_w = 16, .box_h = 14, .ofs_x = 0, .ofs_y = -1},
    {.bitmap_index = 12861, .adv_w = 256, .box_w = 15, .box_h = 14, .ofs_x = 0, .ofs_y = -1},
    {.bitmap_index = 12949, .adv_w = 256, .box_w = 16, .box_h = 15, .ofs_x = 0, .ofs_y = -1},
    {.bitmap_index = 13027, .adv_w = 256, .box_w = 16, .box_h = 15, .ofs_x = 0, .ofs_y = -1},
    {.bitmap_index = 13119, .adv_w = 256, .box_w = 16, .box_h = 14, .ofs_x = 0, .ofs_y = -1},
    {.bitmap_index = 13202, .adv_w = 256, .box_w = 16, .box_h = 15, .ofs_x = 0, .ofs_y = -1},
    {.bitmap_index = 13288, .adv_w = 256, .box_w = 15, .box_h = 15, .ofs_x = 0, .ofs_y = -1},
    {.bitmap_index = 13380, .adv_w = 256, .box_w = 16, .box_h = 15, .ofs_x = 0, .ofs_y = -2},
    {.bitmap_index = 13485, .adv_w = 256, .box_w = 16, .box_h = 15, .ofs_x = 0, .ofs_y = -2},
    {.bitmap_index = 13586, .adv_w = 256, .box_w = 14, .box_h = 14, .ofs_x = 1, .ofs_y = -1},
    {.bitmap_index = 13676, .adv_w = 256, .box_w = 16, .box_h = 15, .ofs_x = 0, .ofs_y = -2},
    {.bitmap_index = 13794, .adv_w = 256, .box_w = 16, .box_h = 15, .ofs_x = 0, .ofs_y = -1},
    {.bitmap_index = 13867, .adv_w = 256, .box_w = 16, .box_h = 15, .ofs_x = 0, .ofs_y = -2},
    {.bitmap_index = 13938, .adv_w = 256, .box_w = 16, .box_h = 16, .ofs_x = 0, .ofs_y = -2},
    {.bitmap_index = 14035, .adv_w = 256, .box_w = 15, .box_h = 15, .ofs_x = 0, .ofs_y = -2},
    {.bitmap_index = 14121, .adv_w = 256, .box_w = 16, .box_h = 14, .ofs_x = 0, .ofs_y = -1},
    {.bitmap_index = 14195, .adv_w = 256, .box_w = 16, .box_h = 15, .ofs_x = 0, .ofs_y = -2},
    {.bitmap_index = 14306, .adv_w = 256, .box_w = 16, .box_h = 15, .ofs_x = 0, .ofs_y = -1},
    {.bitmap_index = 14399, .adv_w = 256, .box_w = 16, .box_h = 16, .ofs_x = 0, .ofs_y = -2},
    {.bitmap_index = 14510, .adv_w = 256, .box_w = 15, .box_h = 14, .ofs_x = 0, .ofs_y = -1},
    {.bitmap_index = 14594, .adv_w = 256, .box_w = 16, .box_h = 15, .ofs_x = 0, .ofs_y = -2},
    {.bitmap_index = 14696, .adv_w = 256, .box_w = 16, .box_h = 14, .ofs_x = 0, .ofs_y = -1},
    {.bitmap_index = 14798, .adv_w = 256, .box_w = 16, .box_h = 15, .ofs_x = 0, .ofs_y = -2},
    {.bitmap_index = 14887, .adv_w = 256, .box_w = 16, .box_h = 15, .ofs_x = 0, .ofs_y = -2},
    {.bitmap_index = 14989, .adv_w = 256, .box_w = 16, .box_h = 16, .ofs_x = 0, .ofs_y = -2},
    {.bitmap_index = 15106, .adv_w = 256, .box_w = 16, .box_h = 15, .ofs_x = 0, .ofs_y = -2},
    {.bitmap_index = 15219, .adv_w = 256, .box_w = 16, .box_h = 16, .ofs_x = 0, .ofs_y = -2},
    {.bitmap_index = 15314, .adv_w = 256, .box_w = 16, .box_h = 15, .ofs_x = 0, .ofs_y = -2},
    {.bitmap_index = 15424, .adv_w = 256, .box_w = 15, .box_h = 16, .ofs_x = 0, .ofs_y = -2},
    {.bitmap_index = 15513, .adv_w = 256, .box_w = 16, .box_h = 15, .ofs_x = 0, .ofs_y = -2},
    {.bitmap_index = 15600, .adv_w = 256, .box_w = 12, .box_h = 14, .ofs_x = 2, .ofs_y = -1},
    {.bitmap_index = 15635, .adv_w = 256, .box_w = 15, .box_h = 14, .ofs_x = 1, .ofs_y = -1},
    {.bitmap_index = 15713, .adv_w = 256, .box_w = 14, .box_h = 15, .ofs_x = 1, .ofs_y = -2},
    {.bitmap_index = 15796, .adv_w = 256, .box_w = 16, .box_h = 15, .ofs_x = 0, .ofs_y = -1},
    {.bitmap_index = 15891, .adv_w = 256, .box_w = 16, .box_h = 15, .ofs_x = 0, .ofs_y = -2},
    {.bitmap_index = 15980, .adv_w = 256, .box_w = 15, .box_h = 16, .ofs_x = 1, .ofs_y = -2},
    {.bitmap_index = 16094, .adv_w = 256, .box_w = 14, .box_h = 14, .ofs_x = 1, .ofs_y = -1},
    {.bitmap_index = 16175, .adv_w = 256, .box_w = 13, .box_h = 15, .ofs_x = 2, .ofs_y = -1},
    {.bitmap_index = 16253, .adv_w = 256, .box_w = 13, .box_h = 15, .ofs_x = 0, .ofs_y = -2},
    {.bitmap_index = 16318, .adv_w = 256, .box_w = 16, .box_h = 15, .ofs_x = 0, .ofs_y = -1},
    {.bitmap_index = 16396, .adv_w = 256, .box_w = 16, .box_h = 15, .ofs_x = 0, .ofs_y = -2},
    {.bitmap_index = 16498, .adv_w = 256, .box_w = 15, .box_h = 15, .ofs_x = 0, .ofs_y = -2},
    {.bitmap_index = 16606, .adv_w = 256, .box_w = 16, .box_h = 14, .ofs_x = 0, .ofs_y = -1},
    {.bitmap_index = 16681, .adv_w = 256, .box_w = 16, .box_h = 14, .ofs_x = 0, .ofs_y = -1},
    {.bitmap_index = 16763, .adv_w = 256, .box_w = 16, .box_h = 14, .ofs_x = 0, .ofs_y = -1},
    {.bitmap_index = 16850, .adv_w = 256, .box_w = 16, .box_h = 15, .ofs_x = 0, .ofs_y = -2},
    {.bitmap_index = 16939, .adv_w = 256, .box_w = 16, .box_h = 14, .ofs_x = 0, .ofs_y = -1},
    {.bitmap_index = 17026, .adv_w = 256, .box_w = 16, .box_h = 14, .ofs_x = 0, .ofs_y = -1},
    {.bitmap_index = 17106, .adv_w = 256, .box_w = 16, .box_h = 15, .ofs_x = 0, .ofs_y = -2},
    {.bitmap_index = 17216, .adv_w = 256, .box_w = 16, .box_h = 15, .ofs_x = 0, .ofs_y = -2},
    {.bitmap_index = 17315, .adv_w = 256, .box_w = 16, .box_h = 14, .ofs_x = 0, .ofs_y = -1},
    {.bitmap_index = 17401, .adv_w = 256, .box_w = 16, .box_h = 14, .ofs_x = 0, .ofs_y = -1},
    {.bitmap_index = 17500, .adv_w = 256, .box_w = 16, .box_h = 14, .ofs_x = 0, .ofs_y = -1},
    {.bitmap_index = 17584, .adv_w = 256, .box_w = 16, .box_h = 15, .ofs_x = 0, .ofs_y = -1},
    {.bitmap_index = 17689, .adv_w = 256, .box_w = 15, .box_h = 14, .ofs_x = 0, .ofs_y = -1},
    {.bitmap_index = 17774, .adv_w = 256, .box_w = 16, .box_h = 14, .ofs_x = 0, .ofs_y = -1},
    {.bitmap_index = 17864, .adv_w = 256, .box_w = 16, .box_h = 15, .ofs_x = 0, .ofs_y = -1},
    {.bitmap_index = 17972, .adv_w = 256, .box_w = 16, .box_h = 16, .ofs_x = 0, .ofs_y = -2},
    {.bitmap_index = 18078, .adv_w = 256, .box_w = 16, .box_h = 15, .ofs_x = 0, .ofs_y = -2},
    {.bitmap_index = 18185, .adv_w = 256, .box_w = 16, .box_h = 15, .ofs_x = 0, .ofs_y = -1},
    {.bitmap_index = 18286, .adv_w = 256, .box_w = 16, .box_h = 16, .ofs_x = 0, .ofs_y = -2},
    {.bitmap_index = 18393, .adv_w = 256, .box_w = 16, .box_h = 14, .ofs_x = 0, .ofs_y = -1},
    {.bitmap_index = 18485, .adv_w = 256, .box_w = 16, .box_h = 16, .ofs_x = 0, .ofs_y = -2},
    {.bitmap_index = 18592, .adv_w = 256, .box_w = 15, .box_h = 15, .ofs_x = 1, .ofs_y = -1},
    {.bitmap_index = 18689, .adv_w = 256, .box_w = 16, .box_h = 16, .ofs_x = 0, .ofs_y = -2},
    {.bitmap_index = 18772, .adv_w = 256, .box_w = 16, .box_h = 16, .ofs_x = 0, .ofs_y = -2},
    {.bitmap_index = 18887, .adv_w = 256, .box_w = 16, .box_h = 16, .ofs_x = 0, .ofs_y = -2},
    {.bitmap_index = 18978, .adv_w = 256, .box_w = 16, .box_h = 15, .ofs_x = 0, .ofs_y = -2},
    {.bitmap_index = 19082, .adv_w = 256, .box_w = 16, .box_h = 15, .ofs_x = 0, .ofs_y = -2},
    {.bitmap_index = 19192, .adv_w = 256, .box_w = 16, .box_h = 16, .ofs_x = 0, .ofs_y = -2},
    {.bitmap_index = 19288, .adv_w = 256, .box_w = 16, .box_h = 15, .ofs_x = 0, .ofs_y = -1},
    {.bitmap_index = 19391, .adv_w = 256, .box_w = 16, .box_h = 14, .ofs_x = 0, .ofs_y = -1},
    {.bitmap_index = 19482, .adv_w = 256, .box_w = 16, .box_h = 15, .ofs_x = 0, .ofs_y = -1},
    {.bitmap_index = 19591, .adv_w = 256, .box_w = 15, .box_h = 15, .ofs_x = 0, .ofs_y = -1},
    {.bitmap_index = 19692, .adv_w = 256, .box_w = 16, .box_h = 14, .ofs_x = 0, .ofs_y = -1},
    {.bitmap_index = 19783, .adv_w = 256, .box_w = 16, .box_h = 15, .ofs_x = 0, .ofs_y = -1},
    {.bitmap_index = 19895, .adv_w = 256, .box_w = 16, .box_h = 16, .ofs_x = 0, .ofs_y = -2},
    {.bitmap_index = 20018, .adv_w = 256, .box_w = 16, .box_h = 16, .ofs_x = 0, .ofs_y = -2},
    {.bitmap_index = 20138, .adv_w = 256, .box_w = 16, .box_h = 15, .ofs_x = 0, .ofs_y = -2},
    {.bitmap_index = 20251, .adv_w = 256, .box_w = 16, .box_h = 16, .ofs_x = 0, .ofs_y = -2},
    {.bitmap_index = 20361, .adv_w = 256, .box_w = 16, .box_h = 15, .ofs_x = 0, .ofs_y = -2},
    {.bitmap_index = 20473, .adv_w = 256, .box_w = 16, .box_h = 14, .ofs_x = 0, .ofs_y = -1},
    {.bitmap_index = 20524, .adv_w = 256, .box_w = 16, .box_h = 15, .ofs_x = 0, .ofs_y = -2},
    {.bitmap_index = 20629, .adv_w = 256, .box_w = 16, .box_h = 15, .ofs_x = 0, .ofs_y = -2},
    {.bitmap_index = 20737, .adv_w = 256, .box_w = 15, .box_h = 15, .ofs_x = 0, .ofs_y = -1},
    {.bitmap_index = 20832, .adv_w = 256, .box_w = 16, .box_h = 14, .ofs_x = 0, .ofs_y = -1},
    {.bitmap_index = 20902, .adv_w = 256, .box_w = 14, .box_h = 14, .ofs_x = 1, .ofs_y = -1},
    {.bitmap_index = 20950, .adv_w = 256, .box_w = 14, .box_h = 14, .ofs_x = 2, .ofs_y = -1},
    {.bitmap_index = 21025, .adv_w = 256, .box_w = 15, .box_h = 15, .ofs_x = 0, .ofs_y = -2},
    {.bitmap_index = 21115, .adv_w = 256, .box_w = 16, .box_h = 16, .ofs_x = 0, .ofs_y = -2},
    {.bitmap_index = 21209, .adv_w = 256, .box_w = 16, .box_h = 16, .ofs_x = 0, .ofs_y = -2},
    {.bitmap_index = 21320, .adv_w = 256, .box_w = 16, .box_h = 15, .ofs_x = 0, .ofs_y = -1},
    {.bitmap_index = 21417, .adv_w = 256, .box_w = 16, .box_h = 16, .ofs_x = 0, .ofs_y = -2},
    {.bitmap_index = 21514, .adv_w = 256, .box_w = 16, .box_h = 16, .ofs_x = 0, .ofs_y = -2},
    {.bitmap_index = 21624, .adv_w = 256, .box_w = 16, .box_h = 16, .ofs_x = 0, .ofs_y = -2},
    {.bitmap_index = 21738, .adv_w = 256, .box_w = 16, .box_h = 16, .ofs_x = 0, .ofs_y = -2},
    {.bitmap_index = 21846, .adv_w = 256, .box_w = 16, .box_h = 16, .ofs_x = 0, .ofs_y = -2},
    {.bitmap_index = 21958, .adv_w = 256, .box_w = 12, .box_h = 15, .ofs_x = 2, .ofs_y = -1},
    {.bitmap_index = 22008, .adv_w = 256, .box_w = 15, .box_h = 16, .ofs_x = 0, .ofs_y = -2},
    {.bitmap_index = 22102, .adv_w = 256, .box_w = 15, .box_h = 14, .ofs_x = 0, .ofs_y = -1},
    {.bitmap_index = 22166, .adv_w = 256, .box_w = 16, .box_h = 14, .ofs_x = 0, .ofs_y = -1},
    {.bitmap_index = 22240, .adv_w = 256, .box_w = 16, .box_h = 17, .ofs_x = 0, .ofs_y = -2},
    {.bitmap_index = 22354, .adv_w = 256, .box_w = 16, .box_h = 15, .ofs_x = 0, .ofs_y = -1},
    {.bitmap_index = 22456, .adv_w = 256, .box_w = 16, .box_h = 16, .ofs_x = 0, .ofs_y = -2},
    {.bitmap_index = 22570, .adv_w = 256, .box_w = 16, .box_h = 15, .ofs_x = 0, .ofs_y = -1},
    {.bitmap_index = 22665, .adv_w = 256, .box_w = 16, .box_h = 16, .ofs_x = 0, .ofs_y = -2},
    {.bitmap_index = 22783, .adv_w = 256, .box_w = 15, .box_h = 15, .ofs_x = 1, .ofs_y = -1},
    {.bitmap_index = 22884, .adv_w = 256, .box_w = 16, .box_h = 14, .ofs_x = 0, .ofs_y = -1},
    {.bitmap_index = 22983, .adv_w = 256, .box_w = 15, .box_h = 15, .ofs_x = 1, .ofs_y = -1},
    {.bitmap_index = 23083, .adv_w = 256, .box_w = 16, .box_h = 15, .ofs_x = 0, .ofs_y = -1},
    {.bitmap_index = 23168, .adv_w = 256, .box_w = 16, .box_h = 15, .ofs_x = 0, .ofs_y = -1},
    {.bitmap_index = 23272, .adv_w = 256, .box_w = 14, .box_h = 15, .ofs_x = 1, .ofs_y = -2},
    {.bitmap_index = 23359, .adv_w = 256, .box_w = 15, .box_h = 16, .ofs_x = 0, .ofs_y = -2},
    {.bitmap_index = 23474, .adv_w = 256, .box_w = 16, .box_h = 16, .ofs_x = 0, .ofs_y = -2},
    {.bitmap_index = 23592, .adv_w = 256, .box_w = 12, .box_h = 14, .ofs_x = 2, .ofs_y = -1},
    {.bitmap_index = 23652, .adv_w = 256, .box_w = 16, .box_h = 15, .ofs_x = 0, .ofs_y = -2},
    {.bitmap_index = 23743, .adv_w = 256, .box_w = 15, .box_h = 15, .ofs_x = 1, .ofs_y = -1},
    {.bitmap_index = 23824, .adv_w = 256, .box_w = 15, .box_h = 15, .ofs_x = 0, .ofs_y = -2},
    {.bitmap_index = 23919, .adv_w = 256, .box_w = 15, .box_h = 15, .ofs_x = 0, .ofs_y = -2},
    {.bitmap_index = 24013, .adv_w = 256, .box_w = 16, .box_h = 15, .ofs_x = 0, .ofs_y = -2},
    {.bitmap_index = 24128, .adv_w = 256, .box_w = 16, .box_h = 16, .ofs_x = 0, .ofs_y = -2},
    {.bitmap_index = 24233, .adv_w = 256, .box_w = 16, .box_h = 15, .ofs_x = 0, .ofs_y = -2},
    {.bitmap_index = 24330, .adv_w = 256, .box_w = 16, .box_h = 15, .ofs_x = 0, .ofs_y = -2},
    {.bitmap_index = 24436, .adv_w = 256, .box_w = 16, .box_h = 14, .ofs_x = 0, .ofs_y = -1},
    {.bitmap_index = 24519, .adv_w = 256, .box_w = 16, .box_h = 14, .ofs_x = 0, .ofs_y = -1},
    {.bitmap_index = 24602, .adv_w = 256, .box_w = 16, .box_h = 15, .ofs_x = 0, .ofs_y = -2},
    {.bitmap_index = 24702, .adv_w = 256, .box_w = 16, .box_h = 15, .ofs_x = 0, .ofs_y = -2},
    {.bitmap_index = 24802, .adv_w = 256, .box_w = 16, .box_h = 15, .ofs_x = 0, .ofs_y = -2},
    {.bitmap_index = 24916, .adv_w = 256, .box_w = 16, .box_h = 16, .ofs_x = 0, .ofs_y = -2},
    {.bitmap_index = 25011, .adv_w = 256, .box_w = 16, .box_h = 14, .ofs_x = 0, .ofs_y = -1},
    {.bitmap_index = 25097, .adv_w = 256, .box_w = 16, .box_h = 14, .ofs_x = 0, .ofs_y = -1},
    {.bitmap_index = 25188, .adv_w = 256, .box_w = 16, .box_h = 14, .ofs_x = 0, .ofs_y = -1},
    {.bitmap_index = 25288, .adv_w = 256, .box_w = 16, .box_h = 14, .ofs_x = 0, .ofs_y = -1},
    {.bitmap_index = 25394, .adv_w = 256, .box_w = 16, .box_h = 15, .ofs_x = 0, .ofs_y = -1},
    {.bitmap_index = 25498, .adv_w = 256, .box_w = 16, .box_h = 15, .ofs_x = 0, .ofs_y = -1},
    {.bitmap_index = 25547, .adv_w = 256, .box_w = 16, .box_h = 15, .ofs_x = 0, .ofs_y = -2},
    {.bitmap_index = 25645, .adv_w = 256, .box_w = 16, .box_h = 15, .ofs_x = 0, .ofs_y = -2},
    {.bitmap_index = 25751, .adv_w = 256, .box_w = 16, .box_h = 14, .ofs_x = 0, .ofs_y = -1},
    {.bitmap_index = 25835, .adv_w = 256, .box_w = 16, .box_h = 14, .ofs_x = 0, .ofs_y = -1},
    {.bitmap_index = 25911, .adv_w = 256, .box_w = 16, .box_h = 15, .ofs_x = 0, .ofs_y = -1},
    {.bitmap_index = 25996, .adv_w = 256, .box_w = 16, .box_h = 14, .ofs_x = 0, .ofs_y = -1},
    {.bitmap_index = 26089, .adv_w = 256, .box_w = 16, .box_h = 15, .ofs_x = 0, .ofs_y = -1},
    {.bitmap_index = 26177, .adv_w = 256, .box_w = 16, .box_h = 14, .ofs_x = 0, .ofs_y = -1},
    {.bitmap_index = 26265, .adv_w = 256, .box_w = 16, .box_h = 16, .ofs_x = 0, .ofs_y = -2},
    {.bitmap_index = 26372, .adv_w = 256, .box_w = 16, .box_h = 15, .ofs_x = 0, .ofs_y = -1},
    {.bitmap_index = 26471, .adv_w = 256, .box_w = 15, .box_h = 15, .ofs_x = 0, .ofs_y = -2},
    {.bitmap_index = 26568, .adv_w = 256, .box_w = 15, .box_h = 15, .ofs_x = 0, .ofs_y = -2},
    {.bitmap_index = 26661, .adv_w = 256, .box_w = 16, .box_h = 15, .ofs_x = 0, .ofs_y = -2},
    {.bitmap_index = 26774, .adv_w = 256, .box_w = 16, .box_h = 15, .ofs_x = 0, .ofs_y = -2},
    {.bitmap_index = 26876, .adv_w = 256, .box_w = 16, .box_h = 16, .ofs_x = 0, .ofs_y = -2},
    {.bitmap_index = 26970, .adv_w = 256, .box_w = 16, .box_h = 14, .ofs_x = 0, .ofs_y = -1},
    {.bitmap_index = 27076, .adv_w = 256, .box_w = 16, .box_h = 15, .ofs_x = 0, .ofs_y = -2},
    {.bitmap_index = 27167, .adv_w = 256, .box_w = 16, .box_h = 15, .ofs_x = 0, .ofs_y = -2},
    {.bitmap_index = 27263, .adv_w = 256, .box_w = 16, .box_h = 16, .ofs_x = 0, .ofs_y = -2},
    {.bitmap_index = 27363, .adv_w = 256, .box_w = 16, .box_h = 15, .ofs_x = 0, .ofs_y = -2},
    {.bitmap_index = 27470, .adv_w = 256, .box_w = 16, .box_h = 15, .ofs_x = 0, .ofs_y = -1},
    {.bitmap_index = 27567, .adv_w = 256, .box_w = 16, .box_h = 15, .ofs_x = 0, .ofs_y = -1},
    {.bitmap_index = 27659, .adv_w = 256, .box_w = 16, .box_h = 16, .ofs_x = 0, .ofs_y = -2},
    {.bitmap_index = 27762, .adv_w = 256, .box_w = 16, .box_h = 15, .ofs_x = 0, .ofs_y = -1},
    {.bitmap_index = 27859, .adv_w = 256, .box_w = 16, .box_h = 15, .ofs_x = 0, .ofs_y = -1},
    {.bitmap_index = 27968, .adv_w = 256, .box_w = 16, .box_h = 16, .ofs_x = 0, .ofs_y = -2},
    {.bitmap_index = 28083, .adv_w = 256, .box_w = 16, .box_h = 15, .ofs_x = 0, .ofs_y = -1},
    {.bitmap_index = 28185, .adv_w = 256, .box_w = 16, .box_h = 14, .ofs_x = 0, .ofs_y = -1},
    {.bitmap_index = 28287, .adv_w = 256, .box_w = 16, .box_h = 15, .ofs_x = 0, .ofs_y = -1},
    {.bitmap_index = 28386, .adv_w = 256, .box_w = 15, .box_h = 15, .ofs_x = 0, .ofs_y = -1},
    {.bitmap_index = 28473, .adv_w = 256, .box_w = 16, .box_h = 15, .ofs_x = 0, .ofs_y = -1},
    {.bitmap_index = 28584, .adv_w = 256, .box_w = 15, .box_h = 15, .ofs_x = 0, .ofs_y = -1},
    {.bitmap_index = 28684, .adv_w = 256, .box_w = 14, .box_h = 15, .ofs_x = 1, .ofs_y = -1},
    {.bitmap_index = 28747, .adv_w = 256, .box_w = 15, .box_h = 15, .ofs_x = 1, .ofs_y = -1},
    {.bitmap_index = 28822, .adv_w = 256, .box_w = 15, .box_h = 15, .ofs_x = 1, .ofs_y = -1},
    {.bitmap_index = 28913, .adv_w = 256, .box_w = 15, .box_h = 15, .ofs_x = 1, .ofs_y = -1},
    {.bitmap_index = 29010, .adv_w = 256, .box_w = 15, .box_h = 16, .ofs_x = 1, .ofs_y = -2},
    {.bitmap_index = 29109, .adv_w = 256, .box_w = 14, .box_h = 16, .ofs_x = 1, .ofs_y = -2},
    {.bitmap_index = 29205, .adv_w = 256, .box_w = 16, .box_h = 14, .ofs_x = 0, .ofs_y = -1},
    {.bitmap_index = 29288, .adv_w = 256, .box_w = 14, .box_h = 14, .ofs_x = 1, .ofs_y = -1},
    {.bitmap_index = 29363, .adv_w = 256, .box_w = 14, .box_h = 14, .ofs_x = 1, .ofs_y = -1},
    {.bitmap_index = 29444, .adv_w = 256, .box_w = 15, .box_h = 15, .ofs_x = 1, .ofs_y = -2},
    {.bitmap_index = 29539, .adv_w = 256, .box_w = 16, .box_h = 15, .ofs_x = 0, .ofs_y = -2},
    {.bitmap_index = 29648, .adv_w = 256, .box_w = 15, .box_h = 14, .ofs_x = 1, .ofs_y = -1},
    {.bitmap_index = 29744, .adv_w = 256, .box_w = 16, .box_h = 14, .ofs_x = 0, .ofs_y = -1},
    {.bitmap_index = 29818, .adv_w = 256, .box_w = 16, .box_h = 16, .ofs_x = 0, .ofs_y = -2},
    {.bitmap_index = 29931, .adv_w = 256, .box_w = 14, .box_h = 14, .ofs_x = 1, .ofs_y = -1},
    {.bitmap_index = 30001, .adv_w = 256, .box_w = 16, .box_h = 16, .ofs_x = 0, .ofs_y = -2},
    {.bitmap_index = 30114, .adv_w = 256, .box_w = 16, .box_h = 16, .ofs_x = 0, .ofs_y = -2},
    {.bitmap_index = 30225, .adv_w = 256, .box_w = 16, .box_h = 15, .ofs_x = 0, .ofs_y = -2},
    {.bitmap_index = 30324, .adv_w = 256, .box_w = 16, .box_h = 15, .ofs_x = 0, .ofs_y = -2},
    {.bitmap_index = 30419, .adv_w = 256, .box_w = 15, .box_h = 14, .ofs_x = 1, .ofs_y = -1},
    {.bitmap_index = 30489, .adv_w = 256, .box_w = 15, .box_h = 16, .ofs_x = 0, .ofs_y = -2},
    {.bitmap_index = 30567, .adv_w = 256, .box_w = 15, .box_h = 15, .ofs_x = 0, .ofs_y = -1},
    {.bitmap_index = 30642, .adv_w = 256, .box_w = 16, .box_h = 16, .ofs_x = 0, .ofs_y = -2},
    {.bitmap_index = 30770, .adv_w = 256, .box_w = 14, .box_h = 16, .ofs_x = 1, .ofs_y = -2},
    {.bitmap_index = 30856, .adv_w = 256, .box_w = 15, .box_h = 16, .ofs_x = 0, .ofs_y = -2},
    {.bitmap_index = 30965, .adv_w = 256, .box_w = 16, .box_h = 15, .ofs_x = 0, .ofs_y = -2},
    {.bitmap_index = 31068, .adv_w = 256, .box_w = 16, .box_h = 15, .ofs_x = 0, .ofs_y = -1},
    {.bitmap_index = 31184, .adv_w = 256, .box_w = 16, .box_h = 16, .ofs_x = 0, .ofs_y = -2},
    {.bitmap_index = 31297, .adv_w = 256, .box_w = 16, .box_h = 16, .ofs_x = 0, .ofs_y = -2},
    {.bitmap_index = 31399, .adv_w = 256, .box_w = 16, .box_h = 16, .ofs_x = 0, .ofs_y = -2},
    {.bitmap_index = 31516, .adv_w = 256, .box_w = 3, .box_h = 13, .ofs_x = 2, .ofs_y = -1},
    {.bitmap_index = 31535, .adv_w = 256, .box_w = 14, .box_h = 14, .ofs_x = 1, .ofs_y = -1},
    {.bitmap_index = 31629, .adv_w = 256, .box_w = 5, .box_h = 16, .ofs_x = 11, .ofs_y = -2},
    {.bitmap_index = 31666, .adv_w = 256, .box_w = 5, .box_h = 16, .ofs_x = 0, .ofs_y = -2},
    {.bitmap_index = 31704, .adv_w = 256, .box_w = 4, .box_h = 6, .ofs_x = 2, .ofs_y = -2},
    {.bitmap_index = 31717, .adv_w = 256, .box_w = 4, .box_h = 12, .ofs_x = 2, .ofs_y = -1},
    {.bitmap_index = 31737, .adv_w = 256, .box_w = 4, .box_h = 14, .ofs_x = 2, .ofs_y = -3},
    {.bitmap_index = 31761, .adv_w = 256, .box_w = 8, .box_h = 14, .ofs_x = 0, .ofs_y = -1},
    {.bitmap_index = 31805, .adv_w = 256, .box_w = 16, .box_h = 6, .ofs_x = 0, .ofs_y = 3}
};

/*---------------------
 *  CHARACTER MAPPING
 *--------------------*/

static const uint16_t unicode_list_1[] = {
    0x0, 0x7, 0x27, 0x1f64, 0x1f68, 0x1f69, 0x1f6c, 0x1f6d,
    0x1f76, 0x2f51, 0x2f52, 0x2f60, 0x2f61, 0x4d50, 0x4d51, 0x4d57,
    0x4d75, 0x4d7d, 0x4d8d, 0x4ddb, 0x4dde, 0x4de1, 0x4df6, 0x4e0a,
    0x4e28, 0x4e4b, 0x4e6f, 0x4e9f, 0x4ea5, 0x4ea9, 0x4ec3, 0x4edb,
    0x4eff, 0x4f1a, 0x4f2d, 0x4f31, 0x4fb5, 0x5098, 0x50c0, 0x50c3,
    0x50eb, 0x50ff, 0x514a, 0x5168, 0x517b, 0x51f8, 0x51f9, 0x5217,
    0x524f, 0x5289, 0x528b, 0x529e, 0x52b1, 0x52b2, 0x52d6, 0x52db,
    0x533b, 0x533f, 0x5342, 0x5346, 0x5347, 0x5348, 0x535c, 0x535d,
    0x5361, 0x5365, 0x5384, 0x53a8, 0x53b8, 0x53cc, 0x53dc, 0x543e,
    0x5460, 0x54e8, 0x5559, 0x55b8, 0x564d, 0x56db, 0x57f8, 0x5857,
    0x585f, 0x5884, 0x58c3, 0x58d2, 0x5923, 0x592a, 0x592c, 0x596c,
    0x596f, 0x59c7, 0x5aa0, 0x5aa4, 0x5aa9, 0x5aaf, 0x5ab2, 0x5ad7,
    0x5ad9, 0x5adb, 0x5ae8, 0x5aea, 0x5b06, 0x5b89, 0x5b8f, 0x5bae,
    0x5bd1, 0x5beb, 0x5c64, 0x5d7e, 0x5d88, 0x5dc3, 0x5dc4, 0x5e07,
    0x5e26, 0x5e4a, 0x5e70, 0x5e8a, 0x5ea5, 0x5eb4, 0x5ebd, 0x5ee0,
    0x5f13, 0x5f27, 0x5f6d, 0x5f71, 0x5f75, 0x5f77, 0x5fbf, 0x605f,
    0x608f, 0x60b2, 0x60b7, 0x6184, 0x619b, 0x61a3, 0x61e7, 0x61f4,
    0x6222, 0x6238, 0x6251, 0x6259, 0x62a0, 0x6320, 0x635f, 0x647f,
    0x6495, 0x649f, 0x64a1, 0x64d7, 0x64dc, 0x6509, 0x6530, 0x6535,
    0x6546, 0x655e, 0x6575, 0x65b8, 0x6636, 0x6649, 0x664e, 0x6658,
    0x6659, 0x665d, 0x666f, 0x667a, 0x667f, 0x6681, 0x668a, 0x669e,
    0x66ac, 0x66b8, 0x66c0, 0x66e7, 0x6706, 0x6735, 0x6798, 0x67a0,
    0x67b3, 0x67d1, 0x67d5, 0x67f6, 0x6810, 0x6a73, 0x6ab6, 0x6b05,
    0x6b2b, 0x6baf, 0x6bb4, 0x6bba, 0x6bd8, 0x6c32, 0x6c38, 0x6c4d,
    0x6cb9, 0x6ceb, 0x6d05, 0x6d55, 0x6ea8, 0x7086, 0x70da, 0x7125,
    0x71b9, 0x727e, 0x72db, 0x737a, 0x7384, 0x73c6, 0x746f, 0x7480,
    0x7485, 0x7487, 0x74e7, 0x74fb, 0x7515, 0x7517, 0x753b, 0x7574,
    0x759c, 0x75bb, 0x75cd, 0x7735, 0x7743, 0x788a, 0x7910, 0x7936,
    0x794b, 0x795b, 0x7c26, 0x7c4b, 0x7c70, 0x7c77, 0x7df2, 0x7e2d,
    0x7ea7, 0x7f24, 0x7fa4, 0x7fe6, 0x7fed, 0x800e, 0x800f, 0x8031,
    0x8040, 0x805f, 0x8203, 0x821f, 0x8227, 0x8235, 0x8241, 0x8253,
    0x82bf, 0x82fb, 0x8381, 0x83b3, 0x83db, 0x8471, 0x84eb, 0x8790,
    0x87d1, 0x88d1, 0x88d3, 0x8b00, 0x8b08, 0x8b27, 0x8b2d, 0x8b47,
    0x8b72, 0x8b7d, 0x8c8a, 0x8c8e, 0x8cc5, 0x8cc7, 0x8eb9, 0x8ed9,
    0x8f00, 0x8f17, 0x8f2c, 0x8f97, 0x8fe3, 0x9001, 0x9005, 0x9009,
    0x9021, 0x902d, 0x903d, 0x90e2, 0x9121, 0x93ef, 0x9401, 0x943d,
    0x953b, 0x958f, 0x9596, 0x9598, 0x95b2, 0x95c6, 0x9638, 0x963a,
    0x9647, 0x9650, 0x9659, 0x966e, 0x96a2, 0x96a9, 0x9736, 0x9739,
    0x97cb, 0x97ce, 0x981e, 0x982e, 0x99bc, 0x9a28, 0x9a9f, 0x9d73,
    0x9d9f, 0x9e14, 0x9e1e, 0x9ed4, 0x9ee9, 0x9eea, 0xfe51, 0xfe55,
    0xfe58, 0xfe59, 0xfe5c, 0xfe6a, 0xfe6b, 0xfe6f, 0xfeae
};

/*Collect the unicode lists and glyph_id offsets*/
static const lv_font_fmt_txt_cmap_t cmaps[] =
{
    {
        .range_start = 32, .range_length = 95, .glyph_id_start = 1,
        .unicode_list = NULL, .glyph_id_ofs_list = NULL, .list_length = 0, .type = LV_FONT_FMT_TXT_CMAP_FORMAT0_TINY
    },
    {
        .range_start = 176, .range_length = 65199, .glyph_id_start = 96,
        .unicode_list = unicode_list_1, .glyph_id_ofs_list = NULL, .list_length = 327, .type = LV_FONT_FMT_TXT_CMAP_SPARSE_TINY
    }
};

/*-----------------
 *    KERNING
 *----------------*/


/*Map glyph_ids to kern left classes*/
static const uint8_t kern_left_class_mapping[] =
{
    0, 0, 0, 1, 0, 0, 0, 0,
    1, 2, 0, 0, 0, 3, 4, 3,
    5, 0, 0, 0, 0, 0, 0, 0,
    0, 0, 0, 6, 6, 0, 0, 0,
    0, 0, 7, 8, 9, 10, 11, 12,
    13, 0, 0, 14, 15, 16, 0, 0,
    10, 17, 10, 18, 19, 20, 21, 22,
    23, 24, 25, 26, 2, 27, 0, 0,
    0, 0, 28, 29, 30, 0, 31, 32,
    33, 34, 0, 0, 35, 36, 34, 34,
    29, 29, 37, 38, 39, 40, 37, 41,
    42, 43, 44, 45, 2, 0, 0, 0,
    0, 0, 0, 4, 0, 0, 0, 0,
    0, 0, 0, 0, 0, 0, 0, 0,
    0, 0, 0, 0, 0, 0, 0, 0,
    0, 0, 0, 0, 0, 0, 0, 0,
    0, 0, 0, 0, 0, 0, 0, 0,
    0, 0, 0, 0, 0, 0, 0, 0,
    0, 0, 0, 0, 0, 0, 0, 0,
    0, 0, 0, 0, 0, 0, 0, 0,
    0, 0, 0, 0, 0, 0, 0, 0,
    0, 0, 0, 0, 0, 0, 0, 0,
    0, 0, 0, 0, 0, 0, 0, 0,
    0, 0, 0, 0, 0, 0, 0, 0,
    0, 0, 0, 0, 0, 0, 0, 0,
    0, 0, 0, 0, 0, 0, 0, 0,
    0, 0, 0, 0, 0, 0, 0, 0,
    0, 0, 0, 0, 0, 0, 0, 0,
    0, 0, 0, 0, 0, 0, 0, 0,
    0, 0, 0, 0, 0, 0, 0, 0,
    0, 0, 0, 0, 0, 0, 0, 0,
    0, 0, 0, 0, 0, 0, 0, 0,
    0, 0, 0, 0, 0, 0, 0, 0,
    0, 0, 0, 0, 0, 0, 0, 0,
    0, 0, 0, 0, 0, 0, 0, 0,
    0, 0, 0, 0, 0, 0, 0, 0,
    0, 0, 0, 0, 0, 0, 0, 0,
    0, 0, 0, 0, 0, 0, 0, 0,
    0, 0, 0, 0, 0, 0, 0, 0,
    0, 0, 0, 0, 0, 0, 0, 0,
    0, 0, 0, 0, 0, 0, 0, 0,
    0, 0, 0, 0, 0, 0, 0, 0,
    0, 0, 0, 0, 0, 0, 0, 0,
    0, 0, 0, 0, 0, 0, 0, 0,
    0, 0, 0, 0, 0, 0, 0, 0,
    0, 0, 0, 0, 0, 0, 0, 0,
    0, 0, 0, 0, 0, 0, 0, 0,
    0, 0, 0, 0, 0, 0, 0, 0,
    0, 0, 0, 0, 0, 0, 0, 0,
    0, 0, 0, 0, 0, 0, 0, 0,
    0, 0, 0, 0, 0, 0, 0, 0,
    0, 0, 0, 0, 0, 0, 0, 0,
    0, 0, 0, 0, 0, 0, 0
};

/*Map glyph_ids to kern right classes*/
static const uint8_t kern_right_class_mapping[] =
{
    0, 0, 1, 2, 0, 0, 0, 0,
    2, 0, 3, 4, 0, 5, 6, 7,
    8, 0, 0, 0, 0, 0, 0, 0,
    0, 0, 0, 9, 10, 0, 0, 0,
    11, 0, 12, 0, 13, 0, 0, 0,
    13, 0, 0, 14, 0, 0, 0, 0,
    13, 0, 13, 0, 15, 16, 17, 18,
    19, 20, 21, 22, 0, 23, 3, 0,
    0, 0, 24, 0, 25, 25, 25, 26,
    27, 0, 28, 29, 0, 0, 30, 30,
    25, 30, 25, 30, 31, 32, 33, 34,
    35, 36, 37, 38, 0, 0, 3, 0,
    0, 0, 0, 6, 0, 0, 0, 0,
    0, 0, 0, 0, 0, 0, 0, 0,
    0, 0, 0, 0, 0, 0, 0, 0,
    0, 0, 0, 0, 0, 0, 0, 0,
    0, 0, 0, 0, 0, 0, 0, 0,
    0, 0, 0, 0, 0, 0, 0, 0,
    0, 0, 0, 0, 0, 0, 0, 0,
    0, 0, 0, 0, 0, 0, 0, 0,
    0, 0, 0, 0, 0, 0, 0, 0,
    0, 0, 0, 0, 0, 0, 0, 0,
    0, 0, 0, 0, 0, 0, 0, 0,
    0, 0, 0, 0, 0, 0, 0, 0,
    0, 0, 0, 0, 0, 0, 0, 0,
    0, 0, 0, 0, 0, 0, 0, 0,
    0, 0, 0, 0, 0, 0, 0, 0,
    0, 0, 0, 0, 0, 0, 0, 0,
    0, 0, 0, 0, 0, 0, 0, 0,
    0, 0, 0, 0, 0, 0, 0, 0,
    0, 0, 0, 0, 0, 0, 0, 0,
    0, 0, 0, 0, 0, 0, 0, 0,
    0, 0, 0, 0, 0, 0, 0, 0,
    0, 0, 0, 0, 0, 0, 0, 0,
    0, 0, 0, 0, 0, 0, 0, 0,
    0, 0, 0, 0, 0, 0, 0, 0,
    0, 0, 0, 0, 0, 0, 0, 0,
    0, 0, 0, 0, 0, 0, 0, 0,
    0, 0, 0, 0, 0, 0, 0, 0,
    0, 0, 0, 0, 0, 0, 0, 0,
    0, 0, 0, 0, 0, 0, 0, 0,
    0, 0, 0, 0, 0, 0, 0, 0,
    0, 0, 0, 0, 0, 0, 0, 0,
    0, 0, 0, 0, 0, 0, 0, 0,
    0, 0, 0, 0, 0, 0, 0, 0,
    0, 0, 0, 0, 0, 0, 0, 0,
    0, 0, 0, 0, 0, 0, 0, 0,
    0, 0, 0, 0, 0, 0, 0, 0,
    0, 0, 0, 0, 0, 0, 0, 0,
    0, 0, 0, 0, 0, 0, 0, 0,
    0, 0, 0, 0, 0, 0, 0, 0,
    0, 0, 0, 0, 0, 0, 0, 0,
    0, 0, 0, 0, 0, 0, 0
};

/*Kern values between classes*/
static const int8_t kern_class_values[] =
{
    0, 0, 0, 0, -33, 0, -33, 0,
    0, 0, 0, -16, 0, -27, -3, 0,
    0, 0, 0, -3, 0, 0, 0, 0,
    -8, 0, 0, 0, 0, 0, -6, 0,
    0, 0, 0, 0, 0, 0, 0, 0,
    0, 0, 0, 0, 0, 0, 0, 0,
    0, 0, 0, -6, 0, 0, 0, 0,
    0, 0, 0, 0, 0, 0, 0, 0,
    0, 0, 23, 0, 0, 0, 0, 0,
    0, 0, 0, 0, 0, -27, 0, -39,
    0, 0, 0, 0, 0, 0, 0, 0,
    0, 0, 0, -28, -6, -19, -10, 0,
    -26, 0, 0, 0, -3, 0, 0, 0,
    7, 0, 0, -13, 0, -10, -6, 0,
    -6, 0, 0, 0, 0, 0, 0, 0,
    0, 0, 0, 0, 0, 0, 0, -6,
    -5, -14, 0, -5, -3, -8, -19, -6,
    0, 0, 0, 0, 0, 0, 0, 0,
    0, -7, 0, -2, 0, -4, 0, 0,
    0, 0, 0, 0, 0, 0, 0, 0,
    0, 0, 0, -12, -3, -23, 0, 0,
    0, 0, 0, 0, 0, 0, 0, -7,
    -9, 0, -3, 7, 7, 0, 0, 3,
    -6, 0, 0, 0, 0, 0, 0, 0,
    0, -14, 0, 0, 0, 0, 0, 0,
    0, 0, 0, 0, 0, 0, 0, 0,
    0, 0, -7, 0, 0, 0, 0, 0,
    0, 0, 1, 0, 0, 0, 0, 0,
    0, 0, 0, 0, 0, -16, 0, -27,
    0, 0, 0, 0, 0, 0, -7, -2,
    -3, 0, 0, -16, -4, -4, 0, 1,
    -4, -2, -12, 7, 0, -3, 0, 0,
    0, 0, 7, -4, -2, -2, -1, -1,
    -2, 0, 0, 0, 0, -9, 0, 0,
    0, 0, 0, 0, 0, 0, 0, -5,
    -4, -7, 0, -2, -1, -1, -4, -1,
    0, 0, 0, 0, 0, 0, 0, 0,
    0, -3, 0, -4, -3, -3, -4, 0,
    0, 0, 0, 0, 0, -7, 0, 0,
    0, 0, 0, 0, -8, -3, -7, -5,
    -4, -1, -1, -1, -2, -3, 0, 0,
    0, 0, -6, 0, 0, 0, 0, -8,
    -3, -4, -3, 0, -4, 0, 0, 0,
    0, -10, 0, 0, 0, -5, 0, 0,
    0, -3, 0, -11, 0, -7, 0, -3,
    -2, -5, -6, -6, 0, 0, 0, 0,
    0, 0, 0, 0, 0, 0, 0, 0,
    0, -4, 0, -2, 0, 0, 0, 0,
    0, 0, 0, 0, 0, 0, 0, 0,
    0, 0, 0, 0, 0, 0, 0, 0,
    0, 0, 0, 0, -3, 0, 0, 0,
    0, 0, 0, -7, 0, -3, 0, -9,
    -3, 0, 0, 0, 0, 0, -21, 0,
    -21, -20, 0, 0, 0, -11, -3, -40,
    -6, 0, 0, 1, 1, -7, 0, -9,
    0, -10, -4, 0, -7, 0, 0, -6,
    -6, -3, -5, -6, -5, -7, -5, -8,
    0, 0, 0, -8, 0, 0, 0, 0,
    0, 0, 0, -1, 0, 0, 0, -6,
    0, -4, -1, 0, 0, 0, 0, 0,
    0, 0, 0, 0, 0, 0, 0, 0,
    0, 0, 0, 0, 0, 0, 0, 0,
    0, 0, -7, 0, -7, 0, 0, 0,
    0, 0, 0, -12, 0, 0, 0, 0,
    0, 0, 0, 0, 0, 0, 0, 0,
    0, 0, 0, 0, 0, 0, 0, 0,
    0, 0, 0, 0, 0, -6, 0, -12,
    0, -8, 0, 0, 0, 0, -2, -3,
    -6, 0, -3, -5, -4, -4, -3, 0,
    -5, 0, 0, 0, -2, 0, 0, 0,
    -3, 0, 0, -9, -4, -6, -5, -5,
    -6, -4, 0, -25, 0, -44, 0, -15,
    0, 0, 0, 0, -9, 1, -7, 0,
    -6, -34, -8, -22, -16, 0, -22, 0,
    -23, 0, -3, -4, -1, 0, 0, 0,
    0, -6, -3, -10, -10, 0, -10, 0,
    0, 0, 0, 0, -32, -9, -32, -22,
    0, 0, 0, -14, 0, -42, -3, -7,
    0, 0, 0, -7, -3, -22, 0, -12,
    -7, 0, -9, 0, 0, 0, -3, 0,
    0, 0, 0, -4, 0, -6, 0, 0,
    0, -3, 0, -9, 0, 0, 0, 0,
    0, -1, 0, -5, -4, -4, 0, 2,
    2, -1, 0, -3, 0, -1, -3, 0,
    -1, 0, 0, 0, 0, 0, 0, 0,
    0, -2, 0, -2, 0, 0, 0, -5,
    0, 4, 0, 0, 0, 0, 0, 0,
    0, -4, -4, -6, 0, 0, 0, 0,
    -4, 0, 0, 0, 0, 0, 0, 0,
    0, 0, 0, -7, 0, 0, 0, 0,
    0, 0, 0, 0, 0, 0, -30, -21,
    -30, -26, -6, -6, 0, -12, -7, -36,
    -11, 0, 0, 0, 0, -6, -4, -15,
    0, -21, -19, -5, -21, 0, 0, -13,
    -17, -5, -13, -9, -10, -11, -9, -22,
    0, 0, 0, 0, -5, 0, -5, -9,
    0, 0, 0, -5, 0, -14, -3, 0,
    0, -1, 0, -3, -4, 0, 0, -1,
    0, 0, -3, 0, 0, 0, -1, 0,
    0, 0, 0, -2, 0, 0, 0, 0,
    0, 0, -19, -5, -19, -13, 0, 0,
    0, -4, -3, -21, -3, 0, -3, 3,
    0, 0, 0, -5, 0, -6, -4, 0,
    -6, 0, 0, -6, -4, 0, -9, -3,
    -3, -4, -3, -7, 0, 0, 0, 0,
    -10, -3, -10, -8, 0, 0, 0, 0,
    -2, -19, -2, 0, 0, 0, 0, 0,
    0, -2, 0, -5, 0, 0, -4, 0,
    0, 0, 0, 0, 0, 0, 0, 0,
    0, -3, 0, -3, 0, -3, 0, -8,
    0, 0, 0, 0, 0, 1, -5, 0,
    -4, -6, -3, 0, 0, 0, 0, 0,
    0, -3, -2, -5, 0, 0, 0, 0,
    0, -5, -3, -5, -4, -3, -5, -4,
    0, 0, 0, 0, -26, -19, -26, -19,
    -7, -7, -2, -4, -4, -29, -5, -4,
    -3, 0, 0, 0, 0, -7, 0, -19,
    -12, 0, -17, 0, 0, -12, -12, -8,
    -10, -4, -7, -10, -4, -14, 0, 0,
    0, 0, 0, -10, 0, 0, 0, 0,
    0, -2, -6, -9, -9, 0, -3, -2,
    -2, 0, -4, -5, 0, -5, -6, -6,
    -4, 0, 0, 0, 0, -4, -7, -5,
    -5, -7, -5, 0, 0, 0, 0, 0,
    0, 0, 0, 0, 0, 0, 0, 0,
    0, 0, 0, -25, -8, -15, -8, 0,
    -21, 0, 0, 0, 0, 0, 9, 0,
    21, 0, 0, 0, 0, -6, -3, 0,
    4, 0, 0, 0, 0, -15, 0, 0,
    0, 0, 0, 0, -4, 0, 0, 0,
    0, -7, 0, -5, -1, 0, -7, 0,
    0, 0, 0, 0, 0, 0, 0, 0,
    0, -4, 0, 0, 0, 0, 0, 0,
    0, -8, 0, -7, -3, 2, -3, 0,
    0, 0, -4, 0, 0, 0, 0, -16,
    0, -5, 0, -1, -13, 0, -7, -4,
    0, 0, 0, 0, 0, 0, 0, -5,
    0, -1, -1, -5, -1, -2, 0, 0,
    0, 0, 0, -6, 0, 0, 0, 0,
    0, 0, 0, 0, 0, -6, 0, -4,
    0, 0, -7, 0, 0, -3, -6, 0,
    -3, 0, 0, 0, 0, -3, 0, 2,
    2, 2, 2, 0, 0, 0, 0, -10,
    0, 3, 0, 0, 0, 0, -2, 0,
    0, -6, -6, -7, 0, -5, -3, 0,
    -7, 0, -6, -4, 0, 0, -3, 0,
    0, 0, 0, -3, 0, 1, 1, -2,
    1, 0, 4, 12, 14, 0, -14, -4,
    -14, -4, 0, 0, 7, 0, 0, 0,
    0, 13, 0, 19, 13, 9, 17, 0,
    18, -6, -3, 0, -4, 0, -3, 0,
    -1, 0, 0, 4, 0, -1, 0, -4,
    0, 0, 4, -9, 0, 0, 0, 14,
    0, 0, -10, 0, 0, 0, 0, -7,
    0, 0, 0, 0, -4, 0, 0, -5,
    -4, 0, 0, 0, 10, 0, 0, 0,
    0, -1, -1, 0, 4, -4, 0, 0,
    0, -10, 0, 0, 0, 0, 0, 0,
    -2, 0, 0, 0, 0, -7, 0, -3,
    0, 0, -5, 0, 0, 0, 0, 0,
    0, 0, 0, 0, 0, 0, 0, 0,
    0, 0, 0, 0, 0, 0, 0, -6,
    4, -13, 4, 0, 4, 4, -4, 0,
    0, 0, 0, -10, 0, 0, 0, 0,
    -3, 0, 0, -3, -5, 0, -3, 0,
    -3, 0, 0, -6, -4, 0, 0, -2,
    0, -2, 0, 0, 0, 0, 0, 0,
    0, 0, 0, 0, 0, 0, 0, 0,
    0, 0, 0, 0, 0, 0, 0, 0,
    0, 0, 0, 0, 0, 0, 2, 0,
    0, 0, 0, 0, 0, 0, 0, 0,
    0, 0, 0, -7, 0, 0, 0, 0,
    0, 0, 0, 0, 0, 0, 0, -6,
    0, -4, 0, 0, -9, 0, 0, 0,
    0, 0, 0, 0, 0, 0, 0, 0,
    0, 0, 0, 0, 0, 0, 0, 0,
    0, 0, -16, -7, -16, -10, 7, 7,
    0, -4, 0, -16, 0, 0, 0, 0,
    0, 0, 0, -3, 4, -7, -3, 0,
    -3, 0, 0, 0, -1, 0, 0, 7,
    5, 0, 7, -1, 0, 0, 0, -14,
    0, 3, 0, 0, 0, 0, -3, 0,
    0, 0, 0, -7, 0, -3, 0, 0,
    -6, 0, 0, 0, 0, 0, 0, 0,
    0, 0, 0, -6, 0, 0, 0, 0,
    0, 0, 0, 0, 0, 0, 2, -7,
    2, 3, 4, 4, -7, 0, 0, 0,
    0, -4, 0, 0, 0, 0, -1, 0,
    0, -6, -4, 0, -3, 0, 0, 0,
    -3, -6, 0, 0, 0, -5, 0, 0,
    0, 0, 0, -3, -10, -2, -10, -6,
    0, 0, 0, -3, 0, -12, 0, -6,
    0, -3, 0, 0, -4, -3, 0, -6,
    -1, 0, 0, 0, -3, 0, 0, 0,
    0, 0, 0, 0, 0, -7, 0, 0,
    0, -3, -12, 0, -12, -2, 0, 0,
    0, -1, 0, -9, 0, -7, 0, -3,
    0, -4, -7, 0, 0, -3, -1, 0,
    0, 0, -3, 0, 0, 0, 0, 0,
    0, 0, 0, -5, -4, 0, 0, -6,
    2, -4, -2, 0, 0, 2, 0, 0,
    -3, 0, -1, -9, 0, -4, 0, -3,
    -10, 0, 0, -3, -5, 0, 0, 0,
    0, 0, 0, -7, 0, 0, 0, 0,
    0, 0, 0, 0, 0, 0, -10, 0,
    -10, -4, 0, 0, 0, 0, 0, -12,
    0, -6, 0, -1, 0, -1, -2, 0,
    0, -6, -1, 0, 0, 0, -3, 0,
    0, 0, 0, 0, 0, -4, 0, -7,
    0, 0, 0, 0, 0, -5, 0, 0,
    0, 0, 0, 0, 0, 0, 0, -7,
    0, 0, 0, 0, -8, 0, 0, -7,
    -3, 0, -2, 0, 0, 0, 0, 0,
    -3, -1, 0, 0, -1, 0
};


/*Collect the kern class' data in one place*/
static const lv_font_fmt_txt_kern_classes_t kern_classes =
{
    .class_pair_values   = kern_class_values,
    .left_class_mapping  = kern_left_class_mapping,
    .right_class_mapping = kern_right_class_mapping,
    .left_class_cnt      = 45,
    .right_class_cnt     = 38,
};

/*--------------------
 *  ALL CUSTOM DATA
 *--------------------*/

#if LVGL_VERSION_MAJOR == 8
/*Store all the custom data of the font*/
static  lv_font_fmt_txt_glyph_cache_t cache;
#endif

#if LVGL_VERSION_MAJOR >= 8
static const lv_font_fmt_txt_dsc_t font_dsc = {
#else
static lv_font_fmt_txt_dsc_t font_dsc = {
#endif
    .glyph_bitmap = glyph_bitmap,
    .glyph_dsc = glyph_dsc,
    .cmaps = cmaps,
    .kern_dsc = &kern_classes,
    .kern_scale = 16,
    .cmap_num = 2,
    .bpp = 4,
    .kern_classes = 1,
    .bitmap_format = 1,
#if LVGL_VERSION_MAJOR == 8
    .cache = &cache
#endif
};



/*-----------------
 *  PUBLIC FONT
 *----------------*/

/*Initialize a public general font descriptor*/
#if LVGL_VERSION_MAJOR >= 8
const lv_font_t lv_font_health_16 = {
#else
lv_font_t lv_font_health_16 = {
#endif
    .get_glyph_dsc = lv_font_get_glyph_dsc_fmt_txt,    /*Function pointer to get glyph's data*/
    .get_glyph_bitmap = lv_font_get_bitmap_fmt_txt,    /*Function pointer to get glyph's bitmap*/
    .line_height = 20,          /*The maximum line height required by the font*/
    .base_line = 5,             /*Baseline measured from the bottom of the line*/
#if !(LVGL_VERSION_MAJOR == 6 && LVGL_VERSION_MINOR == 0)
    .subpx = LV_FONT_SUBPX_NONE,
#endif
#if LV_VERSION_CHECK(7, 4, 0) || LVGL_VERSION_MAJOR >= 8
    .underline_position = -2,
    .underline_thickness = 1,
#endif
    .dsc = &font_dsc,          /*The custom font data. Will be accessed by `get_glyph_bitmap/dsc` */
#if LV_VERSION_CHECK(8, 2, 0) || LVGL_VERSION_MAJOR >= 9
    .fallback = NULL,
#endif
    .user_data = NULL,
};



#endif /*#if LV_FONT_HEALTH_16*/

