/*******************************************************************************
 * Size: 20 px
 * Bpp: 4
 * Opts: --font C:\Users\Doro\esp\fonts\NotoSansCJKsc-Regular.otf -r 0x20-0x7E --symbols 健康信息紧急联系医疗信息急救须知姓名年龄血型性别男女家属电话过敏史慢性病常服药物备注关系手机急救提示器官捐献意愿同意拒绝无有未知请注意如遇事故请先联系家属呼叫拨打请勿移动保持清醒需要帮助医护人员谢谢信息档案卡提示示例岁号出生年月日糖尿病高血压心脏病哮喘癫痫肾病肝病肿瘤癌症中风手术阿司匹林青霉素头孢抗生素疫苗胰岛素起搏器支架药物过敏史服药记录定期检查按时住院病历王李张刘陈杨黄赵吴周徐孙马朱胡郭何高林罗郑梁谢宋唐许韩冯邓曹彭曾肖田董袁潘于蒋蔡余杜叶程苏魏吕丁任沈姚卢姜崔钟谭陆汪范金石廖贾夏韦付方白邹孟熊秦邱江尹薛闫段雷侯龙史陶黎贺顾毛郝龚邵万钱严覃武戴莫孔向汤文华明军强和平安杰志伟建国春丽娟秀英红梅芳燕娜婷雪琴兰青霞静波涛勇辉斌鹏飞云翔宇浩轩泽铭萱欣怡嘉诗涵雨桐梦瑶思远俊杰晨曦亦辰若曦可心怡然佳琪彤欣慧子墨一鸣，。：；？！、（）【】·—…“”‘’～％°×@#* --size 20 --bpp 4 --format lvgl --output C:\Users\Doro\esp\fonts\health_font_20.c --lv-font-name lv_font_health_20
 ******************************************************************************/

#ifdef LV_LVGL_H_INCLUDE_SIMPLE
#include "lvgl.h"
#else
#include "lvgl/lvgl.h"
#endif

#ifndef LV_FONT_HEALTH_20
#define LV_FONT_HEALTH_20 1
#endif

#if LV_FONT_HEALTH_20

/*-----------------
 *    BITMAPS
 *----------------*/

/*Store the image of the glyphs*/
static LV_ATTRIBUTE_LARGE_CONST const uint8_t glyph_bitmap[] = {
    /* U+0020 " " */

    /* U+0021 "!" */
    0xb, 0xf2, 0x1, 0x3, 0x0, 0xe3, 0x1, 0x0,
    0xe1, 0x0, 0xfb, 0xc0, 0x30, 0x80, 0x4, 0x2,
    0x48, 0x0, 0x27, 0x88, 0x4b, 0x30, 0x18, 0x94,

    /* U+0022 "\"" */
    0x3f, 0xb0, 0x4f, 0xa1, 0x0, 0x9c, 0x0, 0x60,
    0x20, 0x20, 0x62, 0x4, 0x6, 0x1c, 0x3, 0xe0,
    0x20, 0x40, 0xe6, 0x0, 0x67,

    /* U+0023 "#" */
    0x0, 0x93, 0x80, 0x5, 0xe2, 0x1, 0x8d, 0x40,
    0xc, 0x22, 0x0, 0xda, 0x60, 0x3, 0x50, 0xb,
    0x3d, 0x5f, 0xfd, 0x9, 0xec, 0x1d, 0x83, 0x19,
    0x83, 0x6c, 0x70, 0x23, 0x15, 0x33, 0xe, 0x18,
    0x80, 0x4, 0x8, 0x0, 0x4c, 0x1, 0x94, 0x2,
    0x10, 0x10, 0x1, 0xfd, 0x87, 0xfb, 0x83, 0x7c,
    0xf, 0x18, 0xf3, 0x10, 0x39, 0x80, 0x1, 0x82,
    0x99, 0x84, 0x8c, 0xc0, 0x11, 0x70, 0x3, 0x98,
    0x3, 0x98, 0x40, 0x4, 0x40, 0xe, 0x32, 0x0,
    0x37, 0x0, 0x40,

    /* U+0024 "$" */
    0x0, 0xde, 0x80, 0x1f, 0xfc, 0x23, 0x90, 0x86,
    0x0, 0x97, 0x19, 0x6, 0x74, 0x82, 0xc7, 0xaf,
    0x71, 0x88, 0xc5, 0xc4, 0x0, 0x76, 0x2, 0x6,
    0x1, 0xe2, 0x22, 0xb0, 0x7, 0xbc, 0xa7, 0x50,
    0x3, 0x16, 0xb9, 0x5c, 0x80, 0x74, 0x6a, 0x36,
    0x80, 0x71, 0x5b, 0x13, 0x80, 0x7a, 0xc3, 0x0,
    0x3c, 0x60, 0x2d, 0x84, 0x1, 0x48, 0x61, 0x96,
    0xf5, 0xeb, 0xa3, 0x2f, 0xca, 0x20, 0x66, 0xc0,
    0x2, 0xd4, 0x10, 0xc0, 0x1f, 0xf0,

    /* U+0025 "%" */
    0x0, 0x47, 0x72, 0x84, 0x3, 0xaa, 0x40, 0x3a,
    0x1a, 0xb5, 0xb4, 0x3, 0x1a, 0x40, 0x7, 0x3c,
    0x21, 0xf9, 0x98, 0x2, 0xf8, 0x10, 0xc, 0x40,
    0xa0, 0x3, 0x6, 0x0, 0x30, 0xb0, 0x7, 0xff,
    0x8, 0x62, 0x40, 0x3c, 0x40, 0xc0, 0x2, 0x6,
    0x9, 0x44, 0xb3, 0xa8, 0x40, 0xd, 0x4, 0x32,
    0x46, 0x4f, 0x7, 0x76, 0xd1, 0xc0, 0x4, 0xbe,
    0xf3, 0xf8, 0x4b, 0x94, 0x23, 0x9d, 0x12, 0x80,
    0x2b, 0xfb, 0x9, 0x16, 0x1, 0x70, 0x0, 0x25,
    0xa0, 0x18, 0x40, 0x13, 0x60, 0x1, 0x10, 0x4,
    0xc2, 0x1, 0xe7, 0x15, 0x0, 0x8, 0x80, 0x26,
    0x10, 0xe, 0x18, 0xf0, 0x9, 0x70, 0x0, 0x25,
    0xa0, 0x1d, 0xa, 0x60, 0x14, 0x23, 0x15, 0x12,
    0x80, 0x63, 0x6b, 0x0, 0xc7, 0x57, 0xa1, 0x80,

    /* U+0026 "&" */
    0x0, 0x86, 0xbb, 0x94, 0x20, 0x1f, 0xb5, 0x22,
    0x56, 0x0, 0x3e, 0x33, 0x33, 0x1d, 0x10, 0x1,
    0xf3, 0x86, 0x0, 0x4c, 0x1, 0xf2, 0x81, 0x2,
    0xa4, 0x0, 0x7c, 0x27, 0xb1, 0x78, 0x60, 0x1f,
    0x99, 0x17, 0xcc, 0x2, 0x67, 0x0, 0xd, 0xa9,
    0x92, 0x80, 0x43, 0x3a, 0x0, 0xa4, 0xbc, 0x3b,
    0x30, 0x3, 0x4, 0x81, 0x22, 0xa0, 0x69, 0x62,
    0x14, 0x29, 0x80, 0x81, 0x80, 0x7, 0xe, 0xfc,
    0x6c, 0x0, 0x60, 0xe2, 0x0, 0x1e, 0x2, 0x32,
    0x0, 0xa4, 0x7a, 0x5e, 0xb4, 0x5c, 0xf3, 0x2,
    0xd, 0x88, 0xf2, 0xcf, 0xd1, 0xee, 0x22,

    /* U+0027 "'" */
    0x3f, 0xb1, 0x0, 0x18, 0x8, 0x80, 0x80, 0x7c,
    0x1c, 0xc0,

    /* U+0028 "(" */
    0x0, 0xfd, 0x34, 0x0, 0x26, 0xf0, 0x5, 0x92,
    0x80, 0x1a, 0x80, 0xa, 0xa, 0x0, 0xc2, 0x20,
    0x1, 0x1c, 0x2, 0x22, 0x0, 0x6f, 0x0, 0x10,
    0x8, 0x0, 0xc0, 0x30, 0x80, 0x80, 0x6f, 0x0,
    0x8c, 0xc0, 0x12, 0x28, 0x5, 0x82, 0x60, 0x4,
    0x1b, 0x0, 0xa5, 0x80, 0x27, 0x7, 0x0, 0xa0,
    0x0,

    /* U+0029 ")" */
    0x0, 0xf7, 0x28, 0x4, 0xf0, 0x1, 0x41, 0x28,
    0x0, 0x53, 0x80, 0x2e, 0x41, 0x0, 0x20, 0x20,
    0x0, 0x45, 0x80, 0x12, 0x90, 0x4, 0x2c, 0x1,
    0x19, 0x80, 0x31, 0x80, 0x46, 0x20, 0x13, 0x38,
    0x4, 0x66, 0x0, 0x10, 0x60, 0x1, 0x41, 0x0,
    0x16, 0xa0, 0x3, 0x34, 0x80, 0x21, 0xc, 0x0,
    0x30, 0x0,

    /* U+002A "*" */
    0x0, 0xb8, 0xc0, 0x3c, 0x2c, 0x2, 0x11, 0xf6,
    0x11, 0xd8, 0x11, 0x4c, 0x5, 0x38, 0x0, 0x43,
    0x20, 0x31, 0x0, 0x41, 0xeb, 0xd0, 0x5, 0x18,
    0x11, 0xa0, 0x0,

    /* U+002B "+" */
    0x0, 0xc5, 0xe8, 0x1, 0xff, 0xcf, 0x11, 0x98,
    0x4, 0x70, 0x1f, 0x75, 0x61, 0x5d, 0xd2, 0x9d,
    0xdd, 0x21, 0x17, 0x72, 0x2, 0x26, 0x3, 0x44,
    0x84, 0x3, 0xff, 0xaa,

    /* U+002C "," */
    0x6, 0x50, 0x59, 0xa2, 0x72, 0x7, 0x2d, 0x1,
    0x8, 0x14, 0xa7, 0xa0, 0xcd, 0x40,

    /* U+002D "-" */
    0x1, 0x1e, 0x1, 0xee, 0xe0, 0x1b, 0xbe, 0x0,

    /* U+002E "." */
    0x19, 0x60, 0x66, 0x48, 0x29, 0x30, 0x0,

    /* U+002F "/" */
    0x0, 0xf7, 0x30, 0x7, 0x20, 0xb8, 0x7, 0x69,
    0x88, 0x7, 0x3d, 0x80, 0x71, 0x8a, 0x80, 0x75,
    0x99, 0x0, 0x72, 0xd8, 0x7, 0x11, 0x14, 0x3,
    0x94, 0x88, 0x1, 0xd6, 0xa0, 0x1c, 0x27, 0x60,
    0x1c, 0xe2, 0x60, 0x1d, 0xae, 0x1, 0xc2, 0x9a,
    0x1, 0xc8, 0x8, 0x1, 0xde, 0xa0, 0x1e, 0x5f,
    0x0, 0xe4, 0x5, 0x0, 0xed, 0x40, 0xf, 0x0,

    /* U+0030 "0" */
    0x0, 0x36, 0x7e, 0x38, 0x6, 0x79, 0x8, 0x78,
    0x90, 0x0, 0xc1, 0xe3, 0xda, 0xb1, 0x84, 0x84,
    0x0, 0x50, 0x12, 0x6, 0x8, 0x1, 0x11, 0x1c,
    0x18, 0x40, 0x38, 0x48, 0x8, 0x80, 0x1c, 0xc0,
    0x20, 0x1f, 0xe2, 0x20, 0x7, 0x30, 0xb, 0x8,
    0x7, 0x11, 0x3, 0x1, 0x0, 0x22, 0x14, 0x6,
    0x8, 0x0, 0xa0, 0x28, 0x6, 0xf, 0x23, 0x15,
    0x8c, 0x0, 0xf2, 0xe, 0x11, 0x20, 0x0,

    /* U+0031 "1" */
    0x0, 0x24, 0xfe, 0x80, 0x69, 0xb6, 0x0, 0xf4,
    0xf7, 0x0, 0x3e, 0x11, 0x0, 0x7f, 0xff, 0xc0,
    0x2, 0xef, 0x1, 0xbb, 0x98, 0xa2, 0x20, 0x18,
    0x85, 0x0,

    /* U+0032 "2" */
    0x0, 0x25, 0xf7, 0x31, 0x40, 0x33, 0xdb, 0x3b,
    0x8a, 0xa0, 0x2, 0xc7, 0xd9, 0x97, 0xb, 0x88,
    0x2, 0xe0, 0x3, 0x30, 0x28, 0x7, 0xef, 0x0,
    0xff, 0x60, 0x28, 0x7, 0xc4, 0x86, 0x20, 0x1f,
    0x48, 0x78, 0x7, 0xce, 0x8e, 0x60, 0x1e, 0x68,
    0x48, 0x0, 0xf2, 0xc9, 0xd8, 0x7, 0x9e, 0x93,
    0x0, 0x3d, 0x30, 0x7, 0x11, 0xc0, 0x2c, 0x0,
    0x77, 0xf0, 0x80,

    /* U+0033 "3" */
    0x0, 0x1d, 0x6f, 0xeb, 0x80, 0x4f, 0x8e, 0x8e,
    0x31, 0x80, 0x5, 0x9d, 0x98, 0xc4, 0x34, 0x2,
    0x60, 0xd, 0xa0, 0x40, 0x1f, 0x68, 0x28, 0x6,
    0x25, 0xb4, 0x73, 0x0, 0x9b, 0x69, 0x26, 0x0,
    0x32, 0x54, 0x1c, 0xd0, 0x6, 0x25, 0x7c, 0x85,
    0x80, 0xf, 0x9c, 0x14, 0x3, 0xf8, 0xc7, 0x14,
    0x3, 0x38, 0x20, 0x3d, 0x6d, 0x46, 0x40, 0xd8,
    0xdc, 0x8a, 0x38, 0xbf, 0x88,

    /* U+0034 "4" */
    0x0, 0xf6, 0xfc, 0x0, 0x7d, 0x4, 0x1, 0xf8,
    0xdd, 0x80, 0x3f, 0x70, 0xd0, 0x7, 0xd0, 0x56,
    0x1, 0xf1, 0xbb, 0x28, 0x7, 0xdc, 0x32, 0x1,
    0xf4, 0x15, 0x0, 0x7c, 0x6e, 0xaa, 0x11, 0x38,
    0x8, 0x82, 0x81, 0x7b, 0xab, 0x6, 0xe7, 0xbb,
    0xf4, 0x2, 0xda, 0x92, 0x27, 0x80, 0x90, 0x80,
    0x3f, 0xf9, 0x40,

    /* U+0035 "5" */
    0x0, 0x6f, 0xff, 0x90, 0x2, 0x31, 0x77, 0xe6,
    0x0, 0x85, 0x62, 0x38, 0x80, 0x31, 0x0, 0x7e,
    0x20, 0x10, 0xf, 0xc2, 0x9, 0xdf, 0xeb, 0x20,
    0x8, 0x44, 0xd1, 0x4c, 0x9a, 0x40, 0x2, 0xea,
    0x65, 0x99, 0x4, 0x80, 0x7e, 0x60, 0x50, 0xf,
    0xe2, 0x10, 0xf, 0xc2, 0x46, 0x3, 0x88, 0x1,
    0xac, 0x2c, 0x2, 0xbd, 0x99, 0x6a, 0xa3, 0x80,
    0xe4, 0x8b, 0xb0, 0xcd, 0x80, 0x0,

    /* U+0036 "6" */
    0x0, 0xa3, 0x3f, 0x20, 0x2, 0x2d, 0x77, 0x99,
    0xe8, 0x1, 0xc5, 0x76, 0x8a, 0xda, 0x4, 0x37,
    0x40, 0x8, 0x80, 0x18, 0x14, 0x1, 0xf1, 0x81,
    0xcf, 0x7e, 0xa8, 0x1, 0x87, 0xe, 0xe4, 0x29,
    0x80, 0x3, 0x74, 0xad, 0xa3, 0x0, 0xc0, 0xc0,
    0x19, 0xc4, 0x44, 0x2, 0x1, 0x84, 0xb, 0x1,
    0xc0, 0x31, 0x1, 0xa9, 0x40, 0x80, 0x9, 0x50,
    0x1, 0x23, 0xf1, 0xc, 0x9, 0x0, 0x26, 0xa3,
    0x31, 0x38, 0x80,

    /* U+0037 "7" */
    0xf, 0xff, 0xe2, 0x7, 0x7f, 0x30, 0x11, 0x2,
    0x23, 0xc2, 0x1c, 0x1, 0xf1, 0xbc, 0x18, 0x7,
    0xde, 0x2e, 0x1, 0xf1, 0x9a, 0x40, 0x3f, 0x48,
    0x30, 0x7, 0xe5, 0x41, 0x0, 0xf9, 0x0, 0xc0,
    0x3f, 0x18, 0x60, 0x7, 0xec, 0x6, 0x0, 0xfc,
    0xe0, 0x40, 0x1f, 0x88, 0x3, 0xfc, 0x22, 0x0,
    0xe0,

    /* U+0038 "8" */
    0x0, 0x9f, 0x7f, 0x64, 0x40, 0x35, 0x43, 0xca,
    0xb7, 0x80, 0x44, 0xad, 0x4d, 0x14, 0x2e, 0x0,
    0x70, 0xc0, 0x9, 0x43, 0x80, 0xe, 0x4, 0x1,
    0x8, 0x70, 0x0, 0x9e, 0x10, 0x0, 0xe2, 0xc0,
    0x14, 0x2d, 0xd9, 0x6f, 0x4, 0x2, 0x74, 0xa3,
    0xb2, 0x50, 0x9, 0xe3, 0x16, 0x39, 0x62, 0x0,
    0x9, 0x52, 0x0, 0xa8, 0x9c, 0x0, 0x26, 0x1,
    0xc8, 0x4, 0x6, 0xe4, 0x1, 0x9c, 0x48, 0x3c,
    0x72, 0x19, 0xf4, 0x6c, 0x0, 0x7a, 0xeb, 0x34,
    0xf8, 0xa0,

    /* U+0039 "9" */
    0x0, 0x15, 0x77, 0x2d, 0x0, 0x31, 0x6a, 0x34,
    0xbd, 0xb0, 0x5, 0x21, 0x90, 0xf8, 0xb2, 0x20,
    0x4, 0x41, 0x0, 0x50, 0x12, 0x2, 0x2, 0x1,
    0x88, 0x88, 0x2, 0x27, 0x0, 0xc4, 0x64, 0x0,
    0x92, 0xa3, 0x26, 0xc0, 0x10, 0x3, 0xb9, 0x73,
    0x6f, 0x48, 0x3, 0x47, 0xe7, 0x69, 0x91, 0x0,
    0x38, 0xc4, 0x8, 0x5c, 0x3, 0xf5, 0x87, 0x80,
    0x5, 0x40, 0x24, 0x62, 0x50, 0x4, 0x56, 0x45,
    0xd8, 0x7c, 0x2, 0x98, 0x7, 0x66, 0x79, 0x0,
    0x0,

    /* U+003A ":" */
    0x2d, 0x90, 0x52, 0x60, 0x65, 0x90, 0x1a, 0x60,
    0xf, 0xfe, 0x28, 0xcb, 0x3, 0x32, 0x41, 0x49,
    0x80,

    /* U+003B ";" */
    0x2d, 0x90, 0x52, 0x60, 0x65, 0x90, 0x1a, 0x60,
    0xf, 0xfe, 0x33, 0x28, 0x2c, 0xd1, 0x39, 0x3,
    0x96, 0x80, 0x84, 0xa, 0x53, 0xd0, 0x66, 0xa0,
    0x0,

    /* U+003C "<" */
    0x0, 0xfc, 0x2c, 0x60, 0x1e, 0x4a, 0xe9, 0x70,
    0x8, 0x5f, 0x6d, 0xe3, 0x90, 0x16, 0xfa, 0x53,
    0x35, 0xc4, 0xe, 0x96, 0xba, 0x4c, 0x3, 0x12,
    0x8d, 0xc9, 0x80, 0x70, 0xd7, 0x4a, 0x66, 0xc1,
    0x0, 0x61, 0x7d, 0xc4, 0x7d, 0xc3, 0x0, 0xe3,
    0x9f, 0x90, 0x60, 0xf, 0xcd, 0x8a,

    /* U+003D "=" */
    0x3f, 0xff, 0xe5, 0x2a, 0xaf, 0xe4, 0x15, 0x5f,
    0xe1, 0x0, 0xff, 0xe0, 0x8, 0xff, 0x1, 0xf7,
    0x7f, 0x29, 0xdd, 0xff, 0x20,

    /* U+003E ">" */
    0x27, 0x10, 0xf, 0xc3, 0x1d, 0x68, 0x1, 0xe3,
    0xe9, 0x7b, 0xe8, 0x20, 0xc, 0x2d, 0x9a, 0xcc,
    0xdc, 0x50, 0xe, 0x28, 0xeb, 0x2a, 0x50, 0xe,
    0x38, 0xa1, 0x47, 0x0, 0xb, 0xee, 0x33, 0x3a,
    0xc8, 0x6f, 0xa1, 0xef, 0xa0, 0x40, 0x4, 0xd1,
    0xd4, 0x80, 0x1c, 0x7a, 0xe2, 0x1, 0xf0,

    /* U+003F "?" */
    0x0, 0x3e, 0xff, 0x48, 0x80, 0x2e, 0x19, 0xd5,
    0xb0, 0x1, 0xf9, 0x71, 0x6a, 0x48, 0x8, 0x60,
    0x16, 0x0, 0x80, 0x7b, 0x41, 0x0, 0x3a, 0x12,
    0x84, 0x3, 0x2b, 0xb9, 0x40, 0x30, 0xd9, 0xc0,
    0x7, 0x38, 0xc0, 0x7, 0x89, 0x94, 0x3, 0xc9,
    0x22, 0x1, 0xe4, 0xa2, 0x0, 0xf4, 0x2c, 0x0,
    0x7a, 0xc7, 0xc0, 0x20,

    /* U+0040 "@" */
    0x0, 0xe2, 0x7c, 0xef, 0xeb, 0x60, 0xf, 0xd3,
    0xb7, 0x6a, 0xb8, 0x28, 0xc3, 0x0, 0xc3, 0xa9,
    0x78, 0xe8, 0x86, 0x9f, 0x7c, 0x20, 0xb, 0x43,
    0x10, 0x3, 0xc3, 0x67, 0x20, 0x8, 0x3f, 0x10,
    0xf, 0xee, 0x44, 0xb, 0xc1, 0x0, 0x6, 0x77,
    0x1b, 0xc0, 0x4, 0x7a, 0xe0, 0xe0, 0x2, 0xf2,
    0x99, 0x88, 0x2, 0x62, 0xc5, 0x0, 0xa4, 0xad,
    0x14, 0xdc, 0x2, 0x20, 0x62, 0x0, 0x12, 0x40,
    0x4, 0x7a, 0x1, 0x11, 0x7, 0xc0, 0xe, 0xa,
    0x0, 0x10, 0x30, 0x9, 0xfc, 0x7c, 0x0, 0x60,
    0x19, 0x1, 0x80, 0xa, 0x6c, 0xc3, 0x0, 0x20,
    0x30, 0x24, 0x2, 0x2, 0x5d, 0x83, 0xd0, 0x80,
    0xa6, 0x3f, 0xd9, 0x10, 0xf9, 0xa5, 0x5, 0x3e,
    0x0, 0x37, 0xfa, 0xc5, 0xfb, 0xf5, 0x0, 0x2e,
    0x3a, 0x10, 0xf, 0xfe, 0x9, 0x5b, 0xfb, 0xa0,
    0x81, 0x35, 0x0, 0x7c, 0x9b, 0x37, 0x6e, 0xfd,
    0xac, 0x0, 0xfe, 0x7c, 0xfe, 0xdf, 0xc6, 0x0,
    0xe0,

    /* U+0041 "A" */
    0x0, 0xc5, 0xfe, 0x40, 0xf, 0xe5, 0x11, 0x70,
    0x7, 0xf5, 0x23, 0x28, 0x7, 0xe3, 0x2e, 0xb0,
    0x50, 0xf, 0xac, 0x10, 0xc7, 0x80, 0x3e, 0x65,
    0x0, 0x32, 0x8, 0x7, 0x20, 0xf0, 0x2, 0xc1,
    0xc0, 0x3b, 0x41, 0x84, 0x75, 0x0, 0x73, 0x6,
    0xf7, 0x34, 0x4c, 0x40, 0x25, 0x8, 0xbb, 0xd2,
    0xc, 0x1, 0x78, 0x3a, 0x26, 0x61, 0xa0, 0x0,
    0xaa, 0x0, 0x79, 0x8, 0x80, 0xe1, 0xa0, 0x1e,
    0xf0, 0xa0, 0xd0, 0x70, 0xf, 0x28, 0x30, 0x0,

    /* U+0042 "B" */
    0xff, 0xee, 0xb6, 0x0, 0xc3, 0x32, 0x87, 0x69,
    0xa0, 0x8, 0xd9, 0x8f, 0x3a, 0x6a, 0x40, 0x1f,
    0xac, 0x1c, 0x3, 0xf6, 0x83, 0x0, 0x42, 0x22,
    0x49, 0x56, 0x30, 0x1, 0x77, 0x36, 0xd9, 0x20,
    0x2, 0x1b, 0xba, 0x59, 0x7d, 0x0, 0x6, 0x89,
    0x34, 0xe0, 0x50, 0x7, 0xe2, 0x41, 0x20, 0xf,
    0xc2, 0x6, 0x1, 0xf2, 0xa1, 0x8, 0x1b, 0xbd,
    0x39, 0x43, 0xe0, 0x1, 0x88, 0x9c, 0x23, 0xc8,
    0x0,

    /* U+0043 "C" */
    0x0, 0x8a, 0x73, 0xfa, 0x88, 0x3, 0x3e, 0xb0,
    0xa9, 0x2e, 0xa0, 0x1, 0xa0, 0xb3, 0x6b, 0x39,
    0x54, 0x3, 0x1, 0x86, 0x1, 0xd, 0x8, 0x38,
    0xb8, 0x80, 0x7e, 0xf0, 0xc0, 0xf, 0xe5, 0x6,
    0x0, 0xff, 0xe4, 0xa8, 0x30, 0x7, 0xf7, 0x86,
    0x0, 0x7f, 0x38, 0x38, 0x80, 0x7e, 0x19, 0xc,
    0x20, 0x8, 0x6e, 0x40, 0xc, 0xe5, 0xba, 0xac,
    0xe4, 0xf0, 0xa, 0x31, 0x85, 0x49, 0x75, 0x80,

    /* U+0044 "D" */
    0xff, 0xdb, 0x70, 0x20, 0x18, 0x62, 0xe, 0xf7,
    0xb0, 0x4, 0x6e, 0xea, 0xcb, 0x9, 0x30, 0xf,
    0x92, 0x83, 0x80, 0x3f, 0x22, 0x8, 0xc0, 0x3f,
    0x18, 0x30, 0x7, 0xee, 0xd, 0x0, 0xff, 0x78,
    0x7, 0xee, 0x2, 0x0, 0xfc, 0x80, 0xc0, 0x1f,
    0x21, 0x9c, 0x1, 0xe5, 0xa0, 0xf0, 0x1, 0xbc,
    0x56, 0xd0, 0x51, 0x80, 0x6, 0x1d, 0x19, 0xfd,
    0x40, 0x0,

    /* U+0045 "E" */
    0xff, 0xfc, 0xe0, 0x2e, 0xfe, 0x40, 0x38, 0x8f,
    0x18, 0x7, 0xff, 0x1c, 0xa2, 0x38, 0xc0, 0x27,
    0x7e, 0x50, 0x1, 0x7f, 0xf3, 0x0, 0x7f, 0xf6,
    0x8a, 0x23, 0xcc, 0x0, 0x77, 0xf6, 0x0,

    /* U+0046 "F" */
    0xff, 0xfc, 0xe0, 0x2e, 0xfe, 0x40, 0x38, 0x8f,
    0x18, 0x7, 0xff, 0x40, 0xbf, 0xf9, 0xc0, 0x2,
    0xef, 0xc8, 0x0, 0x38, 0x8e, 0x30, 0xf, 0xff,
    0x10,

    /* U+0047 "G" */
    0x0, 0x86, 0x6f, 0xb9, 0x8a, 0x1, 0x9b, 0x99,
    0x56, 0x2a, 0xa0, 0x1, 0x64, 0x6f, 0xae, 0xdd,
    0x38, 0x3, 0x61, 0x88, 0x1, 0x99, 0x80, 0xc2,
    0xe4, 0x1, 0xfb, 0x3, 0x0, 0x3f, 0x9c, 0x18,
    0x2, 0x48, 0x8c, 0x40, 0x1e, 0xc7, 0x7c, 0xca,
    0xc, 0x1, 0x47, 0xfa, 0x40, 0x1e, 0x18, 0x1,
    0xfc, 0xe2, 0xe2, 0x1, 0xf8, 0x60, 0x3c, 0xc0,
    0x37, 0x0, 0x4d, 0x3, 0x9b, 0x54, 0xd7, 0x26,
    0x0, 0x3e, 0xb0, 0xab, 0xb4, 0xe9, 0x0,

    /* U+0048 "H" */
    0xfd, 0x0, 0xf2, 0x7c, 0x0, 0x7f, 0xf8, 0x4a,
    0x67, 0xde, 0x1, 0x99, 0xbc, 0x80, 0x11, 0x7f,
    0xfa, 0xc0, 0x3f, 0xff, 0x0,

    /* U+0049 "I" */
    0xfd, 0x0, 0xff, 0xe7, 0x0,

    /* U+004A "J" */
    0x0, 0xf0, 0xfe, 0x0, 0x7f, 0xff, 0xc0, 0x3f,
    0xf8, 0x4, 0xc, 0x39, 0x20, 0x15, 0x6, 0x8b,
    0xb6, 0xd6, 0x30, 0xb8, 0x5c, 0x2, 0x8a, 0xf8,
    0x0,

    /* U+004B "K" */
    0xfd, 0x0, 0xe6, 0xfb, 0x0, 0xf9, 0x24, 0xec,
    0x3, 0xc5, 0x63, 0xa0, 0x1e, 0x1c, 0xc, 0x10,
    0xf, 0x60, 0xd9, 0x0, 0x7a, 0xc9, 0x10, 0x1,
    0xea, 0x41, 0x44, 0x0, 0x71, 0x2a, 0xb0, 0x24,
    0x3, 0xc7, 0x44, 0xe4, 0xe0, 0x18, 0x74, 0x1,
    0x3, 0x4, 0x1, 0x18, 0x80, 0x56, 0x12, 0x1,
    0xf9, 0x51, 0xa, 0x1, 0xfa, 0x42, 0xc0, 0x3f,
    0x13, 0x8c, 0x0,

    /* U+004C "L" */
    0xfd, 0x0, 0xff, 0xff, 0x80, 0x7f, 0xf5, 0xa,
    0x23, 0xc4, 0x0, 0x77, 0xf3, 0x0,

    /* U+004D "M" */
    0xff, 0x30, 0x7, 0x8f, 0xfc, 0x60, 0xa, 0x0,
    0xf5, 0x80, 0x62, 0x32, 0x0, 0xe6, 0x20, 0x9,
    0x2, 0x80, 0x32, 0xa, 0x80, 0x66, 0x60, 0x6,
    0xe3, 0xe0, 0x8, 0xe8, 0x50, 0x0, 0x2b, 0x42,
    0x1, 0x8c, 0xb8, 0x0, 0xe0, 0xe0, 0x1e, 0xa5,
    0x10, 0xa5, 0x10, 0xf, 0x30, 0x39, 0x1f, 0x0,
    0x7c, 0x29, 0x4a, 0x28, 0x1, 0xfb, 0xce, 0x58,
    0x3, 0xf9, 0x4, 0x54, 0x1, 0xfe, 0xb8, 0x20,
    0xf, 0xf2, 0xb8, 0x7, 0x80,

    /* U+004E "N" */
    0xff, 0x18, 0x7, 0x27, 0xb0, 0x3, 0xc0, 0x3f,
    0x8c, 0xcc, 0x1, 0xf9, 0x52, 0x44, 0x3, 0xe3,
    0x90, 0xb0, 0xf, 0x84, 0x99, 0x50, 0x3, 0xce,
    0x10, 0x32, 0x1, 0xf8, 0x60, 0x9c, 0x3, 0xf3,
    0x1c, 0xb, 0x80, 0x7d, 0xc1, 0x62, 0x1, 0xf1,
    0x32, 0xb8, 0x7, 0xe9, 0x18, 0x0, 0xfe, 0xb2,
    0x0, 0xfe, 0x53, 0x0, 0x0,

    /* U+004F "O" */
    0x0, 0x92, 0xb7, 0xf2, 0x48, 0x3, 0xa2, 0xd4,
    0x54, 0x5b, 0x5c, 0x2, 0x77, 0x16, 0xe5, 0x6e,
    0xc, 0x20, 0xc, 0x6, 0x10, 0x4, 0x78, 0x12,
    0xc, 0xe, 0x20, 0x1c, 0x4a, 0x49, 0xc1, 0x80,
    0x1f, 0x60, 0x1a, 0x83, 0x0, 0x7c, 0x41, 0xc0,
    0x1f, 0xfc, 0x15, 0x6, 0x0, 0xf8, 0x83, 0xb8,
    0x18, 0x1, 0xf6, 0x81, 0xb0, 0x38, 0x80, 0x71,
    0xa1, 0x20, 0xc0, 0x61, 0x0, 0x47, 0xa1, 0x20,
    0x7, 0x71, 0x6e, 0x56, 0xe0, 0xca, 0x0, 0x51,
    0x8a, 0x2a, 0x2d, 0xac, 0x0,

    /* U+0050 "P" */
    0xff, 0xed, 0xb5, 0x0, 0x86, 0x20, 0xe8, 0xb5,
    0x60, 0x3, 0x77, 0x44, 0xf2, 0x21, 0x40, 0x3e,
    0xf0, 0xc0, 0xf, 0x9c, 0x3, 0xfa, 0x83, 0xc0,
    0xc8, 0xa4, 0xa6, 0x36, 0x1, 0xdd, 0xad, 0x5b,
    0x40, 0x3, 0x54, 0xbc, 0xf9, 0x10, 0x1, 0xaa,
    0x90, 0xc0, 0x3f, 0xfc, 0x0,

    /* U+0051 "Q" */
    0x0, 0x8e, 0xbb, 0xfa, 0x48, 0x3, 0x9b, 0x14,
    0xd4, 0xdb, 0x14, 0x2, 0x59, 0x1d, 0xd5, 0x6d,
    0x8d, 0x18, 0x2, 0xc3, 0x8, 0x2, 0x4b, 0x8,
    0x6, 0x15, 0x20, 0xe, 0x43, 0x43, 0xe0, 0xf0,
    0xf, 0xac, 0x14, 0xc1, 0xc0, 0x3e, 0x20, 0xe7,
    0x3, 0x0, 0xf8, 0x40, 0x9c, 0xc, 0x3, 0xe1,
    0x2, 0x20, 0x30, 0x7, 0xc4, 0x1d, 0xe1, 0xa0,
    0x1f, 0x60, 0x2b, 0xb, 0x8, 0x7, 0x1a, 0x19,
    0x82, 0x43, 0x44, 0x2, 0x2e, 0x8, 0x0, 0x3b,
    0x8f, 0xe5, 0xeb, 0x4a, 0x50, 0x2, 0x8a, 0x56,
    0x85, 0x56, 0x30, 0x7, 0x2d, 0xe0, 0x15, 0x98,
    0x7, 0xe3, 0x62, 0xc5, 0x20, 0x10, 0xf, 0x4c,
    0x15, 0x6f, 0xe0, 0x7, 0xcf, 0xd5, 0x11, 0x0,

    /* U+0052 "R" */
    0xff, 0xee, 0xc6, 0x0, 0xc3, 0x11, 0x38, 0xce,
    0x0, 0x46, 0xef, 0x4e, 0xa9, 0xb0, 0x7, 0xe9,
    0xf, 0x0, 0xff, 0x18, 0x7, 0xeb, 0xd, 0x0,
    0x19, 0x14, 0x92, 0xe2, 0xe0, 0x1, 0xdd, 0xad,
    0x93, 0xc0, 0x21, 0xaa, 0x38, 0x2d, 0x88, 0x4,
    0x6a, 0xa8, 0x35, 0x40, 0xf, 0xdc, 0x14, 0x1,
    0xf8, 0x9c, 0x60, 0x3, 0xf4, 0x13, 0x98, 0x7,
    0xe9, 0xf, 0x0,

    /* U+0053 "S" */
    0x0, 0x92, 0xfb, 0xee, 0x0, 0x39, 0xed, 0x15,
    0x4c, 0xfc, 0x60, 0x1, 0x82, 0xeb, 0xad, 0xc4,
    0x20, 0x2, 0x82, 0x8, 0x4, 0x74, 0x20, 0x6,
    0x4, 0x0, 0xfe, 0x26, 0x2e, 0x60, 0xf, 0xd3,
    0x41, 0x3f, 0x24, 0x1, 0xe5, 0xea, 0x46, 0xd9,
    0x0, 0xf9, 0x6f, 0xd, 0xa4, 0x3, 0xf1, 0xe0,
    0x38, 0x7, 0xf8, 0x44, 0x0, 0xae, 0x40, 0xc,
    0xc2, 0x80, 0xe, 0xb, 0xeb, 0xad, 0x91, 0x90,
    0x2, 0x7b, 0x9a, 0x28, 0xbf, 0x90, 0x0,

    /* U+0054 "T" */
    0x5f, 0xff, 0xf2, 0xb3, 0xbe, 0x0, 0x3b, 0xe6,
    0x38, 0x8c, 0x22, 0x88, 0xc6, 0x1, 0xff, 0xff,
    0x0, 0xff, 0xf6, 0x80,

    /* U+0055 "U" */
    0xf, 0xc0, 0xf, 0x27, 0xb8, 0x7, 0xff, 0xfc,
    0x3, 0xfe, 0x10, 0xf, 0x8, 0x6, 0x20, 0xf,
    0x10, 0x10, 0x20, 0x20, 0x7, 0x58, 0x38, 0x78,
    0x48, 0x80, 0x4e, 0x68, 0x40, 0x8c, 0x5d, 0x75,
    0xb0, 0x32, 0x1, 0x4d, 0x1a, 0xa8, 0x1f, 0xc8,
    0x0,

    /* U+0056 "V" */
    0xdf, 0x10, 0xf, 0x47, 0xad, 0x3, 0x80, 0x79,
    0x41, 0x54, 0x1a, 0x1, 0xc4, 0x45, 0x2, 0x22,
    0x8, 0x6, 0x50, 0xf0, 0x5, 0x2, 0x0, 0x6b,
    0x5, 0x0, 0x28, 0x78, 0x4, 0x26, 0xa0, 0x11,
    0x1a, 0x80, 0x4e, 0x1e, 0x1, 0xac, 0x14, 0x1,
    0xa0, 0xa0, 0x19, 0x43, 0x0, 0x8, 0xa0, 0x1c,
    0x46, 0xe0, 0xa1, 0xe0, 0x1e, 0xb1, 0x3f, 0x5,
    0x0, 0xf2, 0x85, 0x22, 0x80, 0x7c, 0x46, 0xc3,
    0xe0, 0x1f, 0xac, 0x0, 0xa0, 0x18,

    /* U+0057 "W" */
    0x6f, 0x80, 0xc, 0x5f, 0xa0, 0x1d, 0xbc, 0x8,
    0x6, 0x1, 0x90, 0x8, 0x40, 0x31, 0x28, 0x10,
    0xa8, 0x6, 0xc2, 0x4, 0x0, 0x90, 0x30, 0x0,
    0xa2, 0x20, 0x9, 0x28, 0x70, 0x2, 0x30, 0x30,
    0x6, 0x2, 0x0, 0xc, 0x51, 0x5c, 0x2, 0xd0,
    0x40, 0x1, 0x86, 0x80, 0x10, 0xf, 0x4, 0x80,
    0xe, 0x40, 0x12, 0x1, 0x80, 0x30, 0xc1, 0x1,
    0x0, 0x49, 0x0, 0x31, 0x28, 0x1, 0x2c, 0xc,
    0x70, 0x14, 0x3c, 0x3, 0x20, 0x88, 0xc1, 0x0,
    0x8, 0x80, 0x30, 0x40, 0xd, 0xe0, 0x88, 0x3,
    0x0, 0x60, 0x96, 0x81, 0x0, 0x64, 0xd, 0xc4,
    0x0, 0x90, 0x11, 0xcc, 0x3, 0x88, 0x4d, 0x70,
    0x2, 0x21, 0xc2, 0x40, 0xf, 0x2a, 0xa, 0x0,
    0x64, 0x50, 0xd0, 0xf, 0x60, 0x9, 0x80, 0x6f,
    0x0, 0x20, 0x4,

    /* U+0058 "X" */
    0x1f, 0xe0, 0xe, 0x5f, 0x80, 0x18, 0x17, 0x0,
    0xd6, 0x30, 0x0, 0x72, 0x81, 0x0, 0x38, 0xc0,
    0x6, 0x90, 0x80, 0x18, 0x36, 0x0, 0xc8, 0x86,
    0x29, 0xf, 0x0, 0xf4, 0x87, 0x3a, 0x98, 0x7,
    0x89, 0x8c, 0x2c, 0x3, 0xf2, 0x80, 0x8, 0x3,
    0xe6, 0x39, 0xe, 0x0, 0xf0, 0xc1, 0xb4, 0x13,
    0x0, 0x74, 0xc, 0x3, 0x8c, 0x88, 0x4, 0x6c,
    0x88, 0x0, 0x58, 0x58, 0x5, 0xe1, 0x20, 0x12,
    0x9a, 0x98, 0x29, 0xb1, 0x0, 0x6f, 0xe, 0x0,

    /* U+0059 "Y" */
    0xc, 0xf2, 0x0, 0xe8, 0xf6, 0xf, 0x8, 0x0,
    0xe7, 0x26, 0x3, 0x45, 0x20, 0x9, 0xc2, 0x0,
    0x28, 0xb, 0x0, 0xa4, 0x94, 0x2, 0x34, 0x61,
    0x6, 0x18, 0x0, 0xe8, 0x8, 0x8, 0x35, 0x0,
    0xe3, 0x46, 0x71, 0x80, 0xf, 0xa4, 0x20, 0xd0,
    0x3, 0xe2, 0x40, 0x80, 0xf, 0xe2, 0x7, 0x0,
    0xff, 0xf4, 0x0,

    /* U+005A "Z" */
    0x4f, 0xff, 0xe0, 0x67, 0x7f, 0x20, 0x20, 0x14,
    0x47, 0x98, 0x68, 0x3, 0xe9, 0x2b, 0x10, 0xf,
    0x23, 0x2a, 0x80, 0x3c, 0x34, 0x36, 0x1, 0xf5,
    0x8d, 0x88, 0x7, 0x95, 0x70, 0x7, 0x86, 0xc6,
    0xc0, 0x3e, 0xa1, 0xa1, 0x0, 0xf2, 0xa3, 0x20,
    0x7, 0x86, 0x8a, 0x40, 0x3e, 0xa0, 0x18, 0x8f,
    0x85, 0x0, 0xdd, 0xfe, 0x0,

    /* U+005B "[" */
    0xdf, 0xf8, 0x41, 0xff, 0xc2, 0x1e, 0x1, 0xff,
    0xff, 0x0, 0xd1, 0xdc, 0x1c, 0xef, 0xf0, 0x80,

    /* U+005C "\\" */
    0x8c, 0x0, 0xf5, 0x98, 0x80, 0x71, 0x8b, 0x80,
    0x79, 0xf4, 0x3, 0xda, 0x80, 0x1e, 0x40, 0x50,
    0xf, 0x2f, 0x80, 0x7b, 0xd4, 0x3, 0xca, 0x8,
    0x1, 0xe4, 0xd0, 0xf, 0x6b, 0x80, 0x79, 0xc4,
    0xc0, 0x38, 0x4e, 0xc0, 0x3d, 0x6a, 0x1, 0xe5,
    0x22, 0x0, 0x71, 0x11, 0x40, 0x3c, 0xb6, 0x1,
    0xeb, 0x31, 0x0, 0xe3, 0x27,

    /* U+005D "]" */
    0x4f, 0xfa, 0x93, 0xfc, 0x80, 0x1f, 0xff, 0xf0,
    0xf, 0x27, 0x71, 0x1, 0x3f, 0xdd, 0x60,

    /* U+005E "^" */
    0x0, 0x89, 0xcc, 0x3, 0xd1, 0xf, 0x0, 0xe1,
    0x55, 0x19, 0x0, 0x66, 0xb, 0x1a, 0x0, 0xd4,
    0xa2, 0xcc, 0x0, 0x90, 0xb8, 0x28, 0x54, 0x1,
    0xc2, 0x80, 0x47, 0x20, 0x2a, 0xc0, 0x15, 0x19,
    0x30, 0x50, 0x4, 0xe1, 0x60,

    /* U+005F "_" */
    0xbf, 0xff, 0xee, 0x9d, 0xdf, 0xec,

    /* U+0060 "`" */
    0x0, 0xfa, 0x6c, 0x3, 0x92, 0x80, 0x29, 0x75,
    0x70, 0xa, 0x1e, 0x4, 0x2, 0x8d, 0x10,

    /* U+0061 "a" */
    0x1, 0x8b, 0xee, 0x50, 0x81, 0x73, 0x83, 0x2a,
    0xbc, 0xa, 0x7a, 0xe2, 0xd8, 0x54, 0x18, 0x40,
    0x2a, 0xd, 0x0, 0x8d, 0xeb, 0x80, 0x81, 0x77,
    0x30, 0x54, 0x0, 0x4a, 0x6e, 0xb8, 0x50, 0x7,
    0x5, 0x88, 0x7, 0x8, 0x8, 0x5, 0x60, 0xd,
    0xc, 0x89, 0xe2, 0x0, 0x34, 0x3, 0x94, 0x58,
    0x80,

    /* U+0062 "b" */
    0x2f, 0xa0, 0xf, 0xff, 0x59, 0x4e, 0xf5, 0x90,
    0x6, 0x7d, 0x54, 0x54, 0xd3, 0x0, 0x8a, 0xb2,
    0x6e, 0x82, 0x0, 0x25, 0x50, 0x4, 0xa4, 0x82,
    0x1, 0xf9, 0xc0, 0x80, 0x3f, 0x18, 0x38, 0x7,
    0xe2, 0x6, 0x0, 0xf8, 0x50, 0x8, 0x0, 0xe4,
    0x1, 0x40, 0x38, 0x4, 0x7b, 0x53, 0xac, 0x70,
    0x1, 0x5d, 0x85, 0x81, 0xf0, 0x0,

    /* U+0063 "c" */
    0x0, 0x15, 0x6f, 0x5a, 0x80, 0x17, 0x55, 0x9d,
    0xa8, 0x89, 0x43, 0x97, 0x3b, 0x85, 0x61, 0x6,
    0x1, 0x18, 0x28, 0x38, 0x7, 0x88, 0x4, 0x3,
    0xc4, 0x2, 0x1, 0xe5, 0x4, 0x0, 0xf5, 0x85,
    0x90, 0x4, 0x80, 0x50, 0x3b, 0x51, 0x96, 0xc0,
    0xf8, 0x88, 0x67, 0xa6,

    /* U+0064 "d" */
    0x0, 0xf9, 0x3e, 0x0, 0x3f, 0xfb, 0xc9, 0x7d,
    0xb2, 0x1, 0x9e, 0xd1, 0x35, 0x80, 0xa, 0x7,
    0x6a, 0x75, 0xc0, 0x16, 0x10, 0x40, 0x16, 0x0,
    0x14, 0x1c, 0x3, 0xe2, 0x1, 0x0, 0xf8, 0x80,
    0x3f, 0x98, 0x10, 0x3, 0xee, 0x8, 0x10, 0x0,
    0xc0, 0x1, 0x14, 0xfe, 0x6b, 0xc0, 0x35, 0x41,
    0x33, 0x23, 0x0, 0x0,

    /* U+0065 "e" */
    0x0, 0x1d, 0xf7, 0x28, 0x80, 0x26, 0xc6, 0x69,
    0x30, 0x80, 0xa4, 0xf6, 0x21, 0xe3, 0x1, 0x61,
    0xe0, 0x10, 0xb2, 0x82, 0x89, 0x80, 0x6e, 0x2,
    0x20, 0xff, 0xf4, 0x0, 0x90, 0x66, 0x7c, 0x6a,
    0x2, 0x67, 0xe0, 0xb0, 0xe1, 0x0, 0xf1, 0x49,
    0xfc, 0xbc, 0xf4, 0x0, 0x1b, 0x11, 0x10, 0xad,
    0x20,

    /* U+0066 "f" */
    0x0, 0x9f, 0x7f, 0x0, 0x26, 0x81, 0x84, 0x0,
    0xb4, 0x39, 0xe0, 0x2, 0x60, 0x20, 0xf, 0xf9,
    0x7c, 0x83, 0xfc, 0x80, 0xf0, 0x21, 0x10, 0x50,
    0x27, 0x30, 0x77, 0x8, 0x7, 0xff, 0xd4,

    /* U+0067 "g" */
    0x0, 0x46, 0xff, 0xf6, 0x6, 0x3a, 0x53, 0x1,
    0x4c, 0x29, 0xbc, 0xac, 0xb9, 0x2a, 0x68, 0x58,
    0x5, 0x80, 0xa1, 0xa0, 0xa0, 0x11, 0x1, 0x2,
    0x94, 0x20, 0x24, 0x1a, 0x0, 0x20, 0x6f, 0xed,
    0x34, 0x0, 0x35, 0x3f, 0xbf, 0x42, 0x0, 0x50,
    0x30, 0x20, 0xe, 0x50, 0xb8, 0x77, 0x94, 0x40,
    0x58, 0x5a, 0x22, 0xae, 0x56, 0x66, 0xf7, 0xfd,
    0x41, 0x16, 0x84, 0x1, 0x94, 0x8c, 0x18, 0x3,
    0x90, 0x9e, 0xcb, 0x19, 0x16, 0x6c, 0xe5, 0xad,
    0xe2, 0xe0, 0xab, 0x0,

    /* U+0068 "h" */
    0x2f, 0xa0, 0xf, 0xff, 0x3c, 0xf7, 0x2c, 0x80,
    0x26, 0xd7, 0x42, 0x4c, 0x0, 0x8d, 0x7a, 0xb1,
    0x5, 0x0, 0x9, 0x0, 0x16, 0x81, 0x0, 0x4,
    0x3, 0x10, 0x70, 0x7, 0xff, 0xc0,

    /* U+0069 "i" */
    0x2e, 0x96, 0x14, 0x46, 0x60, 0xc, 0x40, 0x22,
    0xfa, 0x0, 0xff, 0xe9, 0x0,

    /* U+006A "j" */
    0x0, 0x17, 0x48, 0x1, 0x85, 0x0, 0x9, 0x98,
    0x0, 0x8c, 0x40, 0x3e, 0x2f, 0xa0, 0xf, 0xff,
    0x93, 0x81, 0x2b, 0xc0, 0x5f, 0xc0, 0x49, 0x80,

    /* U+006B "k" */
    0x2f, 0xa0, 0xf, 0xff, 0x49, 0x7e, 0x88, 0x7,
    0xbc, 0x3c, 0x40, 0x3a, 0x8a, 0x88, 0x3, 0x9d,
    0x61, 0x40, 0x39, 0x20, 0x5c, 0x3, 0x9a, 0x84,
    0x4c, 0x1, 0xc6, 0x1e, 0x50, 0x20, 0x1d, 0xa3,
    0xc3, 0x60, 0x19, 0x4c, 0xd, 0x54, 0x80, 0x1f,
    0x58, 0x48, 0x7, 0xc3, 0x5, 0x0,

    /* U+006C "l" */
    0x2f, 0xa0, 0xf, 0xff, 0x38, 0x81, 0x2, 0xa8,
    0x20, 0x7c,

    /* U+006D "m" */
    0x2f, 0x61, 0xae, 0xe5, 0x0, 0x13, 0x3f, 0x54,
    0x2, 0xcc, 0x3a, 0x1a, 0xc3, 0x5b, 0xa9, 0x51,
    0x80, 0x15, 0x5b, 0x58, 0x2f, 0x1b, 0x75, 0x21,
    0x40, 0x4, 0x80, 0x0, 0xa0, 0x51, 0x0, 0x1c,
    0x8, 0x0, 0x20, 0x18, 0xc1, 0xc0, 0x21, 0x7,
    0x0, 0xff, 0xff, 0x80, 0x7f, 0xf2, 0x40,

    /* U+006E "n" */
    0x2f, 0x60, 0x9e, 0xe5, 0x90, 0x5, 0x9a, 0xe8,
    0x49, 0x80, 0x12, 0xab, 0xab, 0x10, 0x50, 0x0,
    0x90, 0x1, 0x68, 0x10, 0x0, 0x40, 0x31, 0x7,
    0x0, 0x7f, 0xfc, 0x0,

    /* U+006F "o" */
    0x0, 0x1d, 0x77, 0x2d, 0x0, 0x33, 0x62, 0x21,
    0xd6, 0xe0, 0x0, 0x52, 0x5f, 0x53, 0xe6, 0xe6,
    0x16, 0x10, 0x20, 0x1, 0xf0, 0x80, 0x50, 0x40,
    0xc, 0x62, 0xa0, 0x40, 0x20, 0x1c, 0x62, 0x4,
    0x1, 0xf1, 0x88, 0x28, 0x28, 0x6, 0x31, 0x50,
    0xb0, 0x81, 0x0, 0xbc, 0x3c, 0xa, 0x4b, 0xe6,
    0x5c, 0x6e, 0x80, 0x6, 0xc5, 0x77, 0x2d, 0xc0,
    0x0,

    /* U+0070 "p" */
    0x2f, 0x62, 0x9d, 0xeb, 0x20, 0xd, 0x5a, 0xa8,
    0xa9, 0xa6, 0x1, 0x1d, 0x64, 0xdd, 0x4, 0x0,
    0x4a, 0xa0, 0x9, 0x49, 0x4, 0x3, 0xf3, 0x81,
    0x0, 0x7e, 0x30, 0x70, 0xf, 0xc4, 0xc, 0x1,
    0xf0, 0xa0, 0x10, 0x1, 0xc8, 0x2, 0x80, 0x70,
    0x8, 0xb6, 0xa7, 0x58, 0xe0, 0x2, 0x5b, 0x66,
    0x3, 0xe0, 0x7, 0x26, 0x7e, 0xc0, 0x7, 0xff,
    0x8c,

    /* U+0071 "q" */
    0x0, 0x25, 0xf6, 0xc8, 0xfc, 0x3, 0xda, 0x26,
    0xe0, 0x1, 0x40, 0xed, 0x4e, 0xb8, 0x2, 0xc2,
    0x8, 0x2, 0xc0, 0x2, 0x83, 0x80, 0x7c, 0x40,
    0x20, 0x1f, 0x10, 0x7, 0xf3, 0x2, 0x0, 0x7d,
    0xc1, 0x2, 0x0, 0x18, 0x0, 0x22, 0x9f, 0xcd,
    0x78, 0x80, 0x55, 0x4, 0xcc, 0x8e, 0x0, 0xcf,
    0x9f, 0x8c, 0xe0, 0x1f, 0xfd, 0xe0,

    /* U+0072 "r" */
    0x2f, 0x61, 0xbf, 0xb0, 0x0, 0xeb, 0x2e, 0x80,
    0x21, 0xb6, 0x98, 0x0, 0x36, 0x1, 0xca, 0x20,
    0x1c, 0x20, 0x1f, 0xfd, 0xb0,

    /* U+0073 "s" */
    0x0, 0x26, 0x77, 0x2d, 0x0, 0x9, 0x63, 0x2c,
    0xf6, 0x21, 0xc1, 0x8f, 0x19, 0xa2, 0x1, 0x10,
    0x4, 0x40, 0x9, 0xc, 0xa3, 0x0, 0xc7, 0xce,
    0xb9, 0x66, 0x1, 0xc, 0x74, 0x26, 0x18, 0x6,
    0x17, 0xb0, 0xb0, 0x61, 0x0, 0xef, 0x19, 0xea,
    0x78, 0xa1, 0x51, 0xe7, 0x68, 0x64, 0xc2,

    /* U+0074 "t" */
    0x0, 0x4f, 0x80, 0x78, 0xc0, 0x3e, 0x10, 0xe,
    0x7f, 0x40, 0xff, 0x70, 0x24, 0x8, 0x44, 0x40,
    0x6e, 0x60, 0xee, 0x60, 0xf, 0xfe, 0xfb, 0x1,
    0x80, 0x76, 0x87, 0x45, 0x0, 0x4c, 0xe0, 0xec,
    0x20,

    /* U+0075 "u" */
    0x4f, 0x80, 0xc, 0xfe, 0x80, 0x1f, 0xff, 0x7,
    0x1, 0x0, 0xdc, 0x0, 0x20, 0x70, 0x9, 0x58,
    0x0, 0x28, 0x3b, 0x3b, 0x6e, 0x1, 0x52, 0x9b,
    0xbb, 0xec, 0x0,

    /* U+0076 "v" */
    0x8f, 0x50, 0xe, 0xcf, 0xb, 0xf, 0x0, 0xc4,
    0x6a, 0x6, 0x4a, 0x1, 0x94, 0x38, 0x1, 0x40,
    0x80, 0x15, 0x8a, 0x0, 0x14, 0x34, 0x0, 0x46,
    0xe0, 0x11, 0x1b, 0x80, 0x14, 0x28, 0x3, 0x50,
    0xa0, 0x58, 0x98, 0x6, 0x70, 0xd1, 0x36, 0x0,
    0xe1, 0x47, 0x70, 0x50, 0x7, 0xb8, 0x60, 0x88,
    0x1, 0xe5, 0x1, 0xa0, 0xc,

    /* U+0077 "w" */
    0x5f, 0x80, 0xd, 0xde, 0x20, 0x12, 0xfb, 0x28,
    0x20, 0x4, 0x62, 0x8, 0x1, 0x60, 0x38, 0x19,
    0x80, 0x24, 0x23, 0xc0, 0x9, 0x8, 0x42, 0xc1,
    0x0, 0x18, 0x8a, 0xe0, 0x1, 0x24, 0x0, 0x20,
    0x60, 0x1, 0x33, 0x2, 0x40, 0x81, 0xa0, 0x3,
    0x14, 0x4, 0x4, 0x40, 0x20, 0x60, 0x20, 0x4,
    0x86, 0x18, 0x42, 0x22, 0xc0, 0x43, 0x0, 0xd8,
    0x6, 0x88, 0x0, 0x22, 0x4, 0x90, 0x3, 0x38,
    0x21, 0xe0, 0x3, 0x45, 0x82, 0xc0, 0x30, 0x94,
    0x82, 0x0, 0x10, 0x24, 0xc, 0x3, 0x90, 0x48,
    0x40, 0x23, 0x14, 0x0, 0x80,

    /* U+0078 "x" */
    0x2f, 0xd0, 0xd, 0x9e, 0x25, 0x4, 0xe0, 0x5,
    0x38, 0x10, 0x72, 0x81, 0xb, 0x27, 0x0, 0xb8,
    0x2d, 0x86, 0x40, 0x31, 0xb2, 0xca, 0xa0, 0x7,
    0x60, 0x2, 0x40, 0x3d, 0x4, 0x10, 0x1, 0xd0,
    0x5d, 0x8, 0xc0, 0x11, 0x3a, 0x9b, 0x94, 0x88,
    0x3, 0x82, 0xc0, 0x12, 0x16, 0xc, 0x6e, 0x20,
    0x4, 0x55, 0x80,

    /* U+0079 "y" */
    0x8f, 0x50, 0xe, 0xcf, 0xa, 0xf, 0x0, 0xc2,
    0x6a, 0x4, 0x6a, 0x20, 0x13, 0x87, 0x0, 0x28,
    0x1c, 0x2, 0xd0, 0x40, 0x3, 0x6, 0x80, 0x48,
    0xa0, 0x19, 0x90, 0x41, 0x43, 0x80, 0x35, 0x3,
    0x7, 0x82, 0x0, 0x63, 0x2b, 0x4, 0x50, 0xf,
    0x51, 0xa8, 0xf0, 0x7, 0x98, 0x2c, 0x50, 0x3,
    0xc2, 0xa2, 0xe0, 0x1f, 0xb4, 0x34, 0x3, 0xf5,
    0xa, 0x0, 0x7c, 0xc5, 0x20, 0x1e, 0x99, 0x8d,
    0xc0, 0x38, 0x9d, 0xcd, 0xa0, 0x1e,

    /* U+007A "z" */
    0xa, 0xff, 0xf5, 0x87, 0x44, 0x62, 0xd, 0x4,
    0x77, 0x8c, 0x91, 0x80, 0x3a, 0x86, 0x80, 0x3a,
    0x46, 0xc4, 0x3, 0x23, 0x22, 0x80, 0x75, 0xd,
    0x0, 0x74, 0x8d, 0x88, 0x6, 0x46, 0x45, 0x0,
    0xea, 0x2, 0x77, 0xcc, 0x82, 0xd, 0x11, 0xc0,

    /* U+007B "{" */
    0x0, 0xa7, 0xbc, 0x40, 0x8, 0xd3, 0xc2, 0x0,
    0x30, 0x71, 0x0, 0xff, 0xe2, 0x88, 0x7, 0x8c,
    0x4, 0x3, 0x18, 0x8, 0x4, 0x34, 0x40, 0x11,
    0xf1, 0x60, 0x4, 0x76, 0x74, 0x1, 0x92, 0x90,
    0x3, 0x88, 0x4, 0x3, 0x18, 0x8, 0x6, 0x10,
    0xf, 0xfe, 0x41, 0x2, 0x80, 0x65, 0x4a, 0xf1,
    0x0, 0xaf, 0xf8, 0x40,

    /* U+007C "|" */
    0xe5, 0x0, 0xff, 0xef, 0x0,

    /* U+007D "}" */
    0x4f, 0xe6, 0x0, 0x27, 0x24, 0x88, 0x0, 0x78,
    0x8, 0x2, 0x70, 0x70, 0x9, 0xc1, 0xc0, 0x38,
    0x40, 0x3f, 0x9c, 0x3, 0x88, 0x2c, 0x40, 0x3,
    0x6d, 0xc0, 0x15, 0x25, 0x80, 0xc, 0x61, 0x0,
    0xe, 0x4, 0x1, 0xc6, 0x1, 0xc2, 0x1, 0x38,
    0x38, 0x4, 0xe0, 0x1d, 0x80, 0xa0, 0x9e, 0xee,
    0x10, 0x4e, 0xf8, 0x0, 0x0,

    /* U+007E "~" */
    0x0, 0xff, 0xe0, 0xe, 0x7e, 0xa0, 0x4, 0x80,
    0xd, 0xa, 0x7b, 0x82, 0x9b, 0x10, 0xbd, 0x5a,
    0xa3, 0xeb, 0x58, 0x83, 0x88, 0x1, 0x7f, 0x3d,
    0x0,

    /* U+00B0 "°" */
    0x1, 0xae, 0xd4, 0x0, 0x58, 0x74, 0xd8, 0x82,
    0xc0, 0x21, 0xb8, 0x7, 0xe4, 0x80, 0x43, 0x40,
    0xa0, 0xf9, 0xb2,

    /* U+00B7 "·" */
    0x0, 0x8, 0x80, 0x27, 0xee, 0x38, 0x2, 0x0,
    0x10, 0x1, 0xfa, 0x84, 0x54, 0x0,

    /* U+00D7 "×" */
    0x8, 0x0, 0xff, 0x40, 0x13, 0x60, 0x7, 0xec,
    0x62, 0x26, 0x16, 0x0, 0x7b, 0xb, 0x8, 0xb,
    0xb, 0x4, 0x2, 0xc2, 0xc2, 0x0, 0x8b, 0xb,
    0x44, 0x58, 0x58, 0x40, 0x1c, 0x58, 0x5b, 0xa2,
    0xc2, 0x0, 0xf8, 0xb4, 0xcd, 0xa4, 0x1, 0xf8,
    0x7c, 0x45, 0xc2, 0x1, 0xf0, 0xe1, 0x66, 0xf,
    0x4, 0x3, 0x87, 0xf, 0x8, 0x9e, 0x18, 0x20,
    0x10, 0xe0, 0x79, 0x0, 0x7, 0x3, 0x4, 0x7,
    0x3, 0x4, 0x3, 0xe, 0x6, 0x8, 0x36, 0x8,
    0x7, 0x87, 0x18, 0x0,

    /* U+2014 "—" */
    0x0, 0xff, 0xe2, 0x8f, 0xff, 0xff, 0xf, 0x87,
    0x33, 0xff, 0x87, 0xa0,

    /* U+2018 "‘" */
    0x0, 0x28, 0x2, 0xfc, 0x1c, 0x28, 0x2c, 0x4c,
    0x1d, 0x74, 0x3c, 0x5c, 0x0,

    /* U+2019 "’" */
    0x3, 0x71, 0xd, 0x88, 0x2, 0x2, 0x5, 0x3b,
    0x80, 0xda, 0x2, 0x28, 0x82, 0xd0, 0x0,

    /* U+201C "“" */
    0x0, 0x20, 0x80, 0x14, 0x0, 0xd2, 0x61, 0x32,
    0x2, 0x9c, 0x24, 0x46, 0x2, 0x13, 0x86, 0x8a,
    0x80, 0xa, 0x50, 0x4e, 0x89, 0xc8, 0x8b, 0x42,
    0x64,

    /* U+201D "”" */
    0x4, 0x60, 0x2, 0xa8, 0xa, 0xe5, 0x92, 0xa8,
    0x64, 0x61, 0x8c, 0x40, 0x81, 0x89, 0xa5, 0xa4,
    0x60, 0xac, 0xe0, 0xe2, 0x83, 0x3e, 0x7, 0x9a,
    0x3, 0x84, 0x7, 0x62, 0x0,

    /* U+2026 "…" */
    0x37, 0x10, 0xc, 0xcc, 0x0, 0xc2, 0xe7, 0xd1,
    0x20, 0x11, 0xcc, 0x8c, 0x2, 0x98, 0xe5, 0x1c,
    0x0, 0x8c, 0xf0, 0x5, 0x82, 0xa0,

    /* U+3001 "、" */
    0x3, 0x0, 0xd5, 0x8c, 0x1, 0x40, 0xcb, 0x80,
    0xb, 0xca, 0x1c, 0x0, 0x38, 0x30, 0xc0, 0x1,
    0xc2, 0x50, 0x8, 0xb4, 0xc0,

    /* U+3002 "。" */
    0x0, 0x3e, 0x61, 0x40, 0x13, 0x9f, 0x10, 0x60,
    0x6b, 0x34, 0xeb, 0x10, 0xc, 0x20, 0x29, 0x22,
    0x5d, 0x41, 0x41, 0xf9, 0x6e,

    /* U+3010 "【" */
    0x9a, 0xad, 0x0, 0xea, 0xba, 0xc0, 0x3a, 0x8c,
    0x3, 0x22, 0x80, 0x74, 0x0, 0x70, 0x98, 0x7,
    0x30, 0x7, 0xb4, 0x3, 0xc2, 0x1, 0xe6, 0x0,
    0xf0, 0x80, 0x79, 0x80, 0x3c, 0x40, 0x1e, 0xb0,
    0xf, 0x18, 0x80, 0x7a, 0x40, 0x3c, 0xe4, 0x1,
    0xee, 0x0, 0xf1, 0xd8, 0x0,

    /* U+3011 "】" */
    0x8, 0x99, 0xd0, 0x16, 0xcd, 0xc0, 0x74, 0x1,
    0xe5, 0x30, 0xf, 0x78, 0x7, 0x8c, 0x40, 0x3c,
    0xe0, 0x1e, 0xf0, 0xf, 0x10, 0x7, 0x98, 0x3,
    0xc2, 0x1, 0xe6, 0x0, 0xf1, 0x0, 0x7a, 0xc0,
    0x38, 0x4c, 0x3, 0xa4, 0x3, 0x89, 0xc0, 0x3a,
    0x40, 0x3a, 0x90, 0x3, 0xab, 0xff, 0x70,

    /* U+4E00 "一" */
    0x19, 0x9f, 0xfe, 0x31, 0x3, 0x37, 0xff, 0x18,
    0x45, 0xff, 0xff, 0xc6, 0x30,

    /* U+4E01 "丁" */
    0xef, 0xff, 0xfe, 0x25, 0x33, 0x7e, 0x40, 0x46,
    0x6f, 0x64, 0x4c, 0xfd, 0xc1, 0xd3, 0x3e, 0x60,
    0xf, 0xff, 0xf8, 0x7, 0xff, 0xfc, 0x3, 0xff,
    0xb4, 0x60, 0x1f, 0xfc, 0x1, 0xba, 0xaa, 0x1,
    0x80, 0x3f, 0xc2, 0xa, 0xb1, 0xc1, 0x80, 0x7c,

    /* U+4E07 "万" */
    0x2, 0x44, 0xff, 0xe2, 0x85, 0xdf, 0xff, 0x16,
    0x82, 0x37, 0x75, 0x4, 0x6e, 0xff, 0x60, 0x9,
    0x16, 0x10, 0x32, 0x2f, 0xf0, 0x7, 0x84, 0x1c,
    0x3, 0xff, 0x88, 0x60, 0x20, 0x1f, 0xfc, 0x4e,
    0xd, 0xff, 0xfc, 0x20, 0x1f, 0x18, 0x44, 0x7c,
    0x60, 0x20, 0x1f, 0x2a, 0x3b, 0xfc, 0xa0, 0x1f,
    0x84, 0x58, 0x1, 0xf1, 0x88, 0x7, 0xce, 0x8,
    0x1, 0xf0, 0x98, 0x7, 0xd4, 0x46, 0x1, 0xf3,
    0x30, 0x3, 0xcc, 0x76, 0x1, 0xf8, 0x84, 0x3,
    0x8a, 0xd, 0x80, 0x3e, 0x10, 0xd0, 0xc, 0x58,
    0x1a, 0x1, 0xf9, 0x0, 0xc0, 0x26, 0xd0, 0xd1,
    0x0, 0xce, 0xcc, 0x78, 0x14, 0x0, 0xb5, 0x3c,
    0xc0, 0x3a, 0xe6, 0x50, 0x14, 0x1, 0xae, 0xc2,
    0x1, 0xec, 0xff, 0xb5, 0x0, 0x20,

    /* U+4E25 "严" */
    0x0, 0x6f, 0x77, 0xff, 0xc, 0x40, 0x17, 0x11,
    0x80, 0xa2, 0x6, 0x11, 0x1c, 0x20, 0x6, 0xc0,
    0x66, 0x1a, 0xb3, 0x1c, 0x99, 0x9d, 0x8c, 0x1,
    0x8e, 0x0, 0x3f, 0xce, 0x1, 0xe8, 0x17, 0x0,
    0xfc, 0xe1, 0x60, 0x1c, 0x2b, 0x40, 0x1f, 0xc,
    0x40, 0x40, 0x30, 0x8b, 0xb8, 0x26, 0x61, 0x1c,
    0x72, 0xa2, 0x30, 0x2, 0xba, 0xf3, 0x85, 0x7b,
    0x88, 0x5b, 0x3b, 0xdc, 0xa0, 0x8, 0xf3, 0x3f,
    0xf8, 0x52, 0x1, 0x39, 0x9f, 0xff, 0x8, 0x80,
    0xe, 0x1, 0xff, 0xc6, 0x11, 0x0, 0x7f, 0xf1,
    0x48, 0xc0, 0x3f, 0xf8, 0x82, 0x1e, 0x1, 0xff,
    0xc4, 0x40, 0x40, 0xf, 0xfe, 0x24, 0x91, 0x0,
    0x3f, 0xf8, 0x66, 0x6b, 0x0, 0xff, 0xe2, 0x1d,
    0x30, 0x7, 0xff, 0x10,

    /* U+4E2D "中" */
    0x0, 0xfc, 0xa6, 0x1, 0xff, 0xc3, 0xb9, 0x0,
    0xff, 0xe6, 0x99, 0xfc, 0x22, 0x33, 0xf1, 0xe,
    0x67, 0xc0, 0x99, 0x9e, 0xe0, 0x3, 0xe6, 0x70,
    0x26, 0x67, 0x10, 0x5, 0xc6, 0x7c, 0x22, 0x33,
    0xe1, 0x0, 0xff, 0xf5, 0x63, 0x37, 0xb, 0x37,
    0x84, 0x2, 0x59, 0x9e, 0x3, 0x99, 0xe2, 0x0,
    0xa3, 0xff, 0x85, 0x7f, 0xf8, 0xc0, 0x6d, 0x80,
    0x3f, 0xf8, 0x1d, 0xc0, 0x41, 0x0, 0xff, 0xe0,
    0x11, 0x0, 0x3f, 0xff, 0x0,

    /* U+4E3D "丽" */
    0x77, 0xff, 0xe3, 0x4c, 0x47, 0xff, 0x12, 0x7b,
    0xff, 0xff, 0x89, 0xc0, 0x23, 0xf0, 0x0, 0x47,
    0xe0, 0x6, 0x77, 0x78, 0xb, 0xbb, 0xe0, 0x9,
    0x2e, 0xe6, 0x0, 0xd1, 0x77, 0x28, 0x6, 0x34,
    0x4b, 0xc0, 0x32, 0x26, 0xd0, 0xe, 0x11, 0x0,
    0x7f, 0xf1, 0x36, 0x0, 0x3c, 0xfc, 0x60, 0x1f,
    0x4b, 0x10, 0x7, 0x3a, 0x78, 0x7, 0xca, 0x56,
    0x1, 0xe8, 0x34, 0x0, 0xfa, 0xdc, 0x40, 0x38,
    0x97, 0xc0, 0x3e, 0x6f, 0x10, 0xf, 0x45, 0x0,
    0x7e, 0x10, 0xf, 0x88, 0x40, 0x3f, 0xfb, 0xe9,
    0x14, 0x1, 0xe5, 0x7b, 0x0, 0xf3, 0xb0, 0xc0,
    0x7, 0x1c, 0x8c, 0x0,

    /* U+4E8B "事" */
    0x0, 0xfe, 0xa8, 0x0, 0xff, 0x11, 0x9f, 0xce,
    0x86, 0x7f, 0x10, 0x2, 0x33, 0x3e, 0x23, 0xcc,
    0xfa, 0x0, 0x15, 0xff, 0xf1, 0x27, 0xff, 0xd4,
    0x1, 0xa3, 0xff, 0x89, 0x3f, 0xfa, 0x80, 0x3e,
    0x1e, 0xec, 0x49, 0xdd, 0x88, 0x40, 0x3f, 0xf9,
    0xe3, 0xdd, 0x89, 0x3b, 0xb1, 0x8, 0x7, 0xa3,
    0xff, 0x8d, 0x3f, 0xfa, 0x80, 0x38, 0xbf, 0xfc,
    0x69, 0xff, 0xe0, 0xe, 0x2d, 0xdf, 0x12, 0x6e,
    0xe6, 0x0, 0xe3, 0x30, 0x8f, 0x81, 0xc4, 0x70,
    0x0, 0xcc, 0x0, 0xcc, 0xfc, 0x47, 0x99, 0x98,
    0x33, 0x2, 0x1f, 0xff, 0x8d, 0x3f, 0xf4, 0x7,
    0xf8, 0x40, 0x9, 0xbb, 0xe3, 0x4d, 0xdd, 0x20,
    0x1e, 0x58, 0x8f, 0x9, 0xc4, 0x64, 0x0, 0xf0,
    0xaa, 0xf8, 0x9d, 0x57, 0x45, 0x80, 0x7f, 0x19,
    0x90, 0x88, 0x1, 0x89, 0x0, 0x3f, 0xa3, 0x2c,
    0xac, 0x3, 0xf8,

    /* U+4E8E "于" */
    0x3, 0x77, 0xff, 0xe1, 0x18, 0x2, 0xe2, 0x3f,
    0xf8, 0x56, 0x0, 0x8f, 0xff, 0x28, 0x7f, 0xfa,
    0x0, 0x3f, 0x8c, 0x3, 0xff, 0xe7, 0xbf, 0xff,
    0x30, 0x7f, 0xfd, 0xd4, 0xef, 0xf1, 0x3, 0xbf,
    0xcc, 0xf1, 0x1f, 0x20, 0x44, 0x7e, 0x0, 0xff,
    0xff, 0x80, 0x7f, 0xf1, 0xda, 0x22, 0x71, 0x0,
    0xff, 0xe0, 0xbb, 0x98, 0xac, 0x3, 0xf0,

    /* U+4E91 "云" */
    0x0, 0xff, 0xe4, 0x57, 0xff, 0xff, 0x3, 0x40,
    0x37, 0xc4, 0x7f, 0xf0, 0x2c, 0x3, 0x2b, 0xbf,
    0xff, 0x1, 0x80, 0x3f, 0xfb, 0x4f, 0x11, 0xff,
    0xc5, 0xa7, 0x7f, 0xfe, 0x23, 0x6f, 0xff, 0x8,
    0x6f, 0xff, 0xee, 0x0, 0xe8, 0x17, 0x20, 0x8,
    0x40, 0x3f, 0x85, 0xc6, 0x0, 0x24, 0xe4, 0x0,
    0xfd, 0x61, 0x60, 0x19, 0xa, 0x84, 0x3, 0xc8,
    0xab, 0x0, 0x77, 0xd, 0x0, 0x70, 0xd1, 0x50,
    0x7, 0x8e, 0x11, 0xc0, 0x21, 0xd1, 0x83, 0x56,
    0x78, 0x9b, 0xca, 0x8, 0x20, 0x4, 0x18, 0x56,
    0x54, 0xc3, 0xbf, 0x30, 0x48, 0x3, 0x51, 0xe2,
    0xaf, 0x7b, 0xfb, 0x2e, 0xa5, 0x91, 0x0, 0x97,
    0xe, 0xa8, 0x42, 0x1, 0xe8, 0x94,

    /* U+4EA6 "亦" */
    0x0, 0xf8, 0xf0, 0xc0, 0x3f, 0xf8, 0x86, 0x5c,
    0x1, 0xff, 0xc5, 0x82, 0x50, 0xf, 0xc6, 0xab,
    0xf1, 0x98, 0x95, 0x7e, 0x9, 0xaa, 0xfc, 0x71,
    0x55, 0xeb, 0xb, 0xdd, 0xe3, 0x2d, 0xd8, 0x53,
    0x77, 0x60, 0x9, 0x17, 0x38, 0x91, 0x46, 0x24,
    0x5c, 0x1, 0xc, 0x10, 0x7, 0xe1, 0x71, 0x0,
    0xe6, 0x70, 0x3, 0xb8, 0x3, 0xd1, 0x20, 0x1d,
    0x66, 0x40, 0x20, 0x1e, 0x17, 0x70, 0x80, 0x44,
    0x76, 0x0, 0x32, 0x0, 0xf4, 0x84, 0x0, 0x50,
    0xc, 0x4, 0x3e, 0x1, 0xe1, 0x76, 0x10, 0x45,
    0x61, 0x4, 0x4, 0x0, 0xfa, 0x82, 0x40, 0x45,
    0x0, 0xd, 0x12, 0x0, 0xf8, 0x8d, 0x41, 0x78,
    0x40, 0xd1, 0x80, 0x3f, 0xa6, 0x40, 0x1d, 0xc3,
    0x20, 0x1f, 0xca, 0x80, 0x1a, 0x8a, 0xc4, 0x3,
    0xff, 0x85, 0x6a, 0xea, 0x0, 0x87, 0x71, 0x18,
    0x7, 0xc2, 0xd1, 0x0, 0x9, 0x62, 0x4e, 0xc0,
    0x3e, 0x1d, 0x70, 0xd, 0xbf, 0xd8, 0x40, 0x1e,

    /* U+4EBA "人" */
    0x0, 0xfe, 0xa9, 0x0, 0xff, 0xe3, 0x22, 0x80,
    0x7f, 0xf1, 0x85, 0xc0, 0x3f, 0xfb, 0x22, 0xa,
    0x1, 0xff, 0xc5, 0x50, 0x11, 0x0, 0x7f, 0xf1,
    0xc, 0x0, 0xa0, 0x1f, 0xfc, 0x4c, 0x1, 0xd0,
    0xf, 0xfe, 0x22, 0xa9, 0xdc, 0x1, 0xff, 0xc3,
    0x51, 0xfd, 0x14, 0x0, 0xff, 0xe1, 0x70, 0x22,
    0x6, 0x0, 0x3f, 0xf8, 0x26, 0x8e, 0x21, 0x6,
    0x80, 0x1f, 0xfc, 0xe, 0x9, 0x0, 0x31, 0x48,
    0x7, 0xfd, 0x5, 0x2, 0x1, 0x41, 0x50, 0x7,
    0xf3, 0x3a, 0xb8, 0x6, 0x57, 0x58, 0x0, 0xf9,
    0xa4, 0xa8, 0x3, 0xd0, 0xaf, 0x20, 0x18, 0xae,
    0x4f, 0x0, 0x3f, 0x52, 0x36, 0xa0, 0x3, 0x92,
    0x30, 0x40, 0x3f, 0xae, 0xa, 0x84, 0x37, 0x1c,
    0x3, 0xff, 0x80, 0xfd, 0x82,

    /* U+4ED8 "付" */
    0x0, 0xe5, 0x80, 0xf, 0x86, 0x90, 0x3, 0xe8,
    0x50, 0xf, 0xca, 0x40, 0x1e, 0x52, 0x80, 0xf,
    0xfe, 0x24, 0x12, 0x80, 0x7f, 0xf0, 0xd4, 0xa0,
    0x5d, 0xfe, 0x90, 0xd7, 0x70, 0x0, 0x6c, 0x10,
    0xa2, 0x3e, 0x70, 0x48, 0x90, 0x5, 0x8, 0x0,
    0xff, 0xfe, 0xd0, 0x8f, 0xe0, 0x84, 0x10, 0xf,
    0xf1, 0x80, 0x80, 0xd, 0xd2, 0x0, 0x32, 0xb0,
    0x7, 0xf1, 0xad, 0x0, 0x76, 0x49, 0x0, 0x7f,
    0x50, 0x80, 0x74, 0xc, 0x80, 0x7f, 0xf1, 0x6,
    0x11, 0x40, 0x3f, 0xf8, 0x8c, 0x50, 0x1, 0xff,
    0xc5, 0x81, 0x10, 0x7, 0xff, 0x11, 0x70, 0x40,
    0x3f, 0xfb, 0x66, 0x1, 0xff, 0xc2, 0x37, 0x7a,
    0x0, 0x80, 0x3c, 0x20, 0x1c, 0x31, 0x13, 0xb2,
    0x0, 0x0,

    /* U+4EFB "任" */
    0x0, 0xe3, 0x92, 0x0, 0xfc, 0x22, 0x0, 0xfa,
    0x5c, 0x80, 0x30, 0xa3, 0xe7, 0x78, 0x80, 0x71,
    0x2c, 0x9b, 0x4d, 0xf7, 0x2e, 0x1, 0xf4, 0x40,
    0x3a, 0x45, 0xb2, 0x50, 0x58, 0x17, 0xf2, 0xc,
    0x3, 0x95, 0x20, 0x7b, 0xf6, 0xa0, 0x4c, 0x3,
    0xf0, 0xd8, 0x28, 0x8, 0x7, 0xff, 0xb, 0x44,
    0x3, 0xff, 0x8b, 0x46, 0x80, 0x1f, 0xfc, 0x46,
    0x57, 0xf0, 0x1, 0x9f, 0x84, 0xcf, 0xc0, 0xcf,
    0x0, 0x16, 0xe6, 0x70, 0x2e, 0x67, 0x18, 0x40,
    0x6, 0xcc, 0xf0, 0x2e, 0x67, 0x18, 0x7, 0x88,
    0xcf, 0x84, 0xcf, 0xc0, 0x1f, 0xff, 0xf0, 0xf,
    0xfe, 0xb, 0xbf, 0xa, 0xbb, 0xf0, 0x7, 0xc3,
    0x11, 0xc0, 0x71, 0x1a, 0x40, 0x3e, 0x1f, 0xff,
    0xfb, 0x80,

    /* U+4F1F "伟" */
    0x0, 0xe2, 0x10, 0xc, 0x2a, 0x20, 0x1f, 0xf7,
    0x60, 0x6, 0x2a, 0x20, 0xf, 0xf2, 0x1c, 0x8,
    0xe6, 0x6, 0x11, 0xe0, 0xe, 0x83, 0x4e, 0xed,
    0x41, 0x5d, 0xda, 0x0, 0x32, 0x1c, 0xd, 0xde,
    0x80, 0x8b, 0xbe, 0x0, 0x86, 0x85, 0x1, 0x13,
    0x81, 0x13, 0x88, 0x2, 0xb1, 0x0, 0x91, 0xde,
    0xa0, 0xa7, 0x7c, 0x1, 0x42, 0x88, 0x5, 0xb1,
    0x13, 0x3, 0x44, 0x60, 0x9, 0x95, 0x80, 0x29,
    0xff, 0xb0, 0x33, 0xff, 0x0, 0x5b, 0x40, 0x1f,
    0xfc, 0x63, 0x0, 0xdb, 0xff, 0xb0, 0x33, 0xff,
    0x84, 0x3, 0xd7, 0x11, 0x98, 0x1a, 0x22, 0x50,
    0x10, 0xf, 0x33, 0xbe, 0xa0, 0xa7, 0x7b, 0x44,
    0x3, 0xff, 0x8d, 0xe6, 0x1, 0xff, 0xc6, 0x26,
    0x0, 0xff, 0xe2, 0x2a, 0xc6, 0x1, 0xff, 0xc4,
    0xfa, 0x49, 0x0, 0xff, 0xe2, 0x57, 0xd8, 0x80,
    0x7f, 0xf3, 0x23, 0x80, 0x3c, 0x7e, 0x60, 0x1e,

    /* U+4F4F "住" */
    0x0, 0xe7, 0x70, 0x6, 0xb6, 0x0, 0xff, 0x86,
    0x38, 0x3, 0xc, 0x88, 0x7, 0xfa, 0x42, 0xc0,
    0x34, 0x4, 0x80, 0x7f, 0x9d, 0x8, 0x3, 0x13,
    0x70, 0x7, 0xf3, 0x87, 0xb7, 0xff, 0x34, 0xff,
    0xeb, 0x0, 0x8a, 0x1, 0x55, 0x11, 0x9c, 0x12,
    0x23, 0x70, 0x5, 0xc0, 0x11, 0xbb, 0xe9, 0xd,
    0x77, 0xca, 0x0, 0xa3, 0x20, 0xf, 0xfe, 0x20,
    0xaa, 0xac, 0x3, 0xff, 0x88, 0x35, 0x40, 0xf,
    0xfe, 0x32, 0x80, 0x75, 0xff, 0xdc, 0x13, 0xff,
    0x88, 0x3, 0xf7, 0xcc, 0xd0, 0xb, 0x33, 0x8c,
    0x3, 0xf2, 0x33, 0x60, 0xc6, 0x6c, 0x20, 0x1f,
    0xff, 0x76, 0x77, 0xd2, 0x1a, 0xef, 0xc0, 0x1f,
    0x5c, 0x46, 0x70, 0x48, 0x8e, 0x10, 0xf, 0x6f,
    0xff, 0xff, 0x0, 0x40,

    /* U+4F55 "何" */
    0x0, 0xea, 0x50, 0xf, 0xfe, 0x2a, 0x28, 0x7,
    0xff, 0x1b, 0xc5, 0xbf, 0xff, 0xf8, 0x8, 0x1,
    0x12, 0x49, 0x44, 0x7f, 0x10, 0xc3, 0x0, 0x50,
    0xc, 0x2e, 0xff, 0xcc, 0x4e, 0x40, 0x4, 0x51,
    0x10, 0x7, 0xff, 0x12, 0x40, 0x31, 0xaa, 0xf1,
    0x80, 0x7d, 0x44, 0x40, 0xa, 0xab, 0xd2, 0x1,
    0xe1, 0x56, 0x50, 0xc, 0x7f, 0xf2, 0x0, 0x7c,
    0x35, 0x20, 0x1f, 0xfc, 0x65, 0x0, 0xff, 0xf1,
    0x1f, 0xfc, 0x80, 0x1f, 0xfc, 0x32, 0xbb, 0xd2,
    0x1, 0xff, 0xc2, 0x64, 0x4c, 0x60, 0x1f, 0xfc,
    0x19, 0xb0, 0xf, 0xfe, 0xfa, 0xc3, 0xc2, 0xb0,
    0x7, 0xff, 0x8, 0xde, 0x18, 0xa4, 0x3, 0xa3,
    0x80, 0x3e, 0x6f, 0xf7, 0x61, 0x80, 0x0,

    /* U+4F59 "余" */
    0x0, 0xfe, 0x38, 0x0, 0xff, 0xe2, 0x96, 0xb9,
    0x80, 0x7f, 0xf0, 0xcf, 0x14, 0xf4, 0xc0, 0x3f,
    0xf8, 0x2b, 0x8b, 0x78, 0xb8, 0xa0, 0x1f, 0xf4,
    0xd3, 0x58, 0x2, 0xda, 0xa8, 0x20, 0x1f, 0x27,
    0x35, 0x48, 0x6, 0x9a, 0x5e, 0x91, 0x0, 0x93,
    0x2c, 0xd8, 0x9d, 0xfc, 0x4e, 0xad, 0xd2, 0x27,
    0x63, 0x5c, 0xf3, 0x34, 0x42, 0x66, 0x68, 0xe6,
    0x73, 0x36, 0x6a, 0x9f, 0x76, 0x51, 0xee, 0xc4,
    0x33, 0xc4, 0x6, 0x1, 0xff, 0xc7, 0x1f, 0xff,
    0x94, 0x7f, 0xfe, 0x40, 0x0, 0xc4, 0x7c, 0x41,
    0x11, 0xf2, 0x80, 0x4e, 0xff, 0x85, 0xdf, 0xe1,
    0x0, 0xe2, 0xe7, 0x0, 0xf5, 0xe8, 0x80, 0x7e,
    0xf0, 0x60, 0xf, 0x41, 0xe0, 0x80, 0x70, 0xe1,
    0x68, 0x80, 0x78, 0xf4, 0xf0, 0x40, 0x22, 0xc3,
    0xb3, 0x0, 0xfc, 0x7a, 0x5a, 0x1, 0x29, 0xe2,
    0x2, 0x33, 0x1c, 0x80, 0x31, 0xd1, 0x18, 0x1,
    0xfc, 0xc0, 0x5, 0x32, 0x9, 0x0, 0xe5, 0xe3,
    0x0, 0x84, 0x2, 0x6f, 0xf6, 0xa8, 0x7, 0xf0,

    /* U+4F73 "佳" */
    0x0, 0xe7, 0x60, 0xe, 0xd7, 0x0, 0xff, 0xc,
    0x70, 0x7, 0x17, 0x80, 0x7f, 0xa4, 0x24, 0x48,
    0xb0, 0x9, 0x16, 0x0, 0xf3, 0x30, 0x53, 0x77,
    0x3, 0x6e, 0xe0, 0xe, 0x71, 0xb0, 0x4c, 0xcc,
    0xb, 0x99, 0x80, 0x30, 0xc8, 0x90, 0x9, 0x9e,
    0x2, 0x33, 0xc0, 0x1a, 0xc4, 0x3, 0xff, 0x8a,
    0xca, 0x20, 0x4, 0xff, 0xe0, 0x7f, 0xfd, 0xc0,
    0x8, 0x46, 0x0, 0x34, 0x47, 0xfd, 0x20, 0xb,
    0xa0, 0x8, 0x9d, 0xfb, 0x8d, 0xdf, 0x80, 0xa,
    0x20, 0x1f, 0xcd, 0x80, 0x1f, 0xfc, 0x14, 0x55,
    0xc0, 0x6a, 0xb8, 0x80, 0x3f, 0x7d, 0x56, 0x4,
    0xaa, 0xce, 0x1, 0xfa, 0xff, 0xf0, 0x3f, 0xfe,
    0x50, 0xf, 0xff, 0x1b, 0xbf, 0x81, 0x1d, 0xf8,
    0x80, 0x3d, 0x11, 0xe0, 0x38, 0x8e, 0x70, 0xf,
    0x7f, 0xff, 0xf0, 0x54,

    /* U+4F8B "例" */
    0x0, 0xcc, 0x40, 0x1f, 0xf3, 0x98, 0x4, 0x52,
    0x8e, 0xff, 0x0, 0x69, 0x40, 0x9, 0x41, 0xe6,
    0x51, 0x9, 0x95, 0x2, 0x0, 0x7d, 0x4a, 0x3d,
    0xe1, 0x3d, 0xcd, 0x2b, 0x10, 0xe, 0x32, 0xf0,
    0x2, 0x2, 0x0, 0x7f, 0xd0, 0xc, 0x0, 0xc1,
    0x20, 0xf, 0xf1, 0xa0, 0x6, 0x71, 0xff, 0x98,
    0x3, 0xee, 0x10, 0x8, 0x85, 0xea, 0x41, 0x40,
    0x3c, 0x44, 0x80, 0xa, 0xc6, 0x14, 0x80, 0x80,
    0x3c, 0x56, 0x80, 0x1, 0x66, 0x0, 0x30, 0x84,
    0x3, 0xe4, 0x0, 0xac, 0x2c, 0xc1, 0x1c, 0x3,
    0xff, 0x81, 0xb1, 0x58, 0xe7, 0xc0, 0x1f, 0xfc,
    0x7, 0x74, 0xbc, 0xa, 0x0, 0x7f, 0xf0, 0xe0,
    0x58, 0x2, 0x10, 0xf, 0xfe, 0x4, 0x84, 0x0,
    0xb, 0x84, 0x3, 0xfc, 0xcc, 0xa0, 0xf, 0xfe,
    0x1c, 0xc9, 0xd0, 0x3, 0x33, 0xc0, 0x88, 0x3,
    0xc9, 0x30, 0x1, 0xd9, 0xe, 0x8e, 0x0, 0x2e,
    0x30, 0xd6, 0x0, 0xf5, 0x7f, 0xac, 0x40,

    /* U+4FAF "侯" */
    0x0, 0xc7, 0x42, 0x1, 0xff, 0xc5, 0xa4, 0x13,
    0xff, 0xfb, 0x0, 0x3e, 0x16, 0x60, 0x15, 0x57,
    0x89, 0xc0, 0x3e, 0x60, 0xa0, 0x15, 0x5f, 0x1,
    0x0, 0x7d, 0x48, 0x45, 0xfe, 0x12, 0x28, 0x2,
    0x62, 0x30, 0xdd, 0xfc, 0xf, 0xbb, 0x0, 0x6,
    0x0, 0x2d, 0xd4, 0xae, 0x6e, 0xfe, 0x0, 0x58,
    0x80, 0x44, 0x4a, 0x13, 0x22, 0xfc, 0x4, 0xb0,
    0x20, 0x12, 0x9a, 0x7f, 0xfd, 0x40, 0x2, 0x87,
    0x0, 0x8a, 0x96, 0xa8, 0x83, 0x55, 0xa4, 0x2,
    0x70, 0xd, 0x7, 0x4a, 0xa2, 0x5, 0x5c, 0x60,
    0x1f, 0xab, 0x40, 0x31, 0x80, 0x7f, 0xf0, 0xb,
    0xfb, 0xfe, 0x62, 0xff, 0xed, 0x0, 0xf1, 0x55,
    0x68, 0x0, 0x35, 0x56, 0x80, 0xf, 0x95, 0x77,
    0x2, 0x21, 0x57, 0x80, 0x3f, 0xce, 0xd1, 0x45,
    0x62, 0x1, 0xff, 0xd, 0x43, 0x38, 0xe2, 0x7b,
    0x0, 0x7e, 0x19, 0xe5, 0x99, 0x0, 0xf, 0x56,
    0x7e, 0xc8, 0x3, 0xc8, 0xdc, 0xc0, 0x18, 0xae,
    0xcc, 0x4, 0x1, 0x74, 0xe, 0xc8, 0x80, 0x7c,
    0x93, 0x60,

    /* U+4FCA "俊" */
    0x0, 0xe4, 0x40, 0x4, 0x50, 0x20, 0x1f, 0xfc,
    0xa, 0xe0, 0x0, 0xfa, 0x8, 0x39, 0x0, 0x7e,
    0x61, 0x90, 0x5, 0x6, 0x80, 0x33, 0xc4, 0x3,
    0xe8, 0x43, 0xa, 0x5c, 0x10, 0x5, 0x6, 0x0,
    0x79, 0x87, 0xc7, 0x14, 0xf7, 0x5d, 0xfc, 0x44,
    0xa0, 0xc, 0x30, 0x28, 0x4, 0x6e, 0xb5, 0x15,
    0x7b, 0x6a, 0x60, 0x15, 0x88, 0x0, 0x7b, 0x8,
    0xdd, 0x92, 0xa8, 0x9e, 0x60, 0x7, 0x51, 0x0,
    0xd2, 0xfe, 0x0, 0x1a, 0x7b, 0x0, 0x86, 0x11,
    0x80, 0x3, 0x8d, 0x48, 0x20, 0x4, 0xd5, 0xd1,
    0x1, 0x8a, 0x0, 0xb4, 0xb1, 0x73, 0x0, 0x11,
    0x78, 0x40, 0x1, 0xc4, 0x2, 0xdf, 0x3a, 0x25,
    0x5e, 0x4c, 0x90, 0xf, 0x84, 0x4e, 0xa2, 0xb1,
    0x15, 0x50, 0xc0, 0x3f, 0xaa, 0x3, 0x77, 0x78,
    0x31, 0x0, 0x7e, 0xb5, 0x84, 0xe1, 0x1, 0xf1,
    0x80, 0xf, 0xe8, 0xa7, 0xa0, 0xc4, 0xc3, 0xc1,
    0x0, 0xfe, 0x35, 0x1, 0xc3, 0xb2, 0xd2, 0x0,
    0xff, 0xe0, 0xb, 0xf8, 0x98, 0x6b, 0x88, 0x7,
    0xe2, 0x8c, 0xe8, 0x4d, 0xcd, 0x48, 0xec, 0x70,
    0xf, 0x99, 0x93, 0xd4, 0x40, 0x55, 0xd2, 0xfe,
    0x1, 0xa3, 0x8b, 0xa9, 0x84, 0x3, 0x85, 0xae,
    0x0,

    /* U+4FDD "保" */
    0x0, 0xe8, 0x70, 0xf, 0xfe, 0x29, 0x3f, 0xaf,
    0xff, 0xf8, 0x3, 0xd6, 0x12, 0x61, 0x33, 0xf2,
    0x0, 0x78, 0x99, 0xc4, 0x0, 0xcd, 0xf1, 0x80,
    0x7a, 0x2, 0x40, 0x3f, 0xf8, 0x8a, 0xa1, 0x10,
    0x7, 0xff, 0xc, 0xac, 0x3, 0xdf, 0xff, 0x38,
    0x4, 0x3e, 0xa, 0x1, 0x24, 0xce, 0x5, 0x99,
    0xc0, 0x4, 0x2d, 0x20, 0x8, 0x99, 0xb0, 0x6b,
    0x36, 0x0, 0x2d, 0x98, 0x7, 0xff, 0x19, 0x0,
    0x36, 0xff, 0xf0, 0x47, 0xff, 0x8, 0x7, 0xa2,
    0xaa, 0x80, 0x8, 0xea, 0xb0, 0x80, 0x79, 0x57,
    0x59, 0x1, 0x1b, 0x2a, 0xc0, 0x1f, 0xe9, 0x3e,
    0xa, 0x4d, 0x10, 0xf, 0xf9, 0x99, 0x26, 0x0,
    0xa0, 0xa0, 0xf, 0xf4, 0x4b, 0x30, 0x2, 0x1a,
    0x4b, 0x0, 0xf8, 0xb1, 0xda, 0x40, 0x39, 0x29,
    0x38, 0xc0, 0x38, 0x82, 0x64, 0x1, 0xf2, 0xd9,
    0x88, 0x7, 0xb1, 0x80, 0x3f, 0x93, 0x48,

    /* U+4FE1 "信" */
    0x0, 0xe6, 0x20, 0xc, 0xa8, 0x1, 0xff, 0x1c,
    0xb8, 0x6, 0xfa, 0x0, 0xff, 0xa4, 0x54, 0x3,
    0x40, 0xb8, 0x7, 0xf1, 0x2c, 0x9a, 0xae, 0x75,
    0x15, 0x5e, 0x0, 0xd6, 0xd, 0x35, 0x5c, 0xb3,
    0x55, 0xc2, 0x0, 0x36, 0x11, 0x57, 0xff, 0xff,
    0x0, 0x40, 0x1c, 0x1, 0x85, 0x9b, 0xf8, 0xc0,
    0x2a, 0x23, 0x0, 0x8e, 0xef, 0xf9, 0x40, 0x24,
    0x8b, 0x0, 0x8b, 0x77, 0xf9, 0x80, 0x2c, 0x70,
    0xc, 0x7f, 0xff, 0xce, 0x1, 0x10, 0x7, 0x1d,
    0xdf, 0xf2, 0x80, 0x7f, 0x91, 0x3f, 0x88, 0x3,
    0xf9, 0xff, 0xff, 0xa8, 0x3, 0xfc, 0x37, 0x7f,
    0x20, 0x80, 0x7f, 0x8d, 0x13, 0xe1, 0x0, 0xff,
    0xe9, 0x9a, 0x27, 0xc2, 0x1, 0xff, 0xd, 0xdf,
    0xc8, 0x1, 0xff, 0x17, 0xff, 0xcc, 0x20, 0x1c,
    0xfc, 0x0, 0x7d, 0x0, 0xfa, 0x68, 0x0,

    /* U+5065 "健" */
    0x0, 0xda, 0xa0, 0x1f, 0x5b, 0x80, 0x7e, 0x42,
    0x39, 0x9a, 0x5, 0x54, 0xda, 0xaa, 0x40, 0xe,
    0xe2, 0x2c, 0xc8, 0x53, 0x22, 0x49, 0x88, 0x0,
    0x72, 0xa9, 0x2e, 0x82, 0x4f, 0x30, 0x73, 0x96,
    0x1, 0xca, 0x18, 0x0, 0x92, 0x7a, 0xa8, 0xaa,
    0xa2, 0xa2, 0x0, 0x40, 0x38, 0xb, 0xc1, 0xee,
    0xc0, 0xda, 0xe1, 0xa6, 0xe, 0x40, 0x14, 0x12,
    0x8b, 0xbc, 0x58, 0xfa, 0x4e, 0x25, 0x8, 0x0,
    0x66, 0x5, 0xca, 0x6e, 0x8e, 0x76, 0x0, 0x22,
    0x24, 0x80, 0x5, 0xd5, 0xd5, 0x5d, 0xc2, 0x7e,
    0xde, 0x0, 0xb0, 0xc0, 0xf, 0x10, 0x66, 0x18,
    0x7, 0x84, 0x2, 0x10, 0x9, 0x50, 0x1b, 0x6f,
    0x30, 0x4d, 0x99, 0x8, 0x7, 0xb7, 0xc0, 0xcd,
    0x3f, 0xe3, 0x8f, 0xf8, 0x40, 0x3d, 0x48, 0xe0,
    0xae, 0xf1, 0x63, 0xbc, 0xc0, 0x1e, 0x25, 0x85,
    0xc, 0xc8, 0x5b, 0x32, 0xf0, 0xf, 0xa4, 0xc,
    0x6e, 0xe3, 0xab, 0xba, 0x40, 0x3e, 0xa1, 0x67,
    0x0, 0xff, 0xe1, 0x9b, 0x5d, 0xa2, 0xcc, 0x35,
    0x80, 0x3f, 0x9b, 0x51, 0x53, 0x1f, 0x3a, 0xa2,
    0x38, 0x40, 0x31, 0x95, 0x0, 0xf, 0x31, 0x22,
    0x48, 0x91, 0x88, 0x0, 0x7d, 0xb0, 0x40, 0x31,
    0xbd, 0x5e, 0x65, 0x60,

    /* U+5148 "先" */
    0x0, 0xfc, 0xd0, 0x1, 0xff, 0xc0, 0x2f, 0x60,
    0x6, 0x28, 0x7, 0xff, 0x2, 0x81, 0x0, 0x3f,
    0xf8, 0x8a, 0xa, 0xef, 0x1b, 0xbf, 0x8c, 0x3,
    0x19, 0x4, 0x44, 0x43, 0x11, 0xe4, 0x0, 0xd0,
    0x3f, 0xf9, 0x4b, 0xff, 0xce, 0x1, 0x2a, 0x40,
    0x7, 0xff, 0x15, 0x98, 0x1, 0xff, 0xc3, 0x26,
    0xa3, 0x3e, 0x13, 0x3f, 0xc4, 0x11, 0x99, 0xf2,
    0xe, 0x67, 0xe0, 0x8b, 0xbc, 0xa1, 0x77, 0x81,
    0xae, 0xf6, 0x81, 0x22, 0x60, 0x14, 0x4c, 0x1e,
    0x89, 0x8c, 0x3, 0xce, 0xa0, 0x1f, 0xfc, 0x44,
    0x2e, 0x0, 0xff, 0x8, 0x7, 0x40, 0xa8, 0x7,
    0xf1, 0xf1, 0x0, 0x58, 0x76, 0x1, 0xe1, 0x0,
    0x9c, 0xc, 0x1b, 0x8e, 0x94, 0x3, 0xd6, 0xec,
    0xf0, 0x22, 0xa9, 0x2c, 0x50, 0xf, 0x39, 0xc4,
    0xc1, 0x58, 0x56, 0x60, 0xc0, 0x3e, 0x8f, 0xfd,
    0xca, 0x0,

    /* U+5170 "兰" */
    0x0, 0x8d, 0xc0, 0x3f, 0x52, 0x80, 0x79, 0xa1,
    0x80, 0x3c, 0xca, 0x1, 0xf2, 0xb4, 0x90, 0x7,
    0x42, 0x28, 0x7, 0xd0, 0x30, 0x1, 0xa0, 0x64,
    0x3, 0x91, 0x25, 0x9f, 0x44, 0x99, 0xd5, 0x91,
    0x20, 0x1b, 0xbd, 0x15, 0x77, 0x48, 0x2d, 0xde,
    0x11, 0x66, 0x7f, 0xf1, 0x4, 0xc, 0xff, 0xf8,
    0x80, 0x1f, 0xfd, 0xbf, 0xff, 0xfe, 0xd, 0x0,
    0x67, 0x7f, 0xfe, 0xe, 0x0, 0x68, 0x8f, 0xfe,
    0xb, 0x0, 0x7f, 0xfb, 0x3b, 0xff, 0xff, 0x89,
    0x92, 0xef, 0xff, 0xc4, 0xa0,

    /* U+5173 "关" */
    0x0, 0xcc, 0x20, 0x1f, 0x3a, 0x80, 0x7c, 0x31,
    0x40, 0x1e, 0x28, 0xf0, 0xf, 0x86, 0x91, 0x80,
    0x3a, 0x2, 0xc0, 0x3f, 0x21, 0xd8, 0x6, 0x35,
    0x81, 0x0, 0xe1, 0x88, 0x9d, 0xd1, 0x1b, 0x83,
    0xa2, 0xe, 0x1, 0x13, 0xbc, 0x8a, 0xef, 0x88,
    0x19, 0xdd, 0x60, 0x11, 0xff, 0xf9, 0xc3, 0x7f,
    0xfb, 0x0, 0x3f, 0xfa, 0x22, 0x1, 0xfe, 0x37,
    0x7f, 0x94, 0x29, 0xdf, 0xe0, 0x58, 0x8f, 0x8c,
    0x1e, 0x23, 0xd2, 0xd, 0xff, 0xed, 0x0, 0x17,
    0xff, 0xb8, 0x3, 0xf5, 0x83, 0x94, 0x0, 0x7f,
    0xf0, 0x59, 0x87, 0xc, 0xea, 0x1, 0xff, 0x34,
    0x8e, 0x84, 0x9d, 0x30, 0x7, 0xe2, 0xb9, 0x2c,
    0x10, 0x6, 0x1c, 0xd9, 0x0, 0x63, 0xad, 0x47,
    0xd2, 0x0, 0xd8, 0xc9, 0xb4, 0x80, 0xf8, 0xaa,
    0xd8, 0x0, 0xfa, 0x71, 0x16, 0xc9, 0xe7, 0xa8,
    0x80, 0x3f, 0x8e, 0xf7, 0x8,

    /* U+519B "军" */
    0x7f, 0xff, 0xfe, 0x23, 0x80, 0x2a, 0xbf, 0xf8,
    0x40, 0x19, 0x57, 0x77, 0x15, 0x7f, 0x0, 0x7c,
    0x28, 0x40, 0x1f, 0xe6, 0xc2, 0x55, 0x40, 0xa,
    0xaf, 0xc5, 0x8c, 0x26, 0xf5, 0x46, 0x7, 0xaa,
    0xf9, 0xcc, 0x40, 0xb, 0xf6, 0x19, 0xff, 0xf9,
    0x40, 0x3d, 0x2a, 0x60, 0xd, 0x60, 0xf, 0xf4,
    0x15, 0x80, 0x44, 0x1, 0xfe, 0x27, 0xe, 0xff,
    0x82, 0x7f, 0xf7, 0x0, 0x62, 0x79, 0x95, 0x52,
    0x41, 0x6a, 0xb5, 0x80, 0x74, 0x33, 0x15, 0x4c,
    0x18, 0xab, 0xc0, 0x10, 0x8f, 0xc4, 0x2, 0x3f,
    0x3, 0xf7, 0x7d, 0xa1, 0x1d, 0xde, 0x95, 0xbb,
    0xfa, 0x81, 0xae, 0xfe, 0x24, 0x4f, 0x94, 0x3d,
    0x13, 0xc4, 0x1, 0xff, 0xd8,

    /* U+51AF "冯" */
    0x6, 0x90, 0x9, 0x1d, 0xff, 0x43, 0x0, 0x66,
    0x50, 0x6, 0x44, 0x7e, 0x7a, 0x0, 0x99, 0x2c,
    0x42, 0x3f, 0xff, 0x1b, 0x0, 0x69, 0x18, 0x0,
    0xa9, 0x0, 0x38, 0x8c, 0x3, 0x13, 0x30, 0x80,
    0x54, 0x40, 0x38, 0x78, 0x3, 0xa2, 0x48, 0x8,
    0x4, 0x3, 0x10, 0x10, 0x7, 0xb, 0x0, 0x1c,
    0x18, 0x3, 0x30, 0x30, 0x7, 0xf1, 0x0, 0x78,
    0x80, 0x40, 0x3f, 0xb8, 0x37, 0xff, 0x48, 0x6f,
    0xc0, 0x4, 0xd8, 0x21, 0x75, 0x5f, 0xc1, 0xc0,
    0x15, 0x8, 0x80, 0xd5, 0x7f, 0x38, 0x18, 0x0,
    0xcd, 0x60, 0x67, 0xfc, 0x2c, 0xc, 0x0, 0x90,
    0x61, 0xcc, 0xfe, 0x62, 0x3, 0x2, 0x57, 0x1,
    0xdd, 0xfe, 0x6f, 0x20, 0x4, 0x4, 0x80, 0x8,
    0xbf, 0x85, 0xdc, 0x0, 0x66, 0x8, 0x7, 0xc6,
    0xab, 0x48, 0xf0, 0x3, 0x24, 0x3, 0xf3, 0x55,
    0x4e, 0xe4, 0x0, 0xff, 0xe0, 0x2f, 0xfd, 0xd0,
    0x0,

    /* U+51FA "出" */
    0x0, 0xfa, 0xe0, 0x3, 0xff, 0x84, 0xa6, 0x1,
    0xfb, 0xe0, 0x3, 0xfd, 0x1e, 0x20, 0x1f, 0xff,
    0x64, 0x88, 0xc2, 0xd1, 0x19, 0x0, 0x31, 0xbb,
    0xe0, 0x27, 0x7c, 0x60, 0x17, 0xff, 0x85, 0x3f,
    0xfc, 0x2a, 0x80, 0x1f, 0xfc, 0x4, 0x5b, 0xf0,
    0xf, 0xfe, 0x7, 0xd8, 0x7, 0xff, 0xd5, 0x3f,
    0xf8, 0x53, 0xff, 0x90, 0x22, 0x3f, 0xf8, 0x44,
    0xc, 0xef, 0xff, 0xc1, 0x60,

    /* U+5218 "刘" */
    0x0, 0xff, 0xe5, 0x8e, 0x28, 0x7, 0xfa, 0x90,
    0x3, 0x8, 0x58, 0x7, 0xf0, 0xa9, 0x0, 0x74,
    0xa, 0x0, 0x64, 0xb0, 0xf, 0x5d, 0xef, 0x2f,
    0xbb, 0x8c, 0x90, 0x3, 0xc2, 0x3c, 0xe2, 0x8c,
    0x20, 0x1f, 0xd5, 0x5e, 0x80, 0x8a, 0x30, 0xf,
    0xe3, 0x10, 0x9, 0x1, 0x0, 0x3f, 0xee, 0xc1,
    0x0, 0x79, 0x8, 0x7, 0xfd, 0x81, 0x82, 0xe,
    0x80, 0x1f, 0xfc, 0x1, 0xc3, 0xc5, 0x1a, 0x0,
    0xff, 0xe0, 0x8e, 0x1d, 0x11, 0x80, 0x7f, 0xf0,
    0x8a, 0xc0, 0x40, 0x3f, 0xf8, 0x9e, 0x6, 0xe0,
    0x1f, 0xfc, 0x24, 0x59, 0x58, 0x30, 0x3, 0xd8,
    0x7, 0xf4, 0x9b, 0x58, 0xf0, 0x0, 0x50, 0x3,
    0xf5, 0x17, 0x80, 0xc1, 0x28, 0x7, 0xfa, 0xd6,
    0xc, 0x0, 0xce, 0xa0, 0x1f, 0xd6, 0x90, 0xe0,
    0x1a, 0x0, 0x22, 0x77, 0x48, 0x18, 0x14, 0xb8,
    0x7, 0xf1, 0xc4, 0x19, 0x54, 0x12, 0xc0, 0x1f,
    0xe1, 0xff, 0x75, 0x0,

    /* U+522B "别" */
    0x0, 0xff, 0xe2, 0x98, 0x80, 0xdd, 0xfd, 0x20,
    0x1e, 0x1c, 0x70, 0x34, 0x1, 0x1c, 0xc8, 0x0,
    0x12, 0x0, 0xfd, 0x15, 0x59, 0x0, 0x26, 0xd0,
    0xf, 0xff, 0x14, 0x55, 0x64, 0x0, 0xff, 0x8d,
    0x44, 0x3, 0x3a, 0x0, 0x7f, 0x86, 0xa9, 0xcf,
    0x75, 0x49, 0x0, 0xff, 0xe0, 0x91, 0x0, 0x3f,
    0xf8, 0x5b, 0xfe, 0x90, 0xef, 0xf8, 0x80, 0x3f,
    0xa2, 0xa8, 0x63, 0x54, 0x60, 0x30, 0xf, 0xe5,
    0x58, 0x11, 0x55, 0xe0, 0x1f, 0xfc, 0x23, 0xd0,
    0x0, 0x80, 0x80, 0x4, 0x3, 0xf2, 0x82, 0x80,
    0x3c, 0x40, 0xf, 0xc0, 0x1f, 0xa4, 0xc8, 0x0,
    0x46, 0x1, 0xff, 0x41, 0xf8, 0x4, 0xcc, 0x0,
    0xff, 0x53, 0xc1, 0xac, 0xd1, 0xe0, 0x4, 0x8e,
    0xe8, 0x3, 0x6, 0x97, 0x1, 0x46, 0x57, 0x0,
    0xd1, 0x7, 0x55, 0x6, 0x30, 0x1, 0x37, 0x28,
    0x3, 0x27, 0xfb, 0xa8, 0x0,

    /* U+52A8 "动" */
    0x0, 0xff, 0xe0, 0x31, 0x80, 0x71, 0x17, 0xc2,
    0x1, 0x4d, 0x80, 0x63, 0xdd, 0xfa, 0x40, 0x3f,
    0x8f, 0x77, 0xe9, 0x0, 0xff, 0x11, 0x7c, 0x24,
    0x50, 0x9, 0x16, 0x0, 0xfe, 0xfd, 0xd0, 0x36,
    0xed, 0x8a, 0xcd, 0xf2, 0xf6, 0x50, 0x3e, 0x61,
    0xe, 0xe6, 0x7e, 0x83, 0x33, 0x86, 0x19, 0x84,
    0x3b, 0xec, 0x33, 0xfe, 0xd0, 0x3, 0x3, 0x80,
    0x42, 0x0, 0xd1, 0x30, 0x21, 0x0, 0x88, 0x8,
    0x0, 0x2e, 0x0, 0x44, 0x0, 0x3e, 0x40, 0x2f,
    0x11, 0x0, 0x1c, 0x0, 0x44, 0xe0, 0x5, 0x30,
    0x4, 0xaa, 0x0, 0x84, 0x41, 0x42, 0x80, 0x6,
    0x15, 0x1, 0x3c, 0x0, 0x8c, 0xc0, 0xc8, 0xb1,
    0x9c, 0x1c, 0xc, 0xa, 0x1, 0xf, 0x40, 0xad,
    0x2a, 0xaa, 0x10, 0x64, 0xc8, 0x0, 0x20, 0x3a,
    0xd5, 0xdb, 0x2a, 0xf9, 0x23, 0x20, 0x12, 0x2,
    0xaa, 0x54, 0x40, 0x33, 0x3a, 0xa9, 0xde, 0x81,
    0x30, 0xf, 0xc6, 0x54, 0x1b, 0x10, 0xb, 0x0,
    0xfe, 0x6d, 0x0, 0x57, 0xfb, 0x54, 0x0,

    /* U+52A9 "助" */
    0x0, 0xff, 0xe0, 0x2e, 0x0, 0x7d, 0xdf, 0xfc,
    0xe0, 0x11, 0x98, 0x3, 0xf2, 0xcc, 0xc0, 0x1f,
    0xfc, 0x3c, 0x66, 0x84, 0x3, 0xff, 0x90, 0x45,
    0x70, 0x19, 0x14, 0x20, 0x16, 0x2a, 0xc2, 0x13,
    0xba, 0x70, 0xcd, 0xda, 0x40, 0x25, 0xaa, 0x80,
    0x11, 0x76, 0x50, 0xbb, 0x80, 0x3a, 0x7f, 0xe1,
    0x3, 0x44, 0x1, 0x22, 0x41, 0xe0, 0x1f, 0xfc,
    0x1, 0x60, 0xf, 0xde, 0x67, 0x8, 0x6, 0x62,
    0x0, 0xc2, 0x1, 0x36, 0x64, 0x1, 0x88, 0x98,
    0x0, 0x10, 0xe, 0x8e, 0xe8, 0x40, 0x24, 0x4,
    0x0, 0xc6, 0x1, 0x8, 0xe0, 0xd, 0x46, 0x20,
    0x3, 0x1, 0x0, 0xe1, 0x51, 0x9a, 0x53, 0xa0,
    0x8, 0x41, 0xc5, 0x46, 0xfb, 0x94, 0x6f, 0xf6,
    0x6c, 0x1, 0x30, 0x9, 0x50, 0xbc, 0xe7, 0xe4,
    0xf0, 0xf8, 0x6, 0xd0, 0x23, 0xee, 0x53, 0x98,
    0x16, 0x24, 0x98, 0x33, 0x1d, 0x8c, 0x0, 0x20,
    0x1c, 0xe5, 0x4c, 0x0, 0xb9, 0x83, 0xf0, 0xf,
    0xcb, 0xca, 0x1, 0x6f, 0xfb, 0x4c, 0x0,

    /* U+52C7 "勇" */
    0x0, 0xff, 0xe3, 0x4f, 0xff, 0xff, 0x5, 0x40,
    0x17, 0x99, 0x56, 0x66, 0xb5, 0x1, 0x85, 0x0,
    0x11, 0x98, 0xaf, 0x3a, 0x65, 0x6f, 0x3c, 0xe0,
    0x18, 0x44, 0x1f, 0xb0, 0x4c, 0x5, 0xe2, 0x30,
    0x0, 0xfb, 0xb6, 0xd3, 0x98, 0x1, 0xbb, 0xa0,
    0xd, 0xbf, 0xf8, 0x9f, 0xff, 0x40, 0x7, 0x6f,
    0x76, 0x27, 0xee, 0xd0, 0x1, 0xd9, 0xff, 0x89,
    0xbf, 0xf3, 0x80, 0x7f, 0xf2, 0xb7, 0xff, 0x13,
    0x7f, 0xe7, 0x0, 0xec, 0xee, 0xc9, 0x3d, 0xda,
    0x0, 0x23, 0xf2, 0x0, 0x8d, 0x8, 0x3, 0x3f,
    0x80, 0x3b, 0xff, 0xb0, 0x2f, 0xff, 0xcc, 0x15,
    0x77, 0x9c, 0x1a, 0xef, 0xa0, 0x8, 0x11, 0x31,
    0xba, 0x4a, 0x27, 0x0, 0x14, 0x91, 0xef, 0xe6,
    0x2c, 0x0, 0x28, 0x69, 0x26, 0x31, 0x74, 0x35,
    0xce, 0x1, 0xaf, 0x2c, 0xfc, 0x2b, 0xf6, 0x94,
    0x3, 0x87, 0xfe, 0xd3, 0x0,

    /* U+52FF "勿" */
    0x0, 0xe6, 0x60, 0x7, 0xff, 0x10, 0x67, 0x40,
    0x3f, 0xf8, 0x8c, 0x1c, 0x1, 0xff, 0xc4, 0xa0,
    0xd8, 0x8f, 0xf9, 0x0, 0x24, 0x20, 0x77, 0xff,
    0xe0, 0x60, 0x5, 0x3, 0xdf, 0xc0, 0xff, 0xe8,
    0xe, 0xff, 0x7, 0x80, 0x18, 0xe0, 0x41, 0x82,
    0x80, 0x18, 0x42, 0x2, 0x2, 0x5, 0x26, 0xc0,
    0xa, 0x42, 0x0, 0x22, 0x0, 0x6, 0x6, 0x38,
    0x3c, 0x0, 0x52, 0xe0, 0x1, 0x86, 0x0, 0x4,
    0x4, 0x4f, 0x44, 0x0, 0x83, 0x50, 0x5, 0x2,
    0x80, 0x1c, 0x1c, 0x25, 0x0, 0xc, 0x50, 0x1,
    0x33, 0x0, 0x21, 0x1, 0x0, 0xc5, 0x2a, 0x80,
    0x5, 0xa, 0x0, 0x8c, 0xc, 0x3, 0x78, 0xd8,
    0x5, 0x4, 0x60, 0x17, 0x0, 0x80, 0x7, 0xb,
    0x44, 0x0, 0xe5, 0x20, 0x18, 0x84, 0x0, 0x38,
    0x74, 0x60, 0x2, 0x85, 0x40, 0xc, 0xe4, 0x0,
    0x17, 0xb5, 0x0, 0xf, 0x8c, 0x0, 0x61, 0x25,
    0x0, 0xa9, 0x0, 0x3, 0x85, 0xa4, 0x11, 0x16,
    0x6, 0x80, 0x7e, 0x7b, 0x30, 0x1, 0xbb, 0x82,
    0x10, 0x0,

    /* U+5339 "匹" */
    0x7, 0x7f, 0xfe, 0x22, 0xc, 0x47, 0xff, 0x10,
    0xc0, 0x15, 0xff, 0x29, 0x7f, 0xc2, 0xff, 0xf9,
    0xc0, 0x3c, 0x22, 0x0, 0xff, 0xe2, 0xb8, 0x7,
    0xff, 0x11, 0xc4, 0x3, 0xff, 0x88, 0x64, 0x1,
    0xff, 0xc3, 0x10, 0xd0, 0xf, 0xfe, 0x1a, 0x3,
    0x0, 0x7e, 0xb5, 0x0, 0xe9, 0x23, 0x0, 0xfc,
    0xa4, 0x1, 0x90, 0xec, 0x3, 0x84, 0x0, 0x22,
    0x20, 0x9, 0x2c, 0x98, 0x3, 0x2b, 0x7f, 0xb8,
    0x10, 0x2, 0xd3, 0xc0, 0xe, 0xba, 0x99, 0xb4,
    0x40, 0x29, 0xc1, 0x0, 0xf2, 0xb3, 0x44, 0x1,
    0x18, 0x8f, 0xff, 0xc, 0x1, 0x3d, 0xdf, 0xfc,
    0x2d, 0x1a, 0xaf, 0xfe, 0x24, 0x0,

    /* U+533B "医" */
    0x7, 0x7f, 0xfe, 0x22, 0x80, 0xc4, 0x26, 0x7f,
    0xf8, 0x5e, 0x1, 0x4f, 0x75, 0x31, 0xdd, 0xfd,
    0x40, 0x1e, 0x38, 0x10, 0xf, 0xfe, 0x27, 0x84,
    0x7f, 0xfe, 0x50, 0xe, 0x1c, 0x29, 0xaa, 0x20,
    0x55, 0x72, 0x0, 0x71, 0xe, 0xb2, 0xa8, 0xc1,
    0x57, 0x84, 0x3, 0x8f, 0x4c, 0x3, 0xff, 0x89,
    0x3f, 0xfc, 0xe1, 0xff, 0xe1, 0x0, 0xd5, 0x33,
    0xc2, 0x11, 0x33, 0xc2, 0x1, 0x8d, 0x9b, 0x28,
    0x85, 0x23, 0x36, 0x0, 0xfe, 0x1d, 0x2d, 0x1d,
    0x50, 0xf, 0xf9, 0x3c, 0x3c, 0xb1, 0x6a, 0x0,
    0x3f, 0x36, 0x59, 0x61, 0x0, 0x29, 0xdd, 0x20,
    0x1e, 0x39, 0xa, 0xc2, 0x0, 0xd1, 0x7, 0x10,
    0xd, 0x88, 0xf6, 0x4e, 0xff, 0x3, 0x31, 0xc0,
    0x25, 0x87, 0x88, 0xff, 0x3c, 0x40, 0x40,

    /* U+534E "华" */
    0x0, 0xf3, 0x18, 0x0, 0x50, 0x3, 0xff, 0x80,
    0x92, 0x80, 0x7, 0xb1, 0x0, 0xff, 0x15, 0x23,
    0x80, 0x7c, 0xbb, 0x80, 0x18, 0xbc, 0x68, 0x3,
    0x8d, 0xb6, 0x86, 0x0, 0x24, 0xc2, 0x1, 0x0,
    0xb8, 0x36, 0x5a, 0xb1, 0x0, 0xf, 0x66, 0xa0,
    0x5, 0xbf, 0x70, 0x8e, 0xb5, 0x0, 0xde, 0x9a,
    0x40, 0x3, 0x19, 0x80, 0x61, 0x0, 0x90, 0x82,
    0x2c, 0x3, 0x35, 0x30, 0x80, 0x7b, 0xa4, 0x3,
    0xfc, 0x41, 0xc, 0xd9, 0xc, 0x3, 0xfc, 0x8a,
    0xf1, 0x19, 0x64, 0x3, 0x6a, 0x80, 0x48, 0x8a,
    0xee, 0xeb, 0x10, 0xc, 0xb4, 0x1, 0x44, 0x0,
    0x3f, 0x99, 0xbf, 0x11, 0x19, 0xbf, 0x4, 0xcf,
    0xe1, 0x14, 0xcf, 0xe0, 0xff, 0xfc, 0x66, 0xff,
    0xfc, 0x1, 0xff, 0xff, 0x0,

    /* U+5361 "卡" */
    0x0, 0xf8, 0xb1, 0x0, 0x3f, 0xf8, 0x62, 0x62,
    0x1, 0xff, 0xd7, 0xaf, 0xfe, 0xe0, 0xf, 0xf9,
    0x62, 0x3a, 0x40, 0x3f, 0xef, 0x77, 0xf0, 0x7,
    0xff, 0x21, 0x9b, 0xeb, 0xf, 0x66, 0xfd, 0x33,
    0xf3, 0x82, 0xcc, 0xfe, 0xff, 0xfb, 0x2, 0x7f,
    0xff, 0x0, 0x7c, 0x20, 0x1f, 0xfc, 0x87, 0x40,
    0xf, 0xfe, 0x18, 0xd5, 0xeb, 0x80, 0x7f, 0xf0,
    0x47, 0x6c, 0x63, 0xe0, 0x40, 0x3f, 0xf8, 0x9,
    0x98, 0x47, 0xc0, 0xf, 0xfe, 0x11, 0xde, 0x70,
    0x7, 0xff, 0x10, 0xcc, 0x1, 0xff, 0xd9,

    /* U+5362 "卢" */
    0x0, 0xfe, 0xb7, 0x0, 0xff, 0xe2, 0xaf, 0x0,
    0x7f, 0xf1, 0x9b, 0xff, 0xe9, 0x0, 0xff, 0x1c,
    0xcf, 0xda, 0x1, 0xfe, 0x56, 0x6f, 0x90, 0x2,
    0x14, 0x4e, 0x12, 0x44, 0xe3, 0x0, 0xe6, 0xbb,
    0xe0, 0x4b, 0xbe, 0xd0, 0xf, 0xb7, 0xff, 0xf9,
    0x40, 0x3f, 0x18, 0x7, 0xf1, 0x80, 0x7f, 0xf3,
    0x7c, 0x1d, 0x9b, 0xf9, 0x40, 0x3c, 0x21, 0x33,
    0xfe, 0x30, 0xf, 0x11, 0x3f, 0xff, 0xce, 0x40,
    0x1c, 0xae, 0x1, 0xfe, 0x8c, 0x0, 0xc8, 0x38,
    0x1, 0xff, 0xc4, 0xe0, 0x70, 0xf, 0xfe, 0x1a,
    0x2b, 0x88, 0x7, 0xff, 0xe, 0x86, 0x40, 0x3f,
    0xf8, 0x9b, 0xa1, 0x0, 0xff, 0xe1, 0x80,

    /* U+5386 "历" */
    0x0, 0x6f, 0xff, 0xff, 0xe, 0xc0, 0x23, 0x88,
    0xff, 0xe1, 0x70, 0x4, 0xce, 0xfc, 0xa4, 0xef,
    0xf2, 0x80, 0x7f, 0x2d, 0x8, 0x7, 0xff, 0x18,
    0x40, 0x3f, 0xf8, 0x9e, 0x1, 0xff, 0xc2, 0xff,
    0xce, 0x1f, 0xfe, 0xb0, 0x8, 0xc0, 0x13, 0x38,
    0x86, 0x67, 0x84, 0x40, 0x18, 0xc1, 0x9b, 0x2,
    0x33, 0x71, 0x98, 0x2, 0x11, 0x0, 0x71, 0x10,
    0x3, 0x8c, 0x40, 0x37, 0x80, 0x64, 0xc, 0x0,
    0xe1, 0xf0, 0x1, 0x0, 0x80, 0x6e, 0x14, 0x0,
    0xc2, 0x2, 0x0, 0x60, 0x50, 0x8, 0x55, 0xc0,
    0x38, 0x80, 0x80, 0x6, 0x6, 0x1, 0x68, 0xd8,
    0x7, 0x30, 0x30, 0x3, 0x8, 0x2, 0x93, 0xb2,
    0x0, 0xec, 0x2, 0x1, 0x45, 0x2, 0xd6, 0x75,
    0x0, 0x3b, 0x9a, 0x19, 0x0, 0x4, 0x34, 0x14,
    0x75, 0x0, 0x17, 0xc4, 0xb9, 0xc8, 0x0, 0xfc,
    0x82, 0x39, 0x40, 0x34, 0x7f, 0xd8, 0x40, 0x0,

    /* U+538B "压" */
    0x0, 0x6f, 0xff, 0xff, 0xf, 0x80, 0x23, 0x88,
    0xff, 0xe1, 0x48, 0x4, 0xae, 0xff, 0x33, 0xbf,
    0xc0, 0x1f, 0xe8, 0xe0, 0xf, 0xff, 0xb1, 0x88,
    0x7f, 0xf3, 0x87, 0xff, 0x70, 0x7, 0xa6, 0x79,
    0x2, 0x67, 0xa0, 0x3, 0x78, 0x33, 0x71, 0x83,
    0x37, 0x80, 0x21, 0x10, 0x7, 0xf1, 0x72, 0x0,
    0x61, 0x3, 0x0, 0xfe, 0x24, 0xb4, 0x0, 0x88,
    0x18, 0x3, 0xfd, 0x49, 0x44, 0x0, 0x50, 0x30,
    0xf, 0xfa, 0x90, 0xc0, 0x1e, 0x40, 0x1f, 0xfc,
    0x1, 0xa1, 0x0, 0x3a, 0x13, 0xbf, 0x90, 0x1d,
    0xfc, 0xca, 0x34, 0xd3, 0x3e, 0x21, 0x99, 0xf5,
    0xa3, 0x9a, 0x77, 0x7f, 0xf0, 0xb4,

    /* U+53EB "叫" */
    0x0, 0xff, 0xe1, 0x91, 0x80, 0x7f, 0xf0, 0xe3,
    0x47, 0xff, 0xc6, 0x11, 0xe0, 0x1f, 0x9a, 0x64,
    0xe0, 0x1f, 0xfc, 0x1d, 0x66, 0x58, 0x7, 0xff,
    0xfc, 0x3, 0xff, 0xd0, 0x8c, 0x1, 0x5f, 0xfb,
    0x0, 0x24, 0x9, 0xdf, 0xb3, 0x0, 0x96, 0x23,
    0x13, 0x18, 0x3b, 0xa7, 0x54, 0x2, 0xe7, 0x7c,
    0x28, 0xd9, 0xd4, 0xc4, 0x0, 0x19, 0x60, 0xe,
    0x29, 0x30, 0xf, 0x98, 0x80, 0x3f, 0xfc, 0x80,

    /* U+53EF "可" */
    0x67, 0x7f, 0xfe, 0x23, 0x5c, 0x47, 0xff, 0x12,
    0x77, 0xff, 0xff, 0x81, 0xc0, 0xff, 0xe0, 0xf,
    0xfe, 0x8, 0x87, 0x80, 0x7f, 0xf2, 0xb3, 0xff,
    0xe5, 0x0, 0xfe, 0x13, 0x88, 0xce, 0x1, 0xff,
    0xc0, 0x57, 0x7d, 0x20, 0x1f, 0xff, 0x66, 0xff,
    0xdc, 0x1, 0xff, 0xc0, 0x38, 0x8f, 0x38, 0x7,
    0xf9, 0x5d, 0xfc, 0x40, 0x1f, 0xd9, 0x0, 0x1f,
    0xfc, 0x41, 0x10, 0x7, 0xf0, 0x80, 0x7f, 0xf0,
    0x4a, 0x65, 0x16, 0x4, 0x1, 0xff, 0x13, 0xb3,
    0xb9, 0x94, 0x0,

    /* U+53F2 "史" */
    0x0, 0xfe, 0x58, 0x0, 0xff, 0xe3, 0x63, 0x0,
    0x7f, 0xf4, 0xd1, 0xdf, 0xca, 0x2e, 0xfe, 0x60,
    0xd, 0x91, 0x1e, 0x30, 0x88, 0xf5, 0x80, 0x70,
    0xff, 0xf3, 0xf, 0xff, 0x28, 0x7, 0xff, 0x88,
    0x5d, 0xf9, 0x45, 0xdf, 0xc0, 0x1f, 0x44, 0x71,
    0x84, 0x47, 0x10, 0x7, 0x47, 0xdf, 0xfe, 0x33,
    0x7f, 0xfb, 0x40, 0x39, 0x6d, 0x40, 0x23, 0x50,
    0xf, 0xfe, 0x2, 0xa5, 0x90, 0x20, 0x60, 0x7,
    0xff, 0x6, 0x8f, 0x12, 0x49, 0x40, 0x3f, 0xf8,
    0x23, 0x87, 0x65, 0x20, 0x1f, 0xfc, 0x23, 0xb2,
    0x10, 0xba, 0x52, 0x0, 0xfc, 0x91, 0xb8, 0x93,
    0xdc, 0x77, 0x56, 0xf6, 0x54, 0xc3, 0x90, 0x7b,
    0xb5, 0x73, 0x0, 0xc6, 0xea, 0x5d, 0xe6, 0x78,
    0x30, 0xbf, 0xb5, 0x0, 0xf1, 0x34, 0xde, 0xff,
    0xb8, 0x40,

    /* U+53F6 "叶" */
    0x0, 0xff, 0xe9, 0x4f, 0x0, 0x78, 0xdd, 0xf8,
    0xc0, 0x3f, 0xf8, 0x9, 0x13, 0x34, 0x20, 0x7,
    0xff, 0x4, 0x7b, 0xa1, 0x0, 0xff, 0xf6, 0xc7,
    0xfe, 0x61, 0xff, 0xe3, 0x0, 0xf1, 0xbb, 0xe2,
    0x7, 0x7e, 0x10, 0xf, 0x5c, 0x46, 0x41, 0x88,
    0xe2, 0x0, 0xff, 0xed, 0x8f, 0xfc, 0x20, 0x1f,
    0xfc, 0x38, 0x8c, 0x80, 0x1f, 0xfc, 0x11, 0x77,
    0xc6, 0x1, 0xff, 0xc0, 0x5b, 0x0, 0xff, 0xe2,
    0x92, 0x80, 0x7f, 0xfa, 0xc0,

    /* U+53F7 "号" */
    0x0, 0x3f, 0xff, 0xff, 0x0, 0x40, 0x3d, 0x55,
    0xfc, 0xa0, 0x1f, 0x95, 0x7f, 0xb4, 0x3, 0xff,
    0x9d, 0xff, 0xfd, 0x0, 0x1e, 0x5a, 0xaf, 0xfe,
    0x0, 0x80, 0x62, 0x55, 0xff, 0xe0, 0x0, 0x5d,
    0xff, 0xff, 0xc4, 0x78, 0x99, 0x80, 0xa6, 0x7f,
    0xe4, 0x66, 0x90, 0x15, 0x9b, 0xfe, 0x30, 0x9,
    0x43, 0x88, 0xbf, 0x80, 0x3d, 0x41, 0x3b, 0xbf,
    0xc0, 0x1e, 0xfd, 0xdf, 0xe3, 0x10, 0xf, 0x11,
    0x7f, 0xca, 0x1, 0xff, 0xc3, 0x11, 0x18, 0x7,
    0xff, 0xd, 0xc3, 0x0, 0x3f, 0xc2, 0xec, 0xad,
    0x2, 0x80, 0x1f, 0xe1, 0x99, 0x54, 0x9e, 0x80,
    0x7f, 0xf0, 0x3b, 0xfe, 0xd3, 0x0, 0xc0,

    /* U+53F8 "司" */
    0x17, 0x7f, 0xfe, 0x1a, 0x14, 0x47, 0xff, 0xf,
    0x4f, 0xff, 0xff, 0x84, 0x20, 0x1f, 0xfc, 0x61,
    0xff, 0xff, 0xb8, 0x3, 0xd, 0x57, 0xfd, 0x60,
    0x1c, 0xab, 0xff, 0xc0, 0x0, 0xf2, 0xb3, 0x7e,
    0x30, 0xf, 0xa6, 0x7f, 0xac, 0x3, 0xf2, 0xff,
    0xf8, 0x40, 0x3f, 0xfb, 0xec, 0xab, 0xe1, 0x0,
    0xfe, 0x3a, 0xaf, 0x0, 0x7f, 0x97, 0xff, 0xe8,
    0x0, 0xfa, 0xbc, 0x3, 0xe3, 0x99, 0x50, 0x88,
    0x0, 0xca, 0x1, 0xf1, 0x33, 0x11, 0x14,

    /* U+540C "同" */
    0x3f, 0xff, 0xfe, 0x22, 0x0, 0x1a, 0x23, 0xff,
    0x80, 0xc0, 0x1a, 0x9d, 0xff, 0xf8, 0x14, 0x1,
    0xe3, 0x3f, 0xf0, 0x7, 0xec, 0xcf, 0xf0, 0x80,
    0x7d, 0xff, 0xfe, 0x10, 0xf, 0xfe, 0x77, 0xff,
    0xe0, 0xf, 0xf9, 0xaa, 0xb3, 0x0, 0x7f, 0xf0,
    0x31, 0x57, 0x60, 0x7, 0xff, 0x92, 0xbf, 0xf5,
    0x0, 0x7f, 0xf0, 0x1a, 0xab, 0xc0, 0x1f, 0xe2,
    0xc5, 0x5f, 0x0, 0x7f, 0xb5, 0x40, 0x3f, 0xf9,
    0x64, 0xee, 0xa0, 0x70, 0xf, 0xfe, 0x1, 0xc4,
    0x11, 0x8c,

    /* U+540D "名" */
    0x0, 0xff, 0xe6, 0x27, 0x38, 0x7, 0xff, 0x4,
    0xa8, 0x18, 0x3, 0xff, 0x80, 0x38, 0x22, 0xef,
    0xff, 0x40, 0x6, 0x4f, 0x8, 0x99, 0xf1, 0x86,
    0x0, 0x51, 0x65, 0xee, 0xcd, 0xc4, 0x6a, 0x80,
    0x9c, 0xee, 0xd7, 0x0, 0xe3, 0xb3, 0xa0, 0x2,
    0x23, 0x21, 0x27, 0x4, 0x0, 0xb8, 0x5a, 0x1,
    0xa8, 0xc1, 0x6c, 0xbd, 0x2a, 0x89, 0x82, 0x1,
    0xf9, 0x30, 0x2d, 0x5e, 0xc4, 0x3, 0xf0, 0xbe,
    0xa, 0x6c, 0x0, 0x7c, 0x2b, 0x5d, 0x2, 0x9,
    0xbf, 0xfe, 0xb, 0xea, 0x40, 0x49, 0x9f, 0xc8,
    0x0, 0xd7, 0xce, 0x3, 0x66, 0xfc, 0x60, 0x6,
    0x83, 0x0, 0xff, 0xf4, 0xbf, 0xff, 0xe7, 0x0,
    0xf9, 0x26, 0x7f, 0x20, 0x7, 0xc6, 0xcd, 0xf8,
    0xc0,

    /* U+5411 "向" */
    0x0, 0xf9, 0x6d, 0x0, 0x3f, 0xf8, 0x7c, 0x8c,
    0x1, 0xff, 0xc2, 0x14, 0x52, 0x0, 0xfe, 0x55,
    0xe8, 0x2, 0x55, 0xfc, 0x0, 0xaa, 0xe6, 0x7,
    0xaa, 0xfc, 0x20, 0x7, 0xee, 0xff, 0xe0, 0x40,
    0x6, 0xf1, 0x1f, 0xfe, 0x8, 0x7, 0xc6, 0x7f,
    0x80, 0x3f, 0xdb, 0x99, 0xed, 0x0, 0xff, 0x9f,
    0xbb, 0x38, 0x7, 0xff, 0x3, 0xc4, 0x77, 0x80,
    0x7f, 0xf9, 0x23, 0xff, 0x40, 0x7, 0xff, 0x1,
    0x66, 0x7a, 0xc0, 0x3f, 0xc5, 0x8c, 0xdc, 0xa0,
    0x1f, 0xec, 0x60, 0xf, 0xfe, 0x5c, 0x45, 0x40,
    0x20, 0x1f, 0xfc, 0x4, 0x77, 0xc, 0x80,

    /* U+5415 "吕" */
    0x2, 0xff, 0xff, 0xe0, 0x8, 0x6, 0x69, 0x9f,
    0xc8, 0x1, 0xed, 0x66, 0xfd, 0x80, 0x1f, 0xfd,
    0xad, 0x77, 0xfd, 0x80, 0x1e, 0x68, 0x8f, 0xc8,
    0x1, 0x8b, 0xff, 0xff, 0x80, 0x20, 0x1f, 0xfc,
    0x53, 0x66, 0xff, 0xe1, 0xa, 0x4c, 0xff, 0xf0,
    0x94, 0x1, 0xdf, 0xff, 0xea, 0x0, 0xff, 0xf4,
    0x4b, 0xbf, 0xfb, 0xc0, 0x33, 0xc4, 0x7f, 0x94,
    0x3, 0x77, 0xff, 0xfa, 0x80, 0x0,

    /* U+5434 "吴" */
    0x0, 0xaf, 0xff, 0xff, 0x81, 0x20, 0x1f, 0x14,
    0xcf, 0xf8, 0x3, 0xf9, 0x9b, 0xfe, 0x10, 0xf,
    0xfe, 0x83, 0x3b, 0xff, 0x84, 0x3, 0xe1, 0x39,
    0x9f, 0xf0, 0x88, 0x3, 0xd5, 0xdd, 0xff, 0xc0,
    0x80, 0xe, 0x46, 0x6f, 0xfe, 0x12, 0x0, 0x6e,
    0x99, 0xff, 0xe1, 0x78, 0x6, 0xaf, 0xff, 0x3,
    0xff, 0xfa, 0xc0, 0x3f, 0xc4, 0x1c, 0x1, 0xfe,
    0xef, 0xff, 0x68, 0x4f, 0xff, 0xda, 0x0, 0xba,
    0xae, 0x91, 0x18, 0xea, 0xbd, 0x0, 0x5, 0x5f,
    0x0, 0xc4, 0xc, 0x55, 0x7c, 0x1, 0xf3, 0xca,
    0x33, 0x12, 0xd8, 0x3, 0xf8, 0xe3, 0xa1, 0xac,
    0x1, 0x6b, 0x3a, 0xe4, 0x1, 0xb3, 0xf1, 0xdd,
    0xb2, 0x1, 0xab, 0x1e, 0x37, 0xec, 0x1, 0x32,
    0xcf, 0x92, 0x0, 0xf1, 0xd7, 0xe4, 0xc0, 0x0,

    /* U+5458 "员" */
    0x0, 0x1f, 0xff, 0xff, 0x2, 0x0, 0x3c, 0xd5,
    0x5f, 0xa4, 0x3, 0xf6, 0x2a, 0xfe, 0x70, 0xf,
    0xda, 0x89, 0xf9, 0xc0, 0x3f, 0x3d, 0xdf, 0xe9,
    0x0, 0xf1, 0xff, 0xff, 0xf0, 0x20, 0x3, 0x19,
    0xff, 0xf0, 0x84, 0x2, 0xdc, 0xcf, 0xfe, 0xa,
    0x0, 0x64, 0xdd, 0xff, 0x48, 0x7, 0x88, 0xb9,
    0x5c, 0x8b, 0x80, 0x3f, 0xe9, 0xf0, 0xf, 0xfe,
    0x20, 0x80, 0x7f, 0xf1, 0x8, 0x34, 0x3, 0xff,
    0x87, 0x20, 0xa6, 0x1, 0xfd, 0x90, 0x7, 0x89,
    0x21, 0x9f, 0x4a, 0x9e, 0xa0, 0x11, 0xbd, 0xe0,
    0xdb, 0x17, 0x4b, 0x57, 0xc9, 0x82, 0xef, 0x4b,
    0xd6, 0xa0, 0x0, 0x5b, 0x35, 0xdd, 0x92, 0xa9,
    0x5d, 0x8a, 0x1, 0xf1, 0x47, 0x4d, 0x0,

    /* U+5468 "周" */
    0x0, 0xbf, 0xff, 0xf8, 0x50, 0x1, 0x92, 0x23,
    0xfe, 0x1, 0x0, 0xda, 0xef, 0x82, 0x5d, 0xf8,
    0x40, 0x3e, 0x33, 0xb8, 0x4c, 0xe2, 0x0, 0xfc,
    0x39, 0x93, 0x6, 0x65, 0x0, 0x1f, 0x87, 0xfe,
    0x81, 0xff, 0xa8, 0x3, 0xf0, 0x91, 0x5c, 0x24,
    0x58, 0x3, 0x84, 0x1, 0x1b, 0xb3, 0x6, 0xee,
    0x20, 0xf, 0xa7, 0xbb, 0xf8, 0x80, 0x31, 0x81,
    0x81, 0x91, 0x7c, 0x20, 0x1c, 0x20, 0xc1, 0x79,
    0x9f, 0x10, 0x7, 0x30, 0x10, 0x0, 0xff, 0xf6,
    0x0, 0x7d, 0xa0, 0x20, 0x1f, 0xfc, 0x34, 0x40,
    0x4, 0x24, 0x59, 0x80, 0x3c, 0x27, 0x80, 0x11,
    0x6e, 0xea, 0x0, 0xf3, 0x2, 0x80, 0x47, 0xff,
    0xe2, 0x0, 0xd2, 0x84, 0x0, 0x8d, 0x0, 0xe6,
    0x68, 0x46, 0x28, 0x0, 0x84, 0x40, 0x1d, 0x53,
    0x23, 0xa1, 0xc3, 0x0, 0xff, 0x67, 0xfb, 0x8,

    /* U+547C "呼" */
    0x0, 0xff, 0xe1, 0x13, 0x38, 0x7, 0xe1, 0x45,
    0x79, 0xbd, 0xfd, 0x9b, 0x20, 0x6e, 0xec, 0xcf,
    0x75, 0x45, 0x51, 0x4e, 0x7e, 0x10, 0x0, 0x66,
    0x42, 0xd, 0xfe, 0xdc, 0x71, 0x63, 0x3, 0x0,
    0x85, 0xdc, 0x20, 0xa, 0x90, 0xf, 0x26, 0x20,
    0x7, 0xed, 0x60, 0xf, 0x68, 0xa0, 0x7, 0xe6,
    0x5, 0x0, 0xe7, 0x60, 0xf, 0xe1, 0x3f, 0x0,
    0xca, 0x32, 0x1, 0xfe, 0x56, 0x0, 0xdc, 0xa2,
    0x1, 0xf8, 0x45, 0x7a, 0x20, 0x1, 0xa8, 0x11,
    0x0, 0x7d, 0x5d, 0xbd, 0xc6, 0x1e, 0xe6, 0xf7,
    0x10, 0x5, 0x54, 0x21, 0xf5, 0x59, 0x2, 0xab,
    0x94, 0x1, 0x54, 0x0, 0x22, 0xae, 0x21, 0x55,
    0xe1, 0x1, 0xff, 0x98, 0x3, 0xff, 0x82, 0x48,
    0x1, 0xff, 0xc5, 0x4a, 0x0, 0xff, 0xe6, 0xa3,
    0x31, 0x4c, 0x3, 0xff, 0x84, 0x73, 0x21, 0xb0,
    0xf, 0xfe, 0x13, 0xff, 0xb5, 0x80, 0x3c,

    /* U+548C "和" */
    0x0, 0xf8, 0xe0, 0x3, 0xff, 0x80, 0x4b, 0x17,
    0xd8, 0xcc, 0x0, 0xff, 0x56, 0xd2, 0xa2, 0x33,
    0x99, 0x7f, 0xfe, 0x0, 0x5f, 0x7e, 0x86, 0x18,
    0x6, 0x78, 0x89, 0x0, 0x21, 0x10, 0x7, 0xf4,
    0xbb, 0xd8, 0x1, 0xff, 0xca, 0xff, 0xc1, 0x3f,
    0xee, 0x0, 0xff, 0x4c, 0xc6, 0xb, 0x32, 0x80,
    0xf, 0xf3, 0x34, 0x40, 0xee, 0x66, 0x0, 0x7f,
    0xf0, 0x18, 0x40, 0xb4, 0x3, 0xff, 0x85, 0x6c,
    0xe, 0x54, 0x1, 0xff, 0xc0, 0x62, 0xb0, 0xea,
    0x57, 0x0, 0xff, 0xc, 0x39, 0x0, 0x11, 0x88,
    0x3, 0xfd, 0xa1, 0x20, 0x1a, 0x54, 0x3, 0xf9,
    0xe, 0x84, 0x3, 0xf3, 0xaa, 0xda, 0x0, 0x4a,
    0x40, 0xf, 0xe9, 0xaa, 0x94, 0x2, 0x50, 0xf,
    0xf6, 0xff, 0xd0, 0x1, 0xff, 0xc0, 0x15, 0x20,
    0x9, 0x1c, 0x3, 0xfe, 0x4a, 0x0, 0xc7, 0x0,

    /* U+54EE "哮" */
    0x0, 0xff, 0x54, 0x0, 0x7f, 0xf1, 0x18, 0x80,
    0x36, 0xb5, 0xe6, 0x61, 0x5, 0x58, 0x59, 0x56,
    0x62, 0x45, 0x6, 0x73, 0x2, 0xaa, 0x88, 0xea,
    0xa8, 0x81, 0x5, 0x53, 0xc0, 0x5, 0xff, 0x1a,
    0xff, 0x94, 0xdc, 0x3, 0xff, 0x84, 0xeb, 0xc0,
    0x1f, 0x1f, 0xfe, 0x35, 0xf8, 0xc, 0xfc, 0x0,
    0xf5, 0x57, 0x30, 0x25, 0x55, 0x0, 0x1c, 0x6a,
    0xb8, 0x58, 0xed, 0x56, 0x40, 0xf, 0x97, 0xfd,
    0x60, 0x7f, 0xee, 0x20, 0xf, 0xce, 0x40, 0xd7,
    0x46, 0x10, 0x40, 0x1, 0x21, 0x0, 0x36, 0x15,
    0x48, 0x58, 0x6b, 0x0, 0x51, 0xb4, 0x19, 0x25,
    0xaa, 0x1a, 0x18, 0x40, 0x19, 0xf3, 0x16, 0x8,
    0x7b, 0xfe, 0x61, 0xff, 0xdc, 0x1c, 0x66, 0x4d,
    0x9a, 0xac, 0x83, 0x55, 0xaf, 0x1c, 0x3, 0x12,
    0xae, 0x20, 0x55, 0xe2, 0x10, 0xf, 0xfe, 0x60,
    0xaa, 0xc6, 0x1, 0xff, 0xc1, 0x1b, 0xa2, 0xb0,
    0xe,

    /* U+5510 "唐" */
    0x0, 0xff, 0xe8, 0xeb, 0x80, 0x7f, 0xf1, 0x5e,
    0x40, 0x3f, 0xb3, 0xff, 0xe5, 0x1f, 0xff, 0x50,
    0x0, 0x52, 0xab, 0xc8, 0x15, 0x5e, 0xe0, 0x8,
    0x95, 0x48, 0x98, 0x85, 0x13, 0x95, 0x0, 0x39,
    0xfb, 0xb3, 0xf, 0x76, 0xf0, 0xf, 0x9f, 0xff,
    0x38, 0xff, 0xce, 0x1, 0xf1, 0x9f, 0x88, 0x4c,
    0xe1, 0x11, 0x90, 0x6, 0xdc, 0xce, 0x50, 0xcc,
    0x98, 0x32, 0xc0, 0x21, 0xef, 0xfe, 0x71, 0xff,
    0xa0, 0x7e, 0x40, 0x6, 0x0, 0x8e, 0xec, 0xe3,
    0xdd, 0x40, 0x7, 0xf, 0x85, 0x6e, 0xe5, 0xd,
    0xdb, 0x34, 0x2, 0x10, 0x20, 0x23, 0x3c, 0x42,
    0x67, 0xc0, 0x11, 0x0, 0x84, 0x7f, 0xe7, 0x1f,
    0xfe, 0x30, 0x2, 0x82, 0x80, 0x8b, 0x77, 0xf4,
    0x0, 0x6f, 0x21, 0x0, 0x88, 0xbf, 0x80, 0x33,
    0xb8, 0x2, 0x13, 0x3f, 0xda, 0x1, 0x28, 0xf0,
    0x6, 0xcc, 0xfc, 0xe0, 0x13, 0xa2, 0x0, 0x21,
    0xff, 0xfd, 0x40, 0x11, 0x58, 0x5, 0x3c, 0x1,
    0xf9, 0x7c, 0xc0,

    /* U+5598 "喘" */
    0x0, 0xff, 0x9d, 0xc0, 0x1f, 0xfc, 0x2, 0xb1,
    0x0, 0x66, 0x80, 0x54, 0xa0, 0xdf, 0xf8, 0xc1,
    0xc, 0x3, 0xe4, 0x20, 0xa, 0x1c, 0x3, 0xff,
    0x88, 0x2f, 0x20, 0x19, 0xcc, 0xce, 0xc6, 0x70,
    0x80, 0x7f, 0xab, 0x30, 0x66, 0xcc, 0x80, 0x3f,
    0x8b, 0xff, 0xfc, 0xe0, 0x1f, 0x33, 0x7f, 0xf0,
    0x8, 0x3, 0xd1, 0x1d, 0x32, 0x88, 0xe6, 0x0,
    0xf7, 0x76, 0xf0, 0x8e, 0xee, 0x40, 0xf, 0xa,
    0x24, 0xc0, 0x28, 0x98, 0xc0, 0x21, 0x20, 0x2,
    0xdc, 0xca, 0xa, 0xed, 0x53, 0x72, 0x0, 0x1e,
    0xc0, 0xd, 0xb8, 0x19, 0xa3, 0x5a, 0xa0, 0x1a,
    0xee, 0x30, 0xf, 0xfe, 0x10, 0xa2, 0x40, 0x1f,
    0xfc, 0x27, 0xc0, 0xf, 0xfe, 0x28, 0x90, 0x7,
    0xff, 0x4c, 0x4d, 0x80, 0x3f, 0xf8, 0x6, 0x0,
    0x56, 0xd2, 0xf0,

    /* U+5609 "嘉" */
    0x0, 0xfe, 0x99, 0x0, 0x7f, 0x9, 0x9f, 0xc8,
    0xa6, 0x7f, 0x82, 0x73, 0x3e, 0x23, 0xcc, 0xfb,
    0x42, 0x3f, 0xfe, 0x34, 0xff, 0xfb, 0x80, 0x7,
    0xdd, 0xe3, 0x4e, 0xef, 0x40, 0x4, 0x7d, 0xde,
    0xff, 0x77, 0x7a, 0x0, 0x34, 0x7f, 0xff, 0xf0,
    0x30, 0x3, 0xc5, 0xdd, 0xfe, 0x51, 0x0, 0xff,
    0xe6, 0x97, 0x77, 0xf9, 0x44, 0x3, 0xa3, 0xfc,
    0x2b, 0xff, 0xa0, 0x37, 0xf0, 0x2, 0x7d, 0xdc,
    0xb, 0xbb, 0xa0, 0x3f, 0x76, 0xa0, 0x48, 0x85,
    0x35, 0xd4, 0x46, 0xaa, 0x44, 0x6e, 0x3, 0x55,
    0xa, 0x21, 0x57, 0x11, 0x7c, 0x80, 0xbf, 0xe9,
    0xe, 0xff, 0x58, 0x45, 0xee, 0xd7, 0x0, 0x5,
    0xeb, 0x9, 0xee, 0x19, 0x0, 0x26, 0xab, 0x0,
    0x62, 0xa5, 0x70, 0x33, 0x78, 0x0, 0x8b, 0x70,
    0x5, 0x5b, 0x14, 0xdd, 0xa6, 0xe0, 0x8, 0xdd,
    0x9c, 0x2, 0xae, 0x60, 0x7f, 0xf6, 0x8, 0x6f,
    0xff, 0x70, 0x0,

    /* U+5668 "器" */
    0x0, 0x37, 0xff, 0x58, 0x3, 0xbf, 0xf9, 0xc0,
    0x3d, 0x55, 0x18, 0x6, 0x5a, 0xa8, 0x3, 0xe1,
    0x55, 0x98, 0x3, 0x62, 0xac, 0x1, 0xff, 0xcf,
    0x1f, 0xf9, 0x40, 0x34, 0xff, 0xc0, 0x1e, 0x4a,
    0xae, 0x1a, 0xb, 0x83, 0x9a, 0xa2, 0x80, 0x62,
    0x55, 0xc8, 0xa0, 0x5, 0x31, 0x80, 0x52, 0x0,
    0x95, 0x9b, 0xa8, 0x9, 0x98, 0x56, 0x70, 0xcd,
    0x0, 0x2e, 0x67, 0x90, 0x1e, 0x67, 0x11, 0x26,
    0x60, 0x7, 0x7f, 0xb9, 0x42, 0x7f, 0xf1, 0x8d,
    0x7f, 0xe0, 0xc, 0x78, 0xb4, 0xc0, 0x1b, 0x16,
    0xa8, 0x20, 0x18, 0xef, 0x9, 0x81, 0x50, 0x0,
    0xaa, 0xe3, 0x5e, 0xa4, 0x2, 0xc4, 0x0, 0x35,
    0x53, 0xc0, 0x17, 0x54, 0x30, 0x2, 0xd1, 0x13,
    0x60, 0x3f, 0xe5, 0x0, 0xd1, 0xff, 0x3, 0xf9,
    0x1, 0x8, 0x7, 0xff, 0xb, 0xc4, 0x3, 0x91,
    0x26, 0x0, 0xda, 0x89, 0x0, 0x7e, 0xbb, 0x8c,
    0x3, 0x2d, 0xdc, 0x1, 0xfb, 0xfe, 0x61, 0x0,
    0xa3, 0xfe, 0x20, 0x8,

    /* U+56FD "国" */
    0x6f, 0xff, 0xfe, 0x20, 0x80, 0x22, 0x3f, 0xf8,
    0x28, 0x1, 0x99, 0xdf, 0xff, 0x81, 0x80, 0x1d,
    0x1f, 0xff, 0xd6, 0x1, 0xf5, 0xcc, 0xce, 0xf,
    0x33, 0x78, 0x7, 0xc6, 0xcd, 0x50, 0x5b, 0x34,
    0x80, 0x1f, 0xfc, 0xe5, 0x5c, 0x16, 0xab, 0x8,
    0x7, 0xeb, 0xba, 0x41, 0xee, 0xe2, 0x0, 0xfd,
    0xdd, 0x60, 0x66, 0x1b, 0x8c, 0x3, 0xff, 0x84,
    0x47, 0x80, 0x1f, 0xfc, 0x4b, 0x62, 0x0, 0xfb,
    0x3f, 0xed, 0xc, 0xff, 0x2e, 0x90, 0x7, 0xa2,
    0xab, 0xfc, 0x40, 0x1e, 0x45, 0x5f, 0xf0, 0x7,
    0xbb, 0xff, 0xff, 0x81, 0x0, 0x1a, 0x26, 0x7f,
    0xf8, 0x8, 0x1, 0x99, 0xbf, 0xf8, 0x38, 0x0,

    /* U+578B "型" */
    0x0, 0xff, 0xe2, 0x34, 0x80, 0x6f, 0xff, 0xe0,
    0x3a, 0x0, 0x72, 0x0, 0x6a, 0x90, 0x7a, 0x80,
    0x8a, 0x7, 0x51, 0x0, 0xf9, 0x5c, 0x31, 0x50,
    0x15, 0x40, 0x1f, 0xfd, 0x29, 0xef, 0xa, 0xed,
    0xc, 0xe6, 0x0, 0xfe, 0xd9, 0x40, 0x69, 0x70,
    0x69, 0x50, 0xf, 0xe4, 0x73, 0x8, 0x7a, 0xa,
    0x73, 0x0, 0xff, 0xb, 0x30, 0x3, 0xe4, 0xf1,
    0x0, 0xf0, 0xe8, 0xc0, 0x7, 0xe2, 0x65, 0x40,
    0xc, 0xc5, 0xa2, 0x0, 0x14, 0xa8, 0x0, 0x1c,
    0xd0, 0xc0, 0x4, 0xfe, 0x60, 0x11, 0x59, 0x28,
    0x0, 0x7f, 0xda, 0xa0, 0x18, 0x59, 0xbe, 0x36,
    0x6f, 0x0, 0x7a, 0x67, 0xc6, 0x33, 0x3d, 0x0,
    0x1e, 0xff, 0xf2, 0x97, 0xff, 0x70, 0x7, 0xff,
    0x31, 0xdf, 0xf3, 0x1b, 0xbf, 0xe0, 0x4, 0x47,
    0xe3, 0x18, 0x8f, 0xc0,

    /* U+58A8 "墨" */
    0x0, 0x57, 0xff, 0xff, 0x3, 0x80, 0x3c, 0x9d,
    0x1d, 0xe8, 0x7f, 0xcf, 0xce, 0x1, 0xf0, 0x8b,
    0x64, 0x3, 0x49, 0x88, 0x7, 0xfa, 0x3c, 0x3,
    0x15, 0x0, 0x7f, 0x2f, 0x64, 0xf2, 0x1f, 0x27,
    0xf3, 0x80, 0x7a, 0xbf, 0xbb, 0x21, 0xf7, 0x6f,
    0xe0, 0xe, 0xdd, 0xf2, 0x1e, 0xef, 0x8c, 0x3,
    0x77, 0x78, 0xcb, 0xbb, 0xc6, 0x0, 0x22, 0x8,
    0xf8, 0x4, 0x7e, 0x22, 0x4, 0xee, 0xfc, 0x66,
    0xdd, 0xfb, 0x2, 0xfd, 0xd3, 0xfc, 0x97, 0xfe,
    0x48, 0xff, 0x2a, 0x7f, 0x0, 0x19, 0xf8, 0x2,
    0xf3, 0x4e, 0x81, 0xb, 0x7c, 0x0, 0x1d, 0xd2,
    0x80, 0x26, 0xa2, 0x9, 0xa2, 0x3, 0xcc, 0x60,
    0x7b, 0xaf, 0xfb, 0x79, 0xf, 0xb7, 0xff, 0x51,
    0x80, 0x51, 0xdd, 0xc8, 0x7d, 0xdd, 0x80, 0x11,
    0xa2, 0x15, 0x79, 0xc5, 0x57, 0xc8, 0x80, 0xfb,
    0xbf, 0x8c, 0xae, 0xff, 0x0,

    /* U+5907 "备" */
    0x0, 0xf0, 0xdb, 0x80, 0x7f, 0xf1, 0x6d, 0xc,
    0x47, 0xc0, 0x1f, 0xe9, 0x50, 0xbe, 0xef, 0x58,
    0x7, 0xeb, 0x62, 0xcc, 0xeb, 0x21, 0x90, 0xf,
    0x2e, 0xa3, 0x14, 0x99, 0xc3, 0x25, 0xa4, 0x1,
    0xc7, 0x4d, 0xd3, 0x89, 0xcb, 0x1a, 0x3a, 0x60,
    0x1e, 0x3d, 0xb1, 0x3, 0xd1, 0xa7, 0x2d, 0x20,
    0xf, 0xc4, 0x2, 0xd9, 0x80, 0x64, 0x2e, 0xb6,
    0x20, 0xc, 0x2f, 0x5d, 0xc9, 0x9, 0xf9, 0xbe,
    0x97, 0x9d, 0xfd, 0xa1, 0x8, 0x75, 0x7b, 0xe4,
    0x22, 0x8d, 0x3b, 0x25, 0xdc, 0x42, 0x2f, 0xd2,
    0x7b, 0xdd, 0xfd, 0x93, 0xb5, 0x0, 0x1e, 0xdd,
    0xc2, 0xbb, 0xb4, 0x80, 0x7f, 0x88, 0xb0, 0x19,
    0x14, 0xa0, 0x1f, 0xef, 0xfc, 0x2d, 0xff, 0x60,
    0x7, 0xfa, 0xef, 0x2, 0x5d, 0xd0, 0x1, 0xfe,
    0x44, 0xc2, 0x48, 0x98, 0x3, 0xfc, 0xab, 0x84,
    0x95, 0x6b, 0x0, 0xff, 0x55, 0x60, 0x4a, 0xa9,
    0xc0, 0x3f, 0xdf, 0xff, 0xd8, 0x1, 0xc0,

    /* U+590F "夏" */
    0x0, 0x8, 0xff, 0xf1, 0x40, 0x9, 0xdd, 0xff,
    0xc4, 0xa0, 0x2, 0x6e, 0xfc, 0x27, 0xbb, 0xf5,
    0x0, 0x44, 0x33, 0x3c, 0x22, 0x99, 0xea, 0x21,
    0x0, 0xcc, 0x9d, 0xff, 0x5c, 0xff, 0xe7, 0x40,
    0xf, 0xc2, 0xcd, 0xfc, 0x1, 0xfe, 0x9f, 0xff,
    0xe3, 0x0, 0xfe, 0xfd, 0xdf, 0xe4, 0x0, 0xfe,
    0xde, 0xef, 0xe4, 0x0, 0xfe, 0xde, 0xef, 0xe4,
    0x0, 0xfe, 0xdf, 0xff, 0xe4, 0x70, 0xf, 0x2f,
    0xfa, 0x42, 0x3f, 0xfe, 0xb0, 0xf, 0x86, 0xa4,
    0x23, 0xff, 0xda, 0x1, 0xe2, 0x8e, 0x70, 0x4e,
    0xee, 0x50, 0x90, 0xe, 0x8d, 0x5a, 0xdc, 0x4d,
    0x21, 0x5d, 0x4a, 0x40, 0xe, 0x9c, 0xd5, 0x3,
    0xd0, 0xcd, 0xb6, 0xf5, 0x0, 0xf0, 0x98, 0xa,
    0x47, 0x18, 0x88, 0x16, 0x9c, 0xc4, 0x3, 0x56,
    0xff, 0x5a, 0x5e, 0x76, 0x74, 0x84, 0x67, 0x7e,
    0xa0, 0x7d, 0x5e, 0xfe, 0x39, 0x80, 0x5, 0xaf,
    0xf6, 0xe1, 0x50,

    /* U+5934 "头" */
    0x0, 0xfe, 0x26, 0x0, 0xff, 0x32, 0x80, 0x64,
    0x91, 0x0, 0xfe, 0xca, 0xe7, 0x0, 0x8, 0x7,
    0xfd, 0x5a, 0xf1, 0xc2, 0x1, 0xff, 0xc1, 0x29,
    0xc6, 0x10, 0x0, 0x80, 0x7d, 0x18, 0xa0, 0x3,
    0x80, 0xf0, 0xf, 0xeb, 0x7a, 0xd5, 0x0, 0x84,
    0x40, 0x1f, 0x8e, 0xf0, 0x69, 0x0, 0x4, 0x40,
    0xf, 0xf1, 0xe5, 0x20, 0x1, 0x9c, 0x3, 0xe6,
    0x77, 0xc4, 0xef, 0x13, 0xbf, 0xcd, 0x71, 0x1f,
    0x80, 0xe2, 0x3e, 0xdf, 0xff, 0x98, 0x3f, 0xfe,
    0xe0, 0xf, 0x89, 0x98, 0x1, 0xff, 0xc3, 0xe0,
    0xae, 0xa2, 0x0, 0xff, 0xac, 0xec, 0xed, 0xf6,
    0x44, 0x3, 0xe4, 0xd4, 0x94, 0x5, 0xd9, 0x7e,
    0x60, 0xc, 0x97, 0x60, 0xc6, 0x0, 0xcd, 0xeb,
    0x36, 0x2f, 0xd6, 0xd1, 0xa6, 0x1, 0xe1, 0xa9,
    0x48, 0x56, 0xcd, 0x70, 0xf, 0xf3, 0x64, 0x80,

    /* U+5973 "女" */
    0x0, 0xfd, 0x78, 0x1, 0xff, 0xc4, 0x14, 0x50,
    0xf, 0xfe, 0x23, 0x86, 0x80, 0x7f, 0xf1, 0x28,
    0x50, 0x3, 0xff, 0x86, 0x26, 0x80, 0x1f, 0xf5,
    0xff, 0xee, 0x5, 0xff, 0xfe, 0xe0, 0xd6, 0x6c,
    0x2, 0xcd, 0xc4, 0xc, 0xd8, 0x1a, 0x66, 0xf0,
    0x89, 0x9e, 0x32, 0x99, 0xa0, 0x3, 0xac, 0x18,
    0x3, 0x18, 0xd0, 0x7, 0xe4, 0x27, 0x0, 0xeb,
    0x5, 0x0, 0xfd, 0x21, 0x20, 0x18, 0x58, 0x88,
    0x1, 0xf1, 0x10, 0x31, 0x80, 0x2a, 0x19, 0x0,
    0xfc, 0x5f, 0x21, 0x3d, 0xe, 0x8a, 0x80, 0x1f,
    0xe6, 0xdb, 0x57, 0x80, 0x90, 0xf, 0xfe, 0xa,
    0x90, 0x8, 0x65, 0x10, 0x7, 0xf1, 0x47, 0x32,
    0x7e, 0xa2, 0xec, 0x88, 0x4, 0x6d, 0x3b, 0xa7,
    0x3b, 0xb0, 0x95, 0xd8, 0xdb, 0xd8, 0x1, 0x12,
    0xc0, 0xf9, 0x84, 0x0, 0xc9, 0x90, 0x32, 0x61,
    0x37, 0xdb, 0x6, 0x1, 0xf9, 0xf6, 0xcc,

    /* U+5982 "如" */
    0x0, 0xcc, 0xc0, 0xf, 0xfe, 0x2d, 0xe0, 0x7,
    0xff, 0x14, 0xb4, 0x3, 0x13, 0x37, 0xc6, 0x1,
    0x10, 0x18, 0x6, 0x79, 0x9f, 0x90, 0x1d, 0xd0,
    0x1a, 0xef, 0x18, 0x3, 0xbf, 0xf0, 0x5, 0x32,
    0x50, 0x79, 0x94, 0x20, 0x7, 0xfb, 0xb8, 0x6b,
    0xdc, 0xf0, 0x20, 0xf, 0xfe, 0x1, 0xe0, 0x1,
    0x1, 0x80, 0x3f, 0xe4, 0x4, 0x0, 0x68, 0x18,
    0x7, 0xfd, 0xa2, 0x40, 0x3, 0x20, 0xf, 0xfe,
    0x3, 0xa8, 0x0, 0x51, 0x40, 0x3f, 0xf8, 0x8,
    0x8a, 0x16, 0xb, 0x0, 0xff, 0xe0, 0x54, 0xaf,
    0xc9, 0x98, 0x3, 0xff, 0x82, 0xda, 0x2, 0x80,
    0x1f, 0xfc, 0x36, 0x11, 0x3b, 0x80, 0x3f, 0xf8,
    0x27, 0x67, 0xcb, 0xa, 0x0, 0xef, 0xfc, 0x1,
    0xa3, 0xf, 0x2, 0x9d, 0x40, 0xf, 0x11, 0x80,
    0x2c, 0x77, 0x60, 0x5, 0x0, 0x14, 0xbb, 0xe3,
    0x10, 0xed, 0x80, 0xf, 0x2f, 0x88, 0x6, 0xc6,

    /* U+59D3 "姓" */
    0x0, 0x96, 0xc0, 0x3f, 0x5b, 0x0, 0x7e, 0xc6,
    0x0, 0xc7, 0x22, 0xb, 0xc0, 0x1f, 0x89, 0x80,
    0x32, 0x30, 0x80, 0x7f, 0xca, 0x60, 0x1b, 0xc,
    0x3, 0xfd, 0x76, 0x15, 0xbb, 0x38, 0x2b, 0xa2,
    0x4, 0xd1, 0x30, 0x4, 0xe0, 0xc0, 0xba, 0x42,
    0x97, 0x60, 0x4b, 0xba, 0x40, 0x17, 0x61, 0xbb,
    0x19, 0x28, 0xef, 0x70, 0x1b, 0xba, 0xc0, 0xb,
    0x14, 0x0, 0x5f, 0x2e, 0x42, 0x3f, 0x80, 0x25,
    0xc0, 0x10, 0xe1, 0xb0, 0xf, 0xf8, 0x85, 0x1,
    0x42, 0x30, 0x80, 0x3f, 0xe5, 0x2, 0xd, 0x21,
    0x36, 0x77, 0x85, 0x1d, 0xe2, 0x0, 0x18, 0xe1,
    0xa2, 0x80, 0x22, 0x30, 0x1c, 0x44, 0xe0, 0x4,
    0xf1, 0xc2, 0xc0, 0x7, 0x7f, 0xc2, 0xff, 0xf2,
    0x80, 0x43, 0x84, 0x1a, 0x1, 0xff, 0xc4, 0x52,
    0x56, 0xa0, 0xf, 0xfe, 0x11, 0x5a, 0xd5, 0x8,
    0x3, 0xff, 0x82, 0x98, 0x16, 0xb, 0xc, 0xdc,
    0x26, 0xcd, 0x84, 0x28, 0xbc, 0x40, 0x29, 0x9e,
    0x4, 0x99, 0xca, 0x1b, 0x82, 0x1, 0xbf, 0xff,
    0xe4,

    /* U+59DA "姚" */
    0x0, 0x99, 0x40, 0x38, 0xa0, 0x1, 0x4, 0x1,
    0xf4, 0x10, 0x7, 0x33, 0x88, 0x9d, 0x80, 0x3e,
    0x12, 0x0, 0xff, 0xe2, 0x90, 0x30, 0x0, 0x98,
    0x3, 0xf2, 0xb0, 0xb, 0xd8, 0x5b, 0xb9, 0xa5,
    0x0, 0x3e, 0xbc, 0x3, 0x96, 0x6, 0x88, 0x22,
    0xc8, 0x7, 0xa0, 0x2c, 0xb, 0x95, 0x3a, 0x80,
    0x10, 0x58, 0x1, 0xb1, 0xe8, 0x40, 0x27, 0x30,
    0x22, 0x1, 0x38, 0x7, 0xa5, 0x0, 0x31, 0x60,
    0x73, 0x0, 0x23, 0x0, 0x36, 0xb0, 0x6, 0x40,
    0x50, 0x53, 0x0, 0xb0, 0x3, 0x5c, 0x80, 0x6d,
    0x11, 0x8f, 0x0, 0xf1, 0xc0, 0x40, 0xc, 0xf6,
    0x1, 0x50, 0x6c, 0x82, 0x46, 0x33, 0x80, 0x6c,
    0xc2, 0xd0, 0x0, 0xfc, 0x5d, 0x0, 0x66, 0x84,
    0xc0, 0x31, 0x68, 0x6, 0x18, 0x4, 0x69, 0x60,
    0x74, 0x0, 0xe3, 0xa0, 0xd, 0x48, 0xd2, 0xa0,
    0xe3, 0x60, 0x1e, 0x81, 0x0, 0x50, 0x54, 0xb3,
    0x12, 0x1c, 0xc0, 0x21, 0x0, 0x3a, 0x96, 0xad,
    0x8, 0x4d, 0xd8, 0xe0, 0x0, 0x21, 0x88, 0xc0,
    0xc0, 0xd, 0x40, 0x1, 0xb3, 0x30, 0x3, 0x2b,
    0x5c, 0xa9, 0x13, 0x48, 0x2, 0x3e, 0x90, 0xe,
    0xaf, 0xfa, 0x80,

    /* U+59DC "姜" */
    0x0, 0xe9, 0x60, 0xf, 0x3c, 0x0, 0x7f, 0x86,
    0x4c, 0x3, 0x14, 0x0, 0x7e, 0x44, 0xb0, 0x61,
    0x13, 0x70, 0xe2, 0x24, 0x20, 0x3, 0xbb, 0xc2,
    0x97, 0x78, 0xc6, 0xef, 0x28, 0x0, 0xff, 0xfe,
    0x25, 0xff, 0xf9, 0x0, 0x21, 0x55, 0xf1, 0xb2,
    0xaf, 0x84, 0x3, 0x14, 0x47, 0x84, 0xe2, 0x3c,
    0x40, 0x18, 0xf7, 0x7c, 0x4b, 0xbb, 0xe3, 0x0,
    0xb7, 0xff, 0xe2, 0x5f, 0xff, 0xb8, 0x1, 0x37,
    0x7c, 0xcb, 0x57, 0x7f, 0xa8, 0x0, 0x89, 0xca,
    0xec, 0xa8, 0x9f, 0xc0, 0x3f, 0xfd, 0xc2, 0x7f,
    0xff, 0xe1, 0x15, 0xde, 0x50, 0x7b, 0xbd, 0x42,
    0x2a, 0xbb, 0x84, 0x11, 0x27, 0x55, 0x42, 0x26,
    0xc1, 0xa5, 0x44, 0x80, 0x30, 0xe8, 0x3d, 0x31,
    0x8d, 0x34, 0x20, 0x7, 0xe1, 0xfb, 0x51, 0x9c,
    0xe5, 0x34, 0x0, 0xff, 0x18, 0x1, 0xc0, 0xa,
    0x87, 0x9d, 0x4a, 0x1, 0xa7, 0xbf, 0x6d, 0x99,
    0x3d, 0x57, 0xf6, 0xe9, 0x5e, 0xa0, 0xd, 0x99,
    0x5f, 0x72, 0x98, 0x40, 0x24, 0x9e, 0xaa, 0x28,
    0x0,

    /* U+5A1C "娜" */
    0x0, 0xb0, 0xc0, 0x3f, 0xf8, 0xa2, 0x62, 0xb,
    0xff, 0xca, 0x7f, 0xfb, 0x40, 0x22, 0x2, 0x7,
    0xa2, 0x5a, 0x10, 0xb, 0x30, 0x82, 0x1, 0x31,
    0x0, 0x9, 0x47, 0x54, 0xc0, 0x23, 0x33, 0x58,
    0xe, 0x41, 0x66, 0x10, 0x3, 0xf8, 0x49, 0x0,
    0xc, 0x64, 0xc6, 0x22, 0x0, 0x8, 0x7, 0x39,
    0x18, 0xd, 0x15, 0xd0, 0x17, 0x1c, 0x71, 0x0,
    0x6d, 0x50, 0xc, 0x6a, 0x20, 0x98, 0x4d, 0x82,
    0x1, 0xa, 0x58, 0x4, 0x40, 0x64, 0x6, 0x61,
    0xe3, 0x0, 0xc2, 0x76, 0x1, 0x39, 0x3, 0x8,
    0x4, 0x20, 0x1e, 0xf7, 0x10, 0x6, 0x20, 0x62,
    0x92, 0x17, 0x20, 0x7, 0x19, 0x98, 0x0, 0xa8,
    0x48, 0x6b, 0x62, 0xf6, 0x20, 0x1c, 0xba, 0x0,
    0xd0, 0xc2, 0xb7, 0xe0, 0xef, 0x10, 0xe, 0xe6,
    0x0, 0xe, 0x18, 0x10, 0x21, 0x8, 0x8, 0x7,
    0xf8, 0x4c, 0x34, 0x31, 0xc0, 0x21, 0x0, 0x1b,
    0xca, 0x80, 0x4e, 0x36, 0x20, 0x98, 0x1, 0xf5,
    0x24, 0x0, 0x12, 0x20, 0x9a, 0xa6, 0xc0, 0x20,
    0xe0, 0x3, 0xda, 0x10, 0x1b, 0x47, 0x0, 0x5c,
    0x92, 0xc8, 0x10, 0x7, 0xc3, 0x36, 0x0, 0x15,
    0x70, 0xa7, 0x70, 0x80, 0x7e, 0x60, 0x8, 0x6c,
    0xb, 0xfd, 0x0, 0x7e, 0x1, 0xc0,

    /* U+5A1F "娟" */
    0x0, 0x9a, 0x80, 0x3f, 0xf8, 0xba, 0x20, 0x1a,
    0x7f, 0xfe, 0xe0, 0xc, 0xc4, 0x1, 0xc7, 0xbb,
    0xcc, 0x1, 0xc5, 0xe0, 0x1c, 0xe4, 0x5c, 0x20,
    0x15, 0x58, 0x55, 0x50, 0x0, 0x73, 0x3e, 0x10,
    0x8, 0x58, 0x1c, 0x50, 0xc0, 0x7, 0x99, 0xcc,
    0x1, 0x5a, 0x8d, 0xd8, 0x84, 0x27, 0xff, 0xee,
    0x0, 0x91, 0x0, 0x2, 0x20, 0xaa, 0xff, 0x10,
    0x0, 0xf4, 0x0, 0x3a, 0xb5, 0x5f, 0xc8, 0x6,
    0x8, 0x6, 0xc, 0x0, 0xdf, 0xff, 0x0, 0x56,
    0x6, 0x8, 0x6, 0x0, 0x74, 0x4f, 0x0, 0x74,
    0x5, 0xa0, 0x5, 0x57, 0x7e, 0x0, 0xa2, 0x5f,
    0xf, 0x40, 0x2d, 0xff, 0xf0, 0x6, 0x6c, 0x20,
    0x30, 0x9, 0xcc, 0xfc, 0x1, 0xc2, 0x20, 0xa4,
    0x0, 0x56, 0x67, 0x80, 0x3b, 0x87, 0x8a, 0xc8,
    0x37, 0xff, 0xc0, 0x1a, 0x4e, 0x87, 0xd0, 0x80,
    0x3f, 0xeb, 0x68, 0x40, 0x2b, 0x0, 0xf2, 0x33,
    0x80, 0x45, 0x2e, 0x1, 0xfe, 0x18, 0xa5, 0x70,
    0x96, 0x0, 0xe4, 0xf2, 0x0, 0x97, 0xb6, 0x84,

    /* U+5A77 "婷" */
    0x0, 0xff, 0xe5, 0xcd, 0x80, 0x7d, 0xb0, 0x1,
    0xfc, 0x44, 0x0, 0x84, 0x72, 0x39, 0x8, 0xe0,
    0xc, 0xdc, 0x0, 0x6e, 0xec, 0xc1, 0xbd, 0xd8,
    0x80, 0x22, 0x30, 0x3, 0xee, 0xff, 0xc4, 0x4c,
    0xc0, 0x4e, 0x60, 0xca, 0x7b, 0xbe, 0x52, 0x0,
    0x28, 0x1, 0x18, 0xc4, 0x15, 0x53, 0x3c, 0x5c,
    0x0, 0x29, 0x43, 0x99, 0x1, 0x0, 0x3d, 0x57,
    0x8c, 0x3, 0x8d, 0x41, 0x80, 0x40, 0x13, 0xff,
    0xc4, 0x1, 0xcb, 0xe0, 0x44, 0x0, 0x66, 0xef,
    0xd0, 0x1, 0x10, 0xa8, 0x6b, 0x9a, 0xbb, 0xfe,
    0x45, 0x0, 0x20, 0x18, 0x26, 0x55, 0x2e, 0xff,
    0xa8, 0x3, 0x39, 0xa, 0x2, 0x77, 0x7e, 0xa0,
    0x9, 0xae, 0x3c, 0x89, 0xc3, 0xff, 0xfb, 0x8c,
    0x2, 0x4c, 0x20, 0x3, 0xd5, 0xdc, 0xc1, 0x77,
    0x46, 0x0, 0x6a, 0x2, 0xb0, 0x2, 0x25, 0xe0,
    0x89, 0x10, 0x6, 0x26, 0x99, 0x22, 0x80, 0x7f,
    0xf0, 0x4b, 0xcd, 0x98, 0xea, 0x1, 0xff, 0xc0,
    0x1c, 0xd, 0x0, 0x40, 0x4, 0x69, 0x80, 0x1f,
    0xc, 0xe0, 0x80, 0x7a, 0x6d, 0x1c, 0x3, 0xc0,

    /* U+5B50 "子" */
    0x0, 0x33, 0x7f, 0xf0, 0x1d, 0x40, 0x3a, 0x67,
    0xff, 0x81, 0x14, 0x40, 0x1b, 0xff, 0xfd, 0x20,
    0x5a, 0x40, 0x1f, 0xfc, 0x1, 0xa9, 0x4c, 0x20,
    0xf, 0xfe, 0x3, 0xf2, 0x55, 0x88, 0x7, 0xff,
    0x2, 0xa1, 0xb9, 0x40, 0x3f, 0xf8, 0x42, 0x52,
    0x1, 0xff, 0xcf, 0xff, 0xfc, 0x85, 0xff, 0xf8,
    0x1d, 0xff, 0x10, 0xbb, 0xfe, 0x8, 0x8f, 0xcc,
    0x71, 0x1f, 0x80, 0x3f, 0xff, 0xe0, 0x1f, 0xfc,
    0xd5, 0x77, 0x95, 0x80, 0x3f, 0xf8, 0x51, 0x9,
    0x28, 0x0, 0xff, 0xe0, 0xaf, 0xfb, 0xb0, 0xc0,
    0x3f, 0x80,

    /* U+5B54 "孔" */
    0x0, 0xff, 0xe0, 0x5a, 0x80, 0x7c, 0xcd, 0xf9,
    0xc4, 0x10, 0x80, 0x3e, 0x89, 0x9f, 0xa1, 0xc0,
    0x3f, 0xdd, 0xff, 0xd4, 0xc, 0xc0, 0xf, 0xfe,
    0x1b, 0x53, 0x48, 0x7, 0xff, 0xe, 0x64, 0xf2,
    0x1, 0xff, 0xc4, 0x76, 0x80, 0xf, 0xfe, 0x30,
    0x80, 0x7f, 0xf1, 0xc4, 0x9a, 0x98, 0x3, 0xff,
    0x80, 0x2a, 0x2d, 0xb2, 0xc6, 0x1, 0xfc, 0x55,
    0xbd, 0x40, 0x77, 0xf8, 0xa0, 0x1f, 0xe4, 0x45,
    0x70, 0xa2, 0x0, 0x3f, 0xf8, 0x5, 0xd2, 0xa2,
    0x1, 0xff, 0xd4, 0x1b, 0x20, 0xf, 0xfe, 0x32,
    0x30, 0x7, 0xff, 0x7, 0xc0, 0x22, 0x6, 0x0,
    0x1a, 0x28, 0x80, 0x78, 0x51, 0x56, 0x81, 0x20,
    0x2, 0x5d, 0x5, 0x80, 0x74, 0x15, 0x54, 0xb6,
    0x1, 0x3e, 0xeb, 0xcc, 0x3, 0x9b, 0xbf, 0xee,
    0x50,

    /* U+5B59 "孙" */
    0x0, 0xff, 0xe0, 0x90, 0x80, 0x7f, 0xf1, 0x47,
    0x5c, 0x3, 0xc8, 0xcd, 0xe1, 0x0, 0xff, 0xe0,
    0x6c, 0xcf, 0x9c, 0x3, 0xff, 0x81, 0x3f, 0xf8,
    0x91, 0x80, 0x3f, 0xf8, 0x94, 0x74, 0x1, 0xff,
    0xc4, 0x75, 0xc1, 0x0, 0x6a, 0x80, 0x47, 0xe6,
    0x1, 0xc5, 0x14, 0x40, 0x4, 0x26, 0x0, 0x8c,
    0x68, 0x3, 0x84, 0x1c, 0x2, 0xc0, 0x30, 0xc,
    0xee, 0x0, 0xf8, 0x59, 0xc1, 0x10, 0x1, 0xda,
    0x28, 0x1, 0x94, 0x32, 0x7c, 0xf, 0x0, 0x39,
    0x7, 0x40, 0x11, 0xd2, 0x11, 0xf0, 0xc0, 0xc0,
    0x1e, 0x47, 0x0, 0x2b, 0xc8, 0x28, 0x2, 0x8c,
    0x40, 0x3d, 0x82, 0x41, 0xb2, 0xa0, 0x11, 0x9a,
    0x40, 0x3e, 0x50, 0x60, 0xf, 0x8f, 0x14, 0x3,
    0xe3, 0xf4, 0x0, 0xfc, 0x60, 0x1f, 0xfd, 0x53,
    0x40, 0xf, 0x2b, 0x48, 0x18, 0x7, 0xdb, 0x6,
    0x40, 0x1b, 0x25, 0x91, 0x0, 0x1f, 0x77, 0xe0,
    0x7, 0x4f, 0xf5, 0x88, 0x7, 0x0,

    /* U+5B5F "孟" */
    0x0, 0xe1, 0x1f, 0xf8, 0x3, 0xf4, 0xf7, 0x7f,
    0xc2, 0x1, 0xf5, 0xe6, 0x7d, 0x0, 0x38, 0x20,
    0x1f, 0x11, 0x9f, 0x4, 0x41, 0xbc, 0xc0, 0x3f,
    0xf8, 0x2f, 0x83, 0xb2, 0x20, 0x1e, 0x15, 0x5f,
    0xb4, 0x3d, 0xd5, 0x78, 0x2, 0x2a, 0xaf, 0x94,
    0x2a, 0xbe, 0x0, 0x8f, 0xff, 0xe7, 0xf, 0xff,
    0x80, 0x3f, 0xfa, 0xa, 0xcc, 0x40, 0xf, 0xfe,
    0x21, 0xdd, 0x82, 0x40, 0x3f, 0xf8, 0xa, 0xb1,
    0xc4, 0x24, 0xd5, 0x7c, 0x1, 0xea, 0xaf, 0xfe,
    0x11, 0x0, 0x7a, 0x7f, 0xc6, 0xdf, 0xe7, 0x2f,
    0xf5, 0x80, 0x7f, 0xf8, 0x55, 0x41, 0x8a, 0xa1,
    0x55, 0x8c, 0xca, 0xac, 0x5, 0x50, 0xd, 0x50,
    0x16, 0xa8, 0x47, 0x54, 0x41, 0xaa, 0x38, 0x45,
    0x8,

    /* U+5B62 "孢" */
    0x0, 0xff, 0x1b, 0x80, 0x7f, 0x22, 0xaf, 0x80,
    0x11, 0x40, 0x1f, 0xd3, 0x55, 0xe5, 0x24, 0x66,
    0xf8, 0x2, 0xdf, 0xfc, 0x88, 0x58, 0x4, 0x99,
    0xf0, 0x7, 0xcc, 0x92, 0x6b, 0x5f, 0xfd, 0x20,
    0x1f, 0x14, 0xd1, 0x72, 0x28, 0x7, 0xff, 0x7,
    0xd5, 0x56, 0x69, 0xff, 0xb8, 0x3, 0xf8, 0xf4,
    0x1e, 0x85, 0xae, 0xce, 0x1, 0xff, 0xc1, 0xc4,
    0xf, 0x44, 0x68, 0x0, 0x40, 0x3f, 0x6c, 0xe8,
    0x7, 0xff, 0x9, 0x64, 0x55, 0x54, 0x0, 0x10,
    0xe, 0xf1, 0x0, 0x17, 0xd2, 0x3, 0xe3, 0x80,
    0x23, 0xfd, 0x40, 0x1, 0x30, 0x1, 0x46, 0xe8,
    0x7c, 0x3, 0x35, 0xda, 0x95, 0xdc, 0xc0, 0x13,
    0x90, 0x7, 0xde, 0x88, 0x57, 0xa2, 0x80, 0xf,
    0xfe, 0x26, 0x6e, 0x18, 0x7, 0xff, 0x1c, 0xb4,
    0x40, 0x3f, 0xc2, 0x1, 0xe6, 0x20, 0x1, 0xa2,
    0x4, 0x40, 0x11, 0x4c, 0x3b, 0xe8, 0x93, 0x10,
    0xbb, 0x91, 0xc0, 0x2e, 0x44, 0x5d, 0xe4, 0x7e,
    0x0,

    /* U+5B87 "宇" */
    0x0, 0xfc, 0x84, 0x1, 0xff, 0xc4, 0xa9, 0x0,
    0xfc, 0x4e, 0xff, 0x12, 0x43, 0xbf, 0x95, 0xe2,
    0x3e, 0x30, 0x78, 0x8f, 0x48, 0x3, 0x7f, 0xff,
    0xf8, 0x26, 0x1, 0xff, 0xc8, 0x10, 0x9f, 0xff,
    0xf8, 0x1d, 0xcb, 0xc5, 0xb1, 0x19, 0x1, 0xe2,
    0x30, 0x5d, 0x80, 0x24, 0x77, 0xd8, 0x12, 0xef,
    0x80, 0x3f, 0xf9, 0x24, 0xab, 0xf6, 0x83, 0xaa,
    0xfc, 0xf5, 0x5f, 0x28, 0x4d, 0x57, 0xa1, 0x7f,
    0xfe, 0x70, 0xdf, 0xff, 0x68, 0x7, 0xef, 0x3,
    0x0, 0xff, 0xf1, 0x8b, 0xbd, 0x60, 0x20, 0x1f,
    0xf0, 0xd4, 0x40, 0x60, 0x3, 0xf0,

    /* U+5B89 "安" */
    0x0, 0xf8, 0xe8, 0xc0, 0x3f, 0xf8, 0x64, 0xb2,
    0x1, 0xfc, 0xce, 0xfc, 0xc4, 0xb0, 0xef, 0xe2,
    0x8, 0x8f, 0x88, 0x1e, 0x23, 0xce, 0x0, 0x6f,
    0xfd, 0xdf, 0xff, 0x60, 0x7, 0xf5, 0x78, 0x80,
    0x7f, 0x36, 0x0, 0x46, 0x8e, 0x20, 0x1c, 0x4c,
    0xc0, 0x85, 0x0, 0xa0, 0x24, 0x3, 0xc3, 0x26,
    0xdf, 0xfc, 0x81, 0xdf, 0xff, 0xb9, 0x26, 0x68,
    0x1, 0x99, 0xe1, 0x8, 0x99, 0x41, 0x33, 0x40,
    0xa, 0x66, 0xca, 0x2e, 0xe6, 0x68, 0x2, 0x38,
    0x44, 0x0, 0x68, 0x9, 0x0, 0xfa, 0xc1, 0x2d,
    0x40, 0x10, 0x92, 0x20, 0x1f, 0x47, 0x43, 0x57,
    0xdb, 0xab, 0x0, 0x7f, 0xb, 0xed, 0x82, 0x3,
    0xa8, 0x7, 0xf8, 0xa6, 0xc6, 0x60, 0xeb, 0x9c,
    0x3, 0x8d, 0xef, 0x59, 0xfd, 0x9f, 0xa4, 0xe3,
    0x98, 0x1, 0xb9, 0x1, 0x1d, 0x2, 0x1, 0x36,
    0xc8, 0x49, 0x7, 0x57, 0x5b, 0x88, 0x7, 0xcd,
    0xf8, 0x40,

    /* U+5B8B "宋" */
    0x0, 0xfc, 0x76, 0x20, 0x1f, 0xfc, 0x51, 0x48,
    0x0, 0xff, 0x23, 0xbf, 0x94, 0x59, 0xdf, 0xe1,
    0x0, 0x6c, 0x47, 0xc2, 0x11, 0x1f, 0x10, 0x4,
    0x3f, 0xff, 0xfc, 0x1a, 0x0, 0xff, 0xe0, 0x52,
    0x80, 0x7f, 0xb9, 0x40, 0x3c, 0xba, 0x1, 0xc2,
    0x82, 0x0, 0x7b, 0x0, 0xff, 0xe0, 0xa5, 0x90,
    0x2, 0xbf, 0xfe, 0x7, 0xff, 0xf9, 0x0, 0x1f,
    0x11, 0xc8, 0x1, 0xb, 0xc4, 0x73, 0x0, 0x15,
    0xdf, 0x95, 0x0, 0xc7, 0x9d, 0xf8, 0x80, 0x3e,
    0xa1, 0x90, 0x46, 0x92, 0x0, 0xff, 0x9d, 0x60,
    0x80, 0x12, 0x58, 0x40, 0x1f, 0xcb, 0xa, 0xe0,
    0x1b, 0xc3, 0xc8, 0x3, 0xe6, 0xa3, 0xa0, 0xe,
    0x2d, 0x2c, 0x30, 0xe, 0x99, 0x26, 0x0, 0x7c,
    0x78, 0x18, 0xe0, 0x3, 0xd6, 0x5b, 0x0, 0xfe,
    0x3c, 0x28, 0xc0, 0x21, 0x9a, 0x0, 0xff, 0x8b,
    0x5a, 0x40, 0x71, 0x80, 0x3f, 0xf8, 0x52, 0xa0,

    /* U+5B98 "官" */
    0x0, 0xfd, 0x74, 0x1, 0xff, 0xc4, 0x25, 0x10,
    0xf, 0x9f, 0xff, 0xe6, 0xe, 0xff, 0xf3, 0x80,
    0x22, 0x3f, 0xf8, 0x2e, 0x1, 0x9d, 0xff, 0xf8,
    0x32, 0x0, 0x36, 0xf, 0xff, 0xfb, 0x85, 0x8d,
    0x24, 0x0, 0x95, 0x5f, 0x90, 0x1, 0x28, 0x1,
    0x8d, 0x57, 0xf1, 0x80, 0x7f, 0xf3, 0x9f, 0xff,
    0xf3, 0x80, 0x7e, 0x4a, 0xaf, 0xeb, 0x0, 0xf8,
    0xd5, 0x7f, 0xc0, 0x1f, 0x3f, 0x77, 0xfa, 0x40,
    0x3c, 0x91, 0x1f, 0xc0, 0x60, 0x1e, 0x36, 0x6f,
    0xe3, 0x0, 0xff, 0xe6, 0x9b, 0x37, 0xf1, 0x80,
    0x7c, 0x91, 0x1f, 0xc2, 0x1, 0xf3, 0xf7, 0x7f,
    0x19, 0x80, 0x0,

    /* U+5B9A "定" */
    0x0, 0xfc, 0x76, 0x60, 0x1f, 0xfc, 0x52, 0x48,
    0x0, 0xff, 0x13, 0xbf, 0x98, 0x92, 0x1d, 0xfc,
    0x40, 0x7, 0x88, 0xf8, 0x81, 0xe2, 0x3c, 0xe0,
    0x1b, 0xbf, 0xff, 0xf8, 0x1a, 0x1, 0xff, 0xcd,
    0x10, 0x67, 0x7f, 0xf8, 0x4, 0x2, 0x5e, 0x1d,
    0x88, 0xff, 0x49, 0x72, 0x80, 0x75, 0xff, 0xe3,
    0x37, 0xfe, 0xe0, 0xf, 0xc8, 0xc0, 0x1f, 0xfc,
    0x6f, 0xb0, 0xf, 0xfe, 0x32, 0xb8, 0x6, 0x3f,
    0xfe, 0xa0, 0xf, 0x10, 0x88, 0x3, 0xc, 0x47,
    0x78, 0x7, 0xa8, 0x11, 0x0, 0x11, 0x3b, 0xf2,
    0x80, 0x79, 0x95, 0x54, 0x60, 0x1f, 0xfc, 0x28,
    0x18, 0xa3, 0xc9, 0x10, 0xf, 0xf9, 0x9d, 0x88,
    0x31, 0x98, 0x44, 0xa9, 0x88, 0x3b, 0xd0, 0x3,
    0x9, 0x20, 0x1, 0x9d, 0x85, 0x77, 0xd1, 0x12,
    0x80, 0xfd, 0x80, 0x71, 0x3d, 0xef, 0x7f, 0xf6,
    0x80,

    /* U+5BB6 "家" */
    0x0, 0xf9, 0x30, 0x80, 0x3f, 0xf8, 0x8c, 0x70,
    0x1, 0xfc, 0x9f, 0xfe, 0xd0, 0x5f, 0xff, 0x9c,
    0x2, 0x8a, 0xaf, 0xfe, 0x4, 0x80, 0x72, 0xaf,
    0xff, 0x5, 0xc0, 0x3d, 0xbd, 0xdf, 0xea, 0x0,
    0xc9, 0xc5, 0x17, 0x69, 0x1, 0x6b, 0xbd, 0xc3,
    0xce, 0x0, 0x10, 0x55, 0x14, 0x8c, 0x41, 0x57,
    0x19, 0x84, 0x3, 0x14, 0x74, 0x32, 0xc8, 0x80,
    0x55, 0x12, 0x1, 0x16, 0xe9, 0x9f, 0xa2, 0x46,
    0xc0, 0xb1, 0x66, 0x80, 0x22, 0x5a, 0xe9, 0x17,
    0xc3, 0x57, 0xd3, 0xd6, 0x0, 0xe8, 0x50, 0x6e,
    0x9a, 0xc0, 0x84, 0x1, 0x0, 0xf2, 0x4f, 0xc4,
    0xf2, 0xb0, 0x1d, 0x94, 0x80, 0x71, 0x5a, 0xd7,
    0x38, 0x4c, 0x84, 0x82, 0xd5, 0x0, 0x31, 0x6e,
    0x28, 0x2f, 0x3d, 0xb0, 0x83, 0x1d, 0x10, 0x6,
    0x20, 0x6d, 0xa7, 0xf4, 0x10, 0xb, 0x83, 0x8,
    0x0, 0x95, 0xf2, 0xfb, 0x22, 0x8, 0x80, 0x1,
    0x60, 0x6c, 0x0, 0xa3, 0xed, 0x3, 0x2d, 0x17,
    0x0, 0x45, 0xe8, 0xa0, 0xbd, 0x4, 0x7, 0x34,
    0x90, 0xa0, 0x18, 0x6f, 0x40, 0x3c, 0x3f, 0xee,
    0x70, 0xf, 0xe0,

    /* U+5C39 "尹" */
    0x1, 0x77, 0xff, 0xe0, 0xb0, 0x6, 0x28, 0x8f,
    0xfe, 0xd, 0x80, 0x63, 0xff, 0xe3, 0x4f, 0xfe,
    0x50, 0xf, 0xfe, 0xf7, 0xff, 0xc6, 0x9f, 0xfc,
    0xa5, 0xfe, 0x7, 0x7f, 0x84, 0x9d, 0xf8, 0x85,
    0xdc, 0x11, 0x1f, 0x1b, 0x44, 0x73, 0x9c, 0x40,
    0x3, 0xf1, 0x90, 0x7, 0xff, 0x14, 0x44, 0x1,
    0xff, 0x37, 0xff, 0x3, 0xff, 0xf2, 0x80, 0x72,
    0xc4, 0x63, 0x7, 0x88, 0xe2, 0x0, 0xe3, 0x77,
    0x98, 0xd2, 0x1d, 0xfa, 0x90, 0x3, 0xf5, 0x4,
    0x0, 0x79, 0xe4, 0x3, 0xea, 0x48, 0x30, 0xf,
    0xfe, 0xa, 0x72, 0xc3, 0x80, 0x7f, 0xf0, 0xf,
    0x6c, 0xed, 0xc0, 0x3f, 0xf8, 0x26, 0xf5, 0xa8,
    0x1, 0xff, 0xc2,

    /* U+5C3F "尿" */
    0x0, 0x37, 0xff, 0xff, 0xa, 0x0, 0x3d, 0x35,
    0x5f, 0xf0, 0x7, 0xe7, 0x55, 0xff, 0x80, 0x3f,
    0x18, 0x8f, 0xfc, 0x1, 0xfb, 0x7b, 0xbf, 0xe0,
    0xf, 0xd5, 0x77, 0xc8, 0x15, 0x77, 0xa8, 0x3,
    0x8, 0x2a, 0x27, 0x68, 0x22, 0x71, 0x0, 0x7f,
    0xf0, 0x88, 0x2, 0x9a, 0x0, 0xde, 0xb, 0xff,
    0xa0, 0x1, 0x20, 0x9, 0x6c, 0x0, 0xc2, 0x27,
    0xaa, 0x48, 0x70, 0x1, 0x4e, 0x9a, 0x98, 0x3,
    0x11, 0x4a, 0xa3, 0x7, 0x0, 0x1e, 0x3e, 0x28,
    0x7, 0x2b, 0x0, 0x52, 0xa2, 0x0, 0xe1, 0x43,
    0x0, 0xe1, 0x16, 0x0, 0x1c, 0xe0, 0x2, 0x3d,
    0x69, 0x0, 0xe4, 0x5, 0x7, 0x89, 0x20, 0xc,
    0x72, 0xd8, 0x60, 0x14, 0x89, 0x64, 0x41, 0x80,
    0x3c, 0xd6, 0x59, 0x40, 0x66, 0x91, 0xac, 0x70,
    0x56, 0xd0, 0x10, 0x2, 0x74, 0x48, 0x13, 0xb8,
    0x18, 0xc0, 0x1f, 0x2a, 0xc0, 0x1c, 0xe6, 0x0,

    /* U+5C5E "属" */
    0x0, 0x37, 0xff, 0xff, 0x9, 0xc0, 0x35, 0xe6,
    0x7f, 0xc1, 0xe0, 0x19, 0x4c, 0xff, 0xe0, 0xf,
    0x77, 0xff, 0xfc, 0x1, 0xeb, 0xcc, 0xfd, 0x73,
    0x17, 0x40, 0x19, 0x55, 0x53, 0x10, 0xfe, 0xdb,
    0xb6, 0x39, 0x0, 0x61, 0x4c, 0xef, 0x84, 0x3e,
    0xfd, 0xb3, 0x0, 0x84, 0x0, 0xd3, 0x10, 0xf6,
    0x1c, 0xce, 0x0, 0xf0, 0x9f, 0x74, 0xc3, 0xdd,
    0x21, 0x80, 0x5e, 0x20, 0x11, 0x15, 0xe0, 0x45,
    0x78, 0x6, 0x23, 0x0, 0xf, 0x75, 0x3, 0xdd,
    0x48, 0x80, 0x42, 0xc0, 0x9f, 0xfa, 0x7, 0xff,
    0x84, 0x0, 0xa6, 0x5d, 0xdd, 0x3, 0xdd, 0xd8,
    0x4, 0x3a, 0x0, 0xcf, 0xfa, 0x47, 0xeb, 0x7d,
    0xc0, 0x8, 0x8, 0x1, 0x8, 0x8b, 0x85, 0x33,
    0x80, 0x35, 0x98, 0x80, 0x55, 0xda, 0xc5, 0xa,
    0x2a, 0x0, 0x42, 0x90, 0xd, 0x7f, 0xee, 0xdc,
    0xc4, 0x91, 0x1, 0x95, 0x40, 0x1f, 0xf6, 0x42,
    0x51, 0x50, 0x0, 0xbc, 0xc0, 0x3e, 0x8f, 0xe7,

    /* U+5C81 "岁" */
    0x0, 0xf9, 0xb0, 0x3, 0xf6, 0x28, 0x6, 0xe3,
    0x0, 0xeb, 0x81, 0x32, 0x0, 0xff, 0x94, 0x80,
    0x3f, 0xf8, 0xda, 0xcd, 0x8c, 0x19, 0xb8, 0x40,
    0x25, 0x99, 0xc8, 0x13, 0x3c, 0x0, 0x1f, 0xfd,
    0x1, 0x7f, 0xff, 0x50, 0x6, 0x48, 0x54, 0x0,
    0xff, 0x92, 0xc1, 0x7f, 0xfe, 0xb0, 0xa, 0x6c,
    0xe6, 0x7e, 0x70, 0x10, 0x4d, 0x66, 0x63, 0x37,
    0xc6, 0x10, 0x4, 0x17, 0x2d, 0x84, 0x1, 0x99,
    0x20, 0x81, 0xb5, 0x1, 0xc3, 0x10, 0x0, 0xb2,
    0x8e, 0x1, 0xe1, 0xc5, 0xb4, 0x7a, 0x5b, 0x0,
    0xfe, 0xb3, 0xb8, 0x7a, 0x0, 0xfe, 0x4b, 0x32,
    0xa8, 0x0, 0xf0, 0xac, 0xf5, 0xb5, 0x6a, 0x80,
    0x7a, 0xba, 0x9d, 0x2b, 0x54, 0x3, 0xf4, 0x43,
    0x7a, 0x94, 0x3, 0xfc,

    /* U+5C9B "岛" */
    0x0, 0xf3, 0x69, 0x80, 0x7f, 0xf0, 0xac, 0x4c,
    0x3, 0xf9, 0xff, 0xf1, 0x1f, 0xff, 0x84, 0x3,
    0xa6, 0x7f, 0x90, 0x4, 0x3, 0x99, 0x3d, 0x19,
    0xb8, 0x84, 0x3, 0xe1, 0x5d, 0xb2, 0x0, 0x88,
    0x80, 0x1f, 0x1e, 0x61, 0xf4, 0xd1, 0x51, 0x0,
    0x1f, 0xc7, 0x9a, 0x57, 0x45, 0x40, 0x1e, 0x11,
    0xe3, 0xd, 0xd6, 0x18, 0x88, 0x3, 0x77, 0x7d,
    0xba, 0xee, 0xc6, 0xb, 0x77, 0xff, 0xc0, 0x70,
    0x11, 0x12, 0x25, 0x62, 0x89, 0x32, 0xa2, 0x38,
    0xf, 0xdc, 0x3, 0xf6, 0x38, 0x0, 0x40, 0x40,
    0x3f, 0xf8, 0x5c, 0x20, 0x1f, 0xfc, 0x32, 0x20,
    0x2, 0x3f, 0xe0, 0xaf, 0xf8, 0x40, 0x25, 0x60,
    0xdc, 0xcf, 0xe0, 0xc5, 0x81, 0xc0, 0x33, 0xff,
    0x52, 0xd3, 0xab, 0x0, 0x7f, 0xcb, 0xff, 0x50,
    0x0,

    /* U+5D14 "崔" */
    0x0, 0xfe, 0xb7, 0x0, 0xff, 0x74, 0x80, 0x72,
    0xf0, 0x7, 0x74, 0x80, 0x7f, 0xf2, 0xc9, 0x13,
    0x84, 0x91, 0x38, 0x40, 0x39, 0x2e, 0xf8, 0x12,
    0xef, 0x80, 0x3b, 0xbf, 0x8d, 0x3b, 0xfc, 0xeb,
    0xff, 0xd2, 0x1, 0xce, 0x7a, 0x20, 0xe, 0x53,
    0x0, 0xfe, 0x29, 0x9, 0xff, 0xa4, 0x33, 0xff,
    0x90, 0x0, 0x3e, 0xf, 0x55, 0x9c, 0x26, 0xab,
    0x94, 0xb, 0xc8, 0x31, 0x57, 0x68, 0x22, 0xaf,
    0x9, 0x68, 0xc8, 0x5f, 0xfe, 0xa0, 0xdf, 0xfc,
    0x80, 0x4f, 0xa8, 0x11, 0x77, 0x9c, 0x2a, 0xef,
    0x28, 0x2, 0x8, 0x0, 0x68, 0x9b, 0x41, 0xd1,
    0x30, 0x80, 0x7a, 0xfb, 0xb5, 0x6, 0xf7, 0x64,
    0x0, 0xf4, 0x55, 0x67, 0xa, 0xae, 0x50, 0xf,
    0x1a, 0x26, 0xd0, 0x74, 0x4c, 0x20, 0x1e, 0xd6,
    0x6d, 0x80, 0xac, 0xde, 0x0, 0xe7, 0xbb, 0xc8,
    0x55, 0x77, 0xe0, 0xe, 0xad, 0xdf, 0xfe, 0x8,

    /* U+5E2E "帮" */
    0x0, 0xcd, 0x80, 0x1f, 0xfc, 0x2, 0x33, 0xbc,
    0xcf, 0x12, 0x7f, 0xfa, 0x21, 0x99, 0x30, 0x66,
    0x50, 0x0, 0x8a, 0xa2, 0x6, 0x57, 0xfc, 0xe1,
    0xff, 0x50, 0x1, 0x54, 0x88, 0x74, 0x15, 0x58,
    0x81, 0x56, 0x10, 0xd, 0x47, 0x0, 0x51, 0x12,
    0x4, 0x44, 0x40, 0x1c, 0x26, 0x7, 0xbb, 0x30,
    0x6e, 0xc6, 0x1, 0xae, 0xb0, 0xaa, 0xb3, 0x5,
    0x55, 0x0, 0x1c, 0xe5, 0x19, 0x90, 0x89, 0xb3,
    0x2d, 0x0, 0x32, 0xa3, 0x11, 0xb3, 0xd, 0x11,
    0x2c, 0xd2, 0x80, 0x1e, 0x2a, 0x16, 0xa, 0xe9,
    0x2c, 0x2, 0x54, 0x1, 0x16, 0xf7, 0x28, 0x4c,
    0x1a, 0xc, 0xf5, 0xc3, 0xe8, 0x99, 0xc2, 0x3,
    0x6d, 0x99, 0xc2, 0x79, 0x9e, 0x60, 0xc, 0xdd,
    0xd8, 0x8f, 0xbb, 0x60, 0x7, 0x84, 0x78, 0x1c,
    0x47, 0x10, 0x7, 0xff, 0x50, 0xbf, 0xdc, 0x8,
    0x1, 0x55, 0x0, 0x3e, 0x2b, 0xbb, 0x8c, 0x2,
    0x52, 0x0, 0xfc, 0x89, 0x8, 0x0,

    /* U+5E38 "常" */
    0x0, 0xff, 0xe4, 0x1d, 0x8, 0x5, 0x5a, 0x1,
    0xad, 0x40, 0x30, 0xa5, 0x0, 0x7e, 0x94, 0x60,
    0xc, 0x50, 0xa4, 0x1, 0xe1, 0x79, 0x30, 0x2,
    0x77, 0x20, 0x73, 0xb8, 0xa5, 0xdc, 0xf0, 0x8e,
    0xe3, 0x0, 0xcc, 0x4c, 0x45, 0x32, 0x88, 0xe9,
    0x10, 0x9, 0x59, 0xbf, 0xf8, 0xe, 0x1, 0xc5,
    0xff, 0xfe, 0x60, 0x9, 0x68, 0x80, 0x13, 0xbb,
    0xeb, 0x0, 0xa9, 0x5, 0x40, 0x22, 0x2f, 0x94,
    0x2, 0x52, 0x0, 0xeb, 0xff, 0xf7, 0x0, 0x7e,
    0x2d, 0xdc, 0xc1, 0x9b, 0xb3, 0x80, 0x7c, 0x45,
    0x84, 0x8, 0xb0, 0x80, 0x77, 0xff, 0x9c, 0x3b,
    0xff, 0x8c, 0x3, 0x2d, 0xde, 0x50, 0xbb, 0xd0,
    0x1, 0xe2, 0x44, 0xc4, 0x8, 0x98, 0xc0, 0x3f,
    0xfa, 0x82, 0xaa, 0xd0, 0x10, 0x8, 0x7c, 0x3,
    0xe1, 0xba, 0x75, 0x20, 0xb, 0x9c, 0x3, 0xf7,
    0x7f, 0x50, 0x0,

    /* U+5E73 "平" */
    0x6, 0x77, 0xff, 0xe1, 0x30, 0x2, 0x23, 0xff,
    0x87, 0x60, 0xe, 0xff, 0xf1, 0x1f, 0xfe, 0xef,
    0xd0, 0x9, 0x34, 0x40, 0x21, 0x70, 0x8, 0xb9,
    0x80, 0x32, 0x94, 0x0, 0x7e, 0xa0, 0x40, 0xc,
    0x2e, 0xc0, 0x1f, 0x99, 0x48, 0x3, 0xa8, 0x18,
    0x3, 0xce, 0x30, 0x1, 0xe2, 0x31, 0x0, 0xf5,
    0xb9, 0x0, 0x7d, 0x8e, 0x1, 0xec, 0x80, 0xd,
    0xdf, 0xff, 0x1a, 0x7f, 0xfe, 0x67, 0x7f, 0x84,
    0x4e, 0xff, 0xa2, 0x3f, 0x12, 0xc4, 0x7e, 0x0,
    0xff, 0xff, 0x80, 0x7f, 0xf5, 0x40,

    /* U+5E74 "年" */
    0x0, 0xe9, 0x90, 0x7, 0xff, 0x14, 0x98, 0x3,
    0xff, 0x8d, 0x0, 0x2a, 0xbf, 0xf0, 0x7, 0x12,
    0x83, 0xd5, 0x7f, 0xc4, 0x1, 0xb8, 0x77, 0xff,
    0x19, 0xbf, 0xfc, 0x40, 0x14, 0x1d, 0x90, 0x7,
    0xff, 0xe, 0x1d, 0x94, 0x3, 0xff, 0x89, 0xab,
    0x37, 0xff, 0xc6, 0x6f, 0xfe, 0xa0, 0x9, 0x68,
    0x0, 0x51, 0x18, 0x45, 0x11, 0xde, 0x1, 0xf3,
    0x3b, 0xe2, 0x23, 0xbf, 0x28, 0x7, 0xff, 0x7d,
    0xde, 0x66, 0x3b, 0xe1, 0x27, 0x7f, 0x80, 0x11,
    0x11, 0x12, 0x23, 0x10, 0xc4, 0x7c, 0x21, 0xff,
    0xfc, 0x66, 0xff, 0xf8, 0x40, 0x3f, 0xff, 0xe0,
    0x1c,

    /* U+5EB7 "康" */
    0x0, 0xfe, 0x9c, 0x0, 0xff, 0xe3, 0x61, 0xb8,
    0x7, 0xfb, 0x7f, 0xfd, 0x41, 0x1f, 0xfe, 0xc0,
    0xc, 0x97, 0x7e, 0x4, 0xbb, 0xf7, 0x80, 0x62,
    0x45, 0x5e, 0x11, 0x2a, 0xf2, 0x18, 0x7, 0xbf,
    0xbb, 0xa, 0xf7, 0x70, 0x7, 0xee, 0xff, 0xc2,
    0xdf, 0xf4, 0x80, 0x7e, 0x45, 0x5e, 0x12, 0x55,
    0xbc, 0x19, 0x80, 0x1d, 0xf3, 0x3c, 0xb, 0x33,
    0x38, 0x44, 0x0, 0x30, 0xde, 0x67, 0xb, 0xe6,
    0x50, 0x1d, 0xc0, 0x8, 0xc0, 0x7f, 0xf8, 0x5b,
    0xfe, 0x90, 0xf, 0xf, 0x8b, 0x66, 0xec, 0x29,
    0xbb, 0xa4, 0x3, 0xc4, 0x29, 0xc0, 0x44, 0x4,
    0x72, 0x25, 0x4c, 0x0, 0x44, 0xc, 0x3a, 0xda,
    0x42, 0x20, 0xa5, 0xc6, 0xa8, 0x0, 0x90, 0x8,
    0x1, 0x6d, 0x1c, 0xc, 0xf4, 0x1e, 0xa0, 0x1b,
    0xc8, 0x41, 0x71, 0x87, 0x4, 0x22, 0x7, 0x64,
    0x1, 0x9d, 0xf, 0xa9, 0xf2, 0xcc, 0x2, 0x7a,
    0x4d, 0xb6, 0x4, 0x1a, 0x37, 0xdb, 0x73, 0x41,
    0x10, 0x1, 0x7a, 0x1f, 0xc1, 0xd0, 0xc2, 0x48,
    0x23, 0x2c, 0xe8, 0x3, 0x3e, 0x48, 0x0,

    /* U+5ED6 "廖" */
    0x0, 0xfe, 0x3d, 0x20, 0xf, 0xf1, 0x9f, 0xce,
    0x56, 0x67, 0xf0, 0x5, 0xd9, 0x9e, 0xb0, 0x6c,
    0xcf, 0x80, 0x33, 0xff, 0xff, 0xf0, 0xc0, 0x38,
    0xbf, 0xfb, 0x53, 0xff, 0xb8, 0x3, 0xc5, 0x91,
    0xdc, 0x83, 0x4b, 0xae, 0xe4, 0x0, 0x7e, 0x2d,
    0xa1, 0x10, 0x1, 0xa6, 0x4, 0x40, 0x1f, 0x86,
    0xb6, 0x60, 0x0, 0x58, 0x17, 0x20, 0x1f, 0xc,
    0x6d, 0x7c, 0x1c, 0xcb, 0xcf, 0xe4, 0x3, 0x8c,
    0x4, 0x3f, 0x18, 0xd, 0x96, 0xe9, 0x15, 0x80,
    0x30, 0xf8, 0x41, 0xb6, 0xdd, 0x7d, 0xd5, 0xa1,
    0xc0, 0x7, 0x7b, 0xe7, 0x5d, 0xb5, 0xed, 0x3c,
    0xeb, 0xed, 0x80, 0x2, 0x1d, 0x8b, 0x98, 0xc,
    0xf8, 0x30, 0x8e, 0xb2, 0x10, 0x1, 0x82, 0xdc,
    0xbf, 0xfa, 0x30, 0x6b, 0xc8, 0x12, 0x5c, 0x0,
    0xe0, 0x60, 0x4, 0xea, 0x3c, 0xc6, 0xf9, 0x29,
    0x80, 0x6c, 0x20, 0x9, 0x3f, 0xe8, 0xe7, 0x5c,
    0xb6, 0x0, 0xce, 0x80, 0x12, 0x76, 0x50, 0xcf,
    0x52, 0x7a, 0x80, 0x48, 0x34, 0x0, 0x4b, 0xcf,
    0xd9, 0xa, 0xe8, 0x10, 0xc, 0x94, 0x60, 0x5,
    0xc8, 0xcf, 0xc9, 0x40, 0xf, 0x80,

    /* U+5EFA "建" */
    0x0, 0xff, 0x93, 0x4, 0x3, 0xe6, 0x88, 0xa9,
    0x80, 0x46, 0x23, 0x21, 0x1c, 0x1, 0x72, 0x21,
    0x55, 0xe3, 0xdd, 0x48, 0x67, 0x75, 0x60, 0x14,
    0x66, 0x14, 0x20, 0x7b, 0xa9, 0xc, 0xee, 0x20,
    0x7, 0x85, 0xdc, 0xc, 0xef, 0x78, 0x23, 0xb9,
    0x9d, 0x80, 0x34, 0xc, 0x1d, 0x56, 0x40, 0xba,
    0xa1, 0x9a, 0x84, 0x0, 0x6d, 0x60, 0x59, 0x9a,
    0x3, 0x73, 0x8, 0x8c, 0x10, 0x3d, 0x8, 0xd9,
    0x2a, 0xaa, 0x42, 0xaa, 0x40, 0xc, 0xc9, 0x14,
    0x66, 0x2, 0x29, 0xc0, 0x8a, 0x6c, 0x0, 0x96,
    0x9d, 0xc1, 0xa5, 0x11, 0x70, 0x44, 0x66, 0x0,
    0x8a, 0x80, 0x44, 0x6b, 0xdd, 0x58, 0x7f, 0x76,
    0x20, 0x1, 0xa9, 0xa0, 0x2a, 0x6e, 0xd2, 0x17,
    0xbb, 0x88, 0x0, 0x2b, 0x1c, 0x82, 0x62, 0x30,
    0x0, 0x47, 0x88, 0x2, 0x84, 0x46, 0x8e, 0xee,
    0x80, 0xbd, 0xdd, 0x80, 0x11, 0x20, 0x0, 0x7f,
    0xf5, 0x6, 0xff, 0xee, 0x0, 0x91, 0x5, 0x34,
    0x60, 0x1c, 0x60, 0x1f, 0x1d, 0x1e, 0xda, 0x66,
    0xd4, 0x1c, 0xa2, 0xaf, 0x10, 0x69, 0xe8, 0x27,
    0x5a, 0x8a, 0xc4, 0xd5, 0x78, 0xc3, 0x70, 0x40,
    0x24, 0x8b, 0xde, 0xff, 0xf8, 0x40,

    /* U+5F20 "张" */
    0x0, 0xfc, 0x2c, 0x20, 0x1f, 0x8b, 0xff, 0x8c,
    0xa, 0x48, 0x3, 0x2d, 0x88, 0x15, 0x54, 0xe0,
    0x1f, 0xc5, 0x42, 0x20, 0x2, 0xad, 0x60, 0x1f,
    0xdc, 0x36, 0x1, 0xff, 0xc3, 0xb3, 0xd1, 0x0,
    0x95, 0xdd, 0x40, 0x1e, 0x2d, 0x4b, 0x30, 0xd,
    0xd1, 0x6, 0x0, 0xf4, 0x9e, 0x20, 0x7, 0x3b,
    0x7f, 0xc6, 0xe, 0xf, 0x58, 0x60, 0x1e, 0x2e,
    0x0, 0x9f, 0xec, 0x2f, 0xb7, 0xff, 0x88, 0x4,
    0x80, 0x25, 0xb8, 0x8, 0xb3, 0x35, 0xde, 0x21,
    0xa, 0xff, 0x99, 0x10, 0x8, 0x8a, 0x34, 0x4c,
    0x0, 0x99, 0x9c, 0x1c, 0x3, 0x9c, 0x14, 0x3,
    0xb, 0x35, 0xa0, 0x20, 0x1c, 0x29, 0x0, 0x1f,
    0x8c, 0xc, 0x3, 0xd0, 0x4a, 0x1, 0xf7, 0x0,
    0x80, 0x78, 0xd2, 0x88, 0x3, 0xc4, 0x40, 0x3,
    0x82, 0x4f, 0x25, 0xf, 0x90, 0x1, 0x51, 0x54,
    0xe0, 0xe, 0x8, 0x49, 0x41, 0xd2, 0xc2, 0x8,
    0xba, 0x28, 0x0, 0x22, 0x2f, 0x5c, 0x0, 0x7a,
    0xe4, 0x1b, 0xfe, 0xd2, 0x0, 0x7d, 0xa0, 0x7,
    0x14, 0x80,

    /* U+5F3A "强" */
    0xc, 0xff, 0xe5, 0xe, 0xff, 0xf9, 0xc0, 0x29,
    0x9d, 0x0, 0x10, 0xb5, 0x57, 0x7, 0x80, 0x4a,
    0xcd, 0x38, 0x6, 0xf5, 0x5e, 0x10, 0xf, 0xfe,
    0x60, 0xa2, 0x60, 0xd, 0x3f, 0xfc, 0x20, 0x19,
    0xee, 0xf0, 0x5, 0x77, 0x30, 0x5d, 0xd4, 0x1,
    0x70, 0xf7, 0x65, 0x4, 0x4b, 0xc1, 0x12, 0x20,
    0x8, 0x54, 0x47, 0x2, 0xff, 0xd2, 0x1f, 0xf8,
    0x2, 0x22, 0x0, 0x71, 0x85, 0xd9, 0x82, 0xec,
    0xe0, 0x19, 0x5f, 0x33, 0x18, 0xa, 0x23, 0xc1,
    0x11, 0xa0, 0x19, 0x98, 0x88, 0x63, 0x10, 0xf,
    0xfe, 0xc, 0x46, 0xf0, 0x30, 0x1f, 0xf4, 0x87,
    0xfa, 0x80, 0x3f, 0x10, 0xb, 0xdd, 0xcc, 0x17,
    0x68, 0xb0, 0xf, 0xb8, 0x40, 0x51, 0x2f, 0x4,
    0x78, 0x0, 0xfc, 0xa4, 0x1, 0xf8, 0xd6, 0x80,
    0x32, 0xa9, 0xcd, 0x9, 0x9e, 0x26, 0x83, 0x35,
    0x45, 0xc0, 0x2f, 0xa8, 0x39, 0x19, 0x85, 0x25,
    0x89, 0xee, 0x4c, 0x80, 0x2a, 0xff, 0x60, 0x9f,
    0xfb, 0x6e, 0x5d, 0x4c, 0x5b, 0x0,

    /* U+5F55 "录" */
    0x4, 0xee, 0xff, 0xe0, 0x7b, 0x80, 0x66, 0x99,
    0xff, 0x98, 0x3, 0xc4, 0xef, 0xff, 0x50, 0x7,
    0xc8, 0xcd, 0xfe, 0xa0, 0x10, 0xe, 0xe9, 0x9f,
    0xf3, 0x81, 0x80, 0x75, 0x7f, 0xff, 0xa8, 0x4,
    0x2, 0x13, 0x3f, 0xfe, 0x6, 0x81, 0x19, 0x82,
    0x73, 0x3f, 0xf8, 0xe, 0x13, 0x9a, 0x11, 0xdb,
    0xdd, 0xc6, 0x5d, 0xdd, 0x7d, 0xe0, 0x16, 0x51,
    0x88, 0xce, 0x4a, 0x23, 0x5d, 0x94, 0x40, 0x3,
    0x4b, 0xaa, 0x1, 0xa4, 0x6, 0xd6, 0x10, 0x3,
    0x27, 0xa5, 0x10, 0x0, 0x4a, 0xbd, 0x6d, 0xc0,
    0x3c, 0x37, 0x8f, 0x68, 0x52, 0xa7, 0xe8, 0x1,
    0xf0, 0xbe, 0xd3, 0x90, 0x33, 0x95, 0x80, 0x78,
    0xe7, 0xa1, 0x73, 0xc, 0x0, 0x88, 0x2e, 0xa0,
    0x4, 0x98, 0xcc, 0xdb, 0x30, 0xe, 0x7b, 0x3b,
    0xd7, 0x4, 0x8e, 0x92, 0x34, 0x43, 0x0, 0x64,
    0xe8, 0xd, 0x0, 0x38, 0x80, 0x12, 0xec, 0x12,
    0x1, 0xcf, 0xb4, 0x0,

    /* U+5F64 "彤" */
    0x0, 0xff, 0xe2, 0x1a, 0x80, 0x63, 0xff, 0xfa,
    0x80, 0x31, 0x64, 0x80, 0x79, 0xe6, 0x71, 0x8,
    0x4, 0x78, 0x78, 0x1, 0xea, 0x76, 0x6c, 0x1,
    0x46, 0x16, 0x80, 0x7c, 0x3c, 0xc0, 0x1d, 0x8e,
    0xd8, 0x20, 0x1f, 0xc, 0x48, 0x80, 0x69, 0xa9,
    0x0, 0x8, 0x7, 0xce, 0x32, 0x1, 0x95, 0x40,
    0x3, 0xe6, 0x0, 0xfa, 0x54, 0x3, 0xe2, 0xd3,
    0x60, 0x0, 0xb8, 0x8, 0x97, 0xc4, 0x0, 0x20,
    0x3, 0xc3, 0xd0, 0xb, 0xac, 0x33, 0xb7, 0x5c,
    0x88, 0xe2, 0x7c, 0x2c, 0x10, 0xa, 0x9c, 0x22,
    0xab, 0x11, 0x27, 0xa2, 0x18, 0x20, 0x19, 0x74,
    0x1d, 0x57, 0x33, 0x5f, 0x8e, 0x0, 0x46, 0x0,
    0x88, 0x40, 0x3f, 0x19, 0x80, 0x3, 0x56, 0x1,
    0x79, 0x0, 0x7f, 0xf0, 0x28, 0x78, 0x2, 0x37,
    0x0, 0xff, 0xa9, 0x24, 0xc0, 0x2, 0x9a, 0x1,
    0xfc, 0x38, 0xb0, 0xc0, 0x13, 0x3, 0x80, 0x4a,
    0xb0, 0x83, 0xf9, 0xd3, 0x80, 0x69, 0x61, 0x0,
    0xa6, 0x8f, 0xa2, 0xb, 0xaa, 0x1, 0xd9, 0x20,
    0x1b, 0x3f, 0x52, 0x2e, 0xc4, 0x1, 0xc0,

    /* U+5F6D "彭" */
    0x0, 0xe4, 0xc1, 0x0, 0xfc, 0x44, 0x0, 0xf8,
    0x8c, 0xc0, 0x1f, 0xf, 0xf8, 0x40, 0x1d, 0xff,
    0x48, 0x6f, 0xfd, 0x40, 0x1, 0xc3, 0xc1, 0x0,
    0x66, 0xed, 0x1, 0x7b, 0xb4, 0x2, 0xf1, 0xe0,
    0x80, 0x44, 0x5c, 0xa, 0x45, 0xaa, 0x8b, 0xe4,
    0x1, 0x93, 0xfe, 0xa0, 0xef, 0xf8, 0xa6, 0x54,
    0x20, 0x1c, 0xb7, 0x7f, 0xc4, 0x6c, 0x0, 0x2d,
    0x60, 0x0, 0xb3, 0xbf, 0xcc, 0x1, 0x8b, 0xc5,
    0xc0, 0x2c, 0xcf, 0xdc, 0x1, 0x26, 0xe, 0x88,
    0x6, 0x9f, 0xfe, 0x50, 0x0, 0xd5, 0xa6, 0x88,
    0x7, 0xff, 0xa, 0xd2, 0xa8, 0x20, 0x1e, 0x9f,
    0xfe, 0x50, 0x5, 0x7a, 0x80, 0x4, 0x40, 0x16,
    0xbc, 0x66, 0x4a, 0xfc, 0x0, 0x10, 0xb, 0x7c,
    0x2, 0x32, 0xb3, 0x39, 0x7c, 0x80, 0x3a, 0x4e,
    0x80, 0x37, 0x18, 0x82, 0x82, 0x80, 0x75, 0x34,
    0x20, 0x6, 0x44, 0x18, 0xf0, 0xd5, 0x40, 0x58,
    0xb0, 0xe0, 0x13, 0x45, 0x36, 0xf2, 0xa, 0x86,
    0xbe, 0x95, 0xb8, 0x6, 0xb6, 0x14, 0x9b, 0xdf,
    0xda, 0xe8, 0x5f, 0x40, 0xe, 0xde, 0xb9, 0x64,
    0x20, 0xa, 0x72, 0x84, 0x3, 0x80,

    /* U+5F90 "徐" */
    0x0, 0xc4, 0xc0, 0x1e, 0x54, 0x0, 0xff, 0x75,
    0x88, 0x6, 0x2a, 0xd0, 0xf, 0xeb, 0x2c, 0x10,
    0xd, 0xe2, 0xc6, 0x1, 0xe2, 0xd5, 0xd1, 0x0,
    0xd6, 0x7e, 0xda, 0x60, 0x18, 0x70, 0x30, 0xd8,
    0xc0, 0x6d, 0x30, 0x65, 0x31, 0x40, 0x21, 0x9d,
    0x25, 0x95, 0x2c, 0x4b, 0x20, 0x5, 0x35, 0x50,
    0x40, 0xe, 0x5, 0x48, 0x3a, 0x2e, 0x4c, 0xdb,
    0x8d, 0x7c, 0x80, 0x5, 0xe1, 0x4a, 0xf8, 0xb7,
    0x69, 0x95, 0xd0, 0x63, 0x10, 0x26, 0x10, 0x9,
    0x40, 0x6e, 0xc2, 0xdb, 0xac, 0x38, 0x4, 0xb3,
    0x60, 0xf, 0xfe, 0x22, 0xab, 0x78, 0x0, 0x3f,
    0xfc, 0x2d, 0xff, 0xb0, 0x6, 0x80, 0x30, 0xcc,
    0xf0, 0xa4, 0xcf, 0x0, 0x7e, 0x64, 0x56, 0x60,
    0x13, 0x39, 0x32, 0x80, 0x7f, 0x47, 0x0, 0x73,
    0xd9, 0x80, 0x7f, 0x12, 0xd8, 0x7, 0x31, 0xf0,
    0x7, 0xf4, 0x8b, 0x0, 0x7b, 0x89, 0xc0, 0x3e,
    0x64, 0xb0, 0xf, 0x89, 0xa4, 0x40, 0x3c, 0xac,
    0xa6, 0xac, 0x22, 0x0, 0xae, 0x4, 0x3, 0xc7,
    0x20, 0xa, 0x93, 0xa0, 0x8, 0x98, 0x3, 0x3f,
    0x80, 0x63, 0xff, 0x61, 0x0, 0x78,

    /* U+5FC3 "心" */
    0x0, 0xf8, 0x40, 0x3f, 0xf8, 0xf9, 0xa4, 0x1,
    0xff, 0xc5, 0xf0, 0xd6, 0x0, 0xff, 0xe2, 0x16,
    0x24, 0xc8, 0x3, 0xff, 0x88, 0x36, 0xed, 0x40,
    0x1f, 0xfc, 0x17, 0x30, 0x4, 0x41, 0xc4, 0x3,
    0xfe, 0x18, 0x40, 0x9, 0xf4, 0x40, 0x50, 0x3,
    0x97, 0x4, 0x3, 0xfd, 0x16, 0x20, 0x1b, 0x4c,
    0x40, 0x3f, 0xd6, 0xc, 0x1, 0x8c, 0xc0, 0x1f,
    0xf1, 0x1d, 0x0, 0x65, 0x50, 0x7, 0xff, 0x2,
    0x89, 0x0, 0x4, 0x3c, 0x1, 0xff, 0xc0, 0x60,
    0xd0, 0x2, 0x2, 0x0, 0x7f, 0x94, 0x41, 0x1c,
    0x1, 0xa0, 0x60, 0x1f, 0xe8, 0xb0, 0xd1, 0x20,
    0x65, 0x0, 0xff, 0x8c, 0x81, 0x24, 0x83, 0x6c,
    0x3, 0x78, 0x7, 0x8, 0xb8, 0x9, 0x80, 0x21,
    0x0, 0x8, 0x2b, 0xb3, 0x6a, 0x4, 0x0, 0xff,
    0x50, 0x44, 0xce, 0x59, 0x20, 0xc,

    /* U+5FD7 "志" */
    0x0, 0xfd, 0x52, 0x1, 0xff, 0xc4, 0x62, 0x0,
    0xff, 0xe7, 0x6f, 0xff, 0xc6, 0x9f, 0xff, 0x75,
    0xc4, 0x7c, 0x25, 0x11, 0xf4, 0xb3, 0xbf, 0xc4,
    0xce, 0xff, 0x80, 0x3f, 0xf9, 0x2, 0x3f, 0x38,
    0x8f, 0x80, 0x29, 0xee, 0xf1, 0x1f, 0x77, 0xac,
    0x1, 0x55, 0xe8, 0xaa, 0xfd, 0x0, 0x3, 0x55,
    0xcf, 0x1c, 0xea, 0xbe, 0x30, 0x8, 0x41, 0x18,
    0xb1, 0xf5, 0xc0, 0x22, 0x20, 0x4, 0x7c, 0x7b,
    0x0, 0x78, 0xf1, 0x60, 0xf, 0xe0, 0xa, 0x84,
    0xc0, 0x3a, 0x2b, 0x40, 0x10, 0x6a, 0x0, 0x74,
    0x0, 0xf9, 0x58, 0x25, 0x8a, 0x1, 0xc6, 0x40,
    0x3f, 0xcc, 0xb0, 0x4b, 0x88, 0x60, 0x22, 0x75,
    0x5e, 0x90, 0x55, 0xf, 0x5d, 0x0, 0x24, 0xe2,
    0xab, 0x9d, 0xc6, 0x1b, 0x60,

    /* U+601D "思" */
    0x0, 0xf, 0xff, 0xff, 0x7, 0x80, 0x3e, 0x69,
    0x9c, 0x9, 0x33, 0x90, 0x3, 0xf6, 0xb3, 0x61,
    0x36, 0x6c, 0x60, 0x1f, 0x84, 0x3, 0x84, 0x3,
    0x8, 0x7, 0xea, 0xff, 0xc2, 0xdf, 0xf9, 0x80,
    0x3f, 0x46, 0x66, 0x5, 0xcc, 0xca, 0x1, 0xf8,
    0xcf, 0x84, 0x8c, 0xf1, 0x0, 0x7e, 0x33, 0xe1,
    0x23, 0x3c, 0x40, 0x1f, 0xa3, 0x33, 0x2, 0xe6,
    0x65, 0x0, 0xf0, 0xf7, 0x6d, 0x8c, 0xee, 0xf7,
    0x80, 0x78, 0x47, 0x5, 0x63, 0x8, 0xe0, 0xf,
    0x87, 0x90, 0x7d, 0x35, 0xe3, 0x8, 0x1, 0xf4,
    0x1, 0xce, 0x2c, 0x1, 0xa3, 0x9, 0x0, 0x16,
    0x8c, 0x1, 0xa8, 0xc8, 0x3, 0x8f, 0x99, 0x69,
    0x52, 0x44, 0x0, 0xa7, 0x20, 0x1f, 0xda, 0x81,
    0x0, 0xc0, 0x9, 0x35, 0x1, 0xa, 0x66, 0xf2,
    0x81, 0x9b, 0x0, 0x19, 0xc0, 0x14, 0x14, 0xcf,
    0x1c, 0x0, 0x36, 0xc0,

    /* U+6021 "怡" */
    0x0, 0x89, 0x40, 0x3c, 0x26, 0x1, 0xfe, 0x5a,
    0x0, 0xf5, 0xe0, 0x80, 0x7f, 0xf1, 0xd, 0x5c,
    0x40, 0x3f, 0xf8, 0x2, 0x1, 0x40, 0xc0, 0x13,
    0x0, 0x72, 0x30, 0x2, 0x68, 0x0, 0x88, 0x80,
    0x3, 0x4a, 0x80, 0x6c, 0xc0, 0x3, 0x50, 0x82,
    0x51, 0x80, 0x8, 0xf4, 0x40, 0x11, 0x90, 0x1,
    0xa, 0xa8, 0x74, 0x1, 0xd, 0x8f, 0x80, 0x4b,
    0xa0, 0x15, 0x2a, 0x83, 0x3b, 0xfd, 0xd8, 0x25,
    0x0, 0x42, 0x80, 0x13, 0xd1, 0x2a, 0x34, 0xd5,
    0xef, 0x3b, 0x84, 0x18, 0x40, 0x33, 0xed, 0xcc,
    0x32, 0xa1, 0xc, 0xd8, 0x94, 0x80, 0x78, 0x99,
    0xbf, 0x1a, 0x0, 0x7f, 0x24, 0xcf, 0xe4, 0x0,
    0xff, 0x87, 0xff, 0xc0, 0x1f, 0xff, 0xd1, 0x66,
    0xf0, 0x7, 0xff, 0xa, 0x23, 0xc0, 0x1f, 0xfc,
    0x11, 0xee, 0xf0, 0x6,

    /* U+6025 "急" */
    0x0, 0xf6, 0x38, 0x7, 0xff, 0x12, 0x4f, 0xd1,
    0x38, 0x40, 0x3f, 0x99, 0x80, 0xf7, 0x7d, 0x40,
    0x1f, 0x9a, 0x57, 0xff, 0x9c, 0x24, 0x3, 0xe8,
    0x93, 0xb1, 0x1c, 0x8e, 0xe3, 0x11, 0x0, 0x6c,
    0x70, 0x3e, 0xee, 0xb0, 0x7e, 0xe8, 0xc0, 0x28,
    0xbe, 0xdd, 0xff, 0x50, 0x7, 0x22, 0x0, 0x3f,
    0xe3, 0x0, 0xf9, 0x37, 0x7f, 0xd2, 0x1, 0xf2,
    0xff, 0xff, 0xb0, 0x3, 0xe4, 0x4f, 0xfe, 0x0,
    0x7, 0xd7, 0x7f, 0xf4, 0x0, 0x7d, 0xff, 0xd0,
    0xbf, 0xfe, 0x10, 0xc, 0xd0, 0x1b, 0x0, 0x88,
    0xc0, 0xd, 0x38, 0x20, 0x14, 0x10, 0x18, 0x81,
    0xe9, 0xd8, 0xa, 0x40, 0x58, 0x1, 0x86, 0x40,
    0x38, 0xeb, 0x0, 0xac, 0xe1, 0x4c, 0x65, 0x4c,
    0xd, 0x19, 0x54, 0x4, 0xb0, 0x4, 0xc3, 0x23,
    0x70, 0x0, 0x80, 0x9a, 0xae, 0x59, 0x0, 0x65,
    0x0,

    /* U+6027 "性" */
    0x0, 0x8d, 0x40, 0x3e, 0x24, 0x0, 0xfd, 0x76,
    0x0, 0xcc, 0x61, 0x74, 0x1, 0xff, 0xc1, 0x19,
    0x50, 0xf, 0xfe, 0x9, 0x8, 0x20, 0x20, 0x7,
    0xf3, 0x40, 0x2, 0x60, 0x30, 0x15, 0xd4, 0x5d,
    0xf1, 0x87, 0x88, 0x2, 0x18, 0x50, 0x22, 0x6,
    0x11, 0x19, 0x0, 0xb8, 0x0, 0x65, 0x45, 0x7f,
    0xe6, 0x1f, 0xfc, 0xe0, 0x86, 0x1, 0x7b, 0x92,
    0x0, 0x7f, 0x20, 0x20, 0x4, 0x4f, 0x60, 0x1f,
    0xe5, 0x90, 0xe, 0xb6, 0x0, 0xff, 0xb, 0x0,
    0x7b, 0x3f, 0xe6, 0x1f, 0xfc, 0x1, 0xfd, 0x33,
    0x8c, 0x26, 0x70, 0x7, 0xf2, 0xb3, 0x4a, 0x2c,
    0xd8, 0x3, 0xff, 0xe8, 0x4e, 0xfc, 0xa2, 0xef,
    0xc0, 0x1e, 0x68, 0x8e, 0x30, 0x88, 0xe0, 0xf,
    0x27, 0xff, 0xff, 0x0,

    /* U+606F "息" */
    0x0, 0xff, 0xe8, 0x6d, 0x80, 0x7f, 0xf1, 0x10,
    0xb4, 0x3, 0xfe, 0x1f, 0xfd, 0x61, 0x3f, 0xfc,
    0x20, 0x1f, 0x46, 0x67, 0xe6, 0x0, 0xfe, 0x11,
    0xff, 0x0, 0x7f, 0x4e, 0xef, 0xe7, 0x0, 0xfe,
    0xbf, 0xff, 0xd2, 0x1, 0xfc, 0x67, 0xfd, 0xc0,
    0x1f, 0xd1, 0x99, 0xf9, 0xc0, 0x3f, 0xaf, 0xff,
    0xf4, 0x80, 0x7f, 0x56, 0xef, 0xe8, 0x0, 0xf8,
    0x6a, 0xe2, 0x14, 0x17, 0x11, 0x5d, 0x8, 0x7,
    0xa, 0xb3, 0x15, 0xf, 0x15, 0x73, 0xb0, 0x6,
    0x6e, 0x1f, 0x80, 0x3d, 0x59, 0x0, 0x92, 0x54,
    0x2, 0xb4, 0x10, 0xc, 0x72, 0x82, 0x10, 0xe7,
    0x60, 0x5, 0x2f, 0x0, 0xf3, 0x68, 0x89, 0xd7,
    0xc5, 0xc2, 0xd, 0x1, 0xd1, 0x98, 0xab, 0x35,
    0x82, 0x9a, 0x0, 0x33, 0x80, 0x10, 0x53, 0x2a,
    0xaa, 0x52, 0x4, 0x2d, 0xc0,

    /* U+610F "意" */
    0x0, 0xfd, 0x36, 0x1, 0xfc, 0x28, 0x9e, 0x4,
    0x74, 0x4e, 0x30, 0x3, 0xdd, 0xf9, 0x82, 0x2e,
    0xfb, 0xc0, 0xd, 0xfe, 0xc0, 0xcf, 0xfe, 0x24,
    0xff, 0x60, 0x0, 0x46, 0x21, 0x81, 0x1c, 0xa5,
    0xc2, 0x39, 0x7b, 0xb0, 0xa7, 0x76, 0xa0, 0xae,
    0xeb, 0x17, 0xff, 0xff, 0x89, 0xa0, 0x17, 0xff,
    0xff, 0x2, 0x0, 0x3d, 0x1d, 0xdf, 0xc0, 0x1f,
    0xb8, 0x8b, 0xf8, 0x3, 0xf2, 0x7f, 0xff, 0x0,
    0x7e, 0xac, 0xcf, 0xe0, 0xf, 0xd1, 0xff, 0xfc,
    0x1, 0xe2, 0xbf, 0xab, 0xc1, 0x6e, 0xff, 0xaf,
    0x0, 0x34, 0xc8, 0x23, 0x8f, 0xcb, 0x88, 0x40,
    0xed, 0x0, 0xa, 0x92, 0x1, 0x86, 0xf0, 0xae,
    0x9d, 0xa8, 0x4e, 0x99, 0x0, 0x5d, 0x12, 0x74,
    0x41, 0x4, 0x84, 0x1c, 0x48, 0x2, 0x4e, 0xef,
    0x8e, 0x80, 0x1f, 0x20,

    /* U+613F "愿" */
    0x0, 0x6f, 0xff, 0xff, 0xc, 0x40, 0x25, 0xcc,
    0xea, 0x39, 0xcc, 0xf0, 0x80, 0x44, 0x64, 0x23,
    0x19, 0xc2, 0x3c, 0x60, 0x1e, 0x6d, 0xee, 0x51,
    0xcf, 0x75, 0x98, 0x0, 0xfc, 0x39, 0x9f, 0xa4,
    0x3, 0xf8, 0x7f, 0xff, 0x40, 0x7, 0xf0, 0xff,
    0xfe, 0x80, 0xe, 0x30, 0x0, 0x8b, 0xff, 0xf4,
    0x0, 0x7b, 0xc1, 0xb5, 0xfb, 0xc6, 0x3f, 0x23,
    0xf8, 0x3, 0x8, 0x81, 0x30, 0x84, 0x3, 0x3c,
    0xe9, 0x0, 0x71, 0xc5, 0xbd, 0x1a, 0x8, 0x1,
    0x3d, 0xb5, 0x80, 0x4, 0xd, 0x93, 0x20, 0xb8,
    0x55, 0x0, 0x6, 0xe5, 0x40, 0xe, 0x6, 0xde,
    0x15, 0x7c, 0x8c, 0x1, 0x3f, 0x18, 0x3, 0x48,
    0x15, 0x1, 0xd8, 0xa2, 0xd8, 0x0, 0xae, 0xc0,
    0x4, 0x70, 0x95, 0x0, 0xcd, 0x4a, 0x18, 0xb3,
    0x22, 0x21, 0xfb, 0x8c, 0x80, 0x30, 0xcc, 0xc0,
    0xa6, 0x2c, 0xd3, 0x82, 0xbe, 0x8, 0x5b, 0xe6,
    0x6a, 0x36, 0x9, 0x45, 0xd0, 0x1, 0x80, 0x1b,
    0xbf, 0xfb, 0x0, 0x30,

    /* U+6162 "慢" */
    0x0, 0x94, 0x80, 0x3f, 0xf8, 0xd6, 0xa0, 0x3,
    0xff, 0x77, 0x77, 0xf9, 0x40, 0x3f, 0xee, 0xef,
    0x80, 0x3f, 0x7b, 0x80, 0x59, 0xbb, 0xd8, 0x1,
    0xd4, 0x61, 0xf2, 0x60, 0xc, 0xdd, 0xec, 0x0,
    0xe7, 0x0, 0x92, 0xc0, 0x1f, 0xdd, 0xde, 0x1,
    0xc4, 0x40, 0x6, 0x91, 0xf7, 0xff, 0xdc, 0xa0,
    0x2, 0x11, 0x0, 0x1f, 0xfd, 0xdd, 0xfd, 0xea,
    0x8, 0xa0, 0x1e, 0xff, 0xd, 0xfd, 0x8f, 0xf8,
    0x2, 0x5f, 0x0, 0xff, 0xe3, 0x1a, 0x0, 0x7b,
    0xfc, 0x37, 0xf6, 0x3f, 0xe0, 0xf, 0xe4, 0xee,
    0xfe, 0xdf, 0x50, 0xf, 0xaf, 0xbb, 0xfb, 0x6c,
    0x3, 0xf5, 0xe9, 0x13, 0x3b, 0xad, 0x40, 0x90,
    0xf, 0xc2, 0x58, 0x7c, 0x62, 0x10, 0x92, 0x40,
    0x1f, 0xe1, 0xf0, 0xd9, 0xf5, 0xb6, 0x0, 0xff,
    0xe0, 0x2a, 0x3, 0x9, 0x80, 0x7f, 0x8a, 0x2f,
    0xad, 0xda, 0xdc, 0xaf, 0xee, 0x0, 0x3c, 0x4c,
    0xed, 0x7d, 0x29, 0x1d, 0x6c, 0xc0, 0xe, 0xe7,
    0xe, 0xc8, 0x40, 0xe, 0x49, 0xd8, 0x0,

    /* U+6167 "慧" */
    0x0, 0x93, 0xc4, 0x3, 0xd7, 0x40, 0x1a, 0x3f,
    0xd6, 0x1d, 0xf8, 0x1d, 0xfe, 0x45, 0xff, 0x82,
    0x3f, 0xd6, 0x1d, 0xf8, 0x1d, 0xfe, 0x45, 0xff,
    0x80, 0x7b, 0x96, 0x1d, 0xc8, 0x7, 0xee, 0x22,
    0xf7, 0x28, 0x7, 0xb9, 0x61, 0xbd, 0x0, 0xfd,
    0xc3, 0x5e, 0xe5, 0x6, 0x77, 0x2c, 0x33, 0xb8,
    0x7d, 0xd1, 0xaf, 0x74, 0xb9, 0xdc, 0xb0, 0xfe,
    0xe1, 0xff, 0xc6, 0x9f, 0xf2, 0x80, 0xc, 0x59,
    0x4c, 0xe2, 0x29, 0x30, 0x8c, 0x40, 0x3, 0xf2,
    0xb1, 0xff, 0xe4, 0xbc, 0xb0, 0x8, 0x73, 0x3f,
    0xf8, 0x4, 0x1, 0xcd, 0xff, 0xff, 0x10, 0x7,
    0x37, 0xff, 0xfc, 0x40, 0x18, 0xff, 0xff, 0xf8,
    0x4, 0x1, 0x8f, 0x7f, 0x23, 0xec, 0xef, 0xff,
    0x6e, 0x0, 0x4b, 0xa4, 0x90, 0x9, 0x76, 0x80,
    0x9, 0xe9, 0x0, 0x10, 0x44, 0x0, 0xcf, 0x78,
    0xd, 0xaa, 0x94, 0xe, 0x50, 0x2, 0xc, 0x88,
    0x0, 0x2d, 0x8, 0x40, 0xb2, 0xba, 0x83, 0x9c,
    0xdd, 0xea, 0x28, 0x3, 0x85,

    /* U+6234 "戴" */
    0x0, 0xf6, 0x28, 0x6, 0xa9, 0x2, 0x0, 0xf1,
    0x14, 0x66, 0x22, 0xc0, 0xc5, 0x1a, 0xa0, 0x1d,
    0xdb, 0xac, 0x8, 0xdd, 0x89, 0xc2, 0x1e, 0x94,
    0x3, 0x67, 0xfb, 0x82, 0x7f, 0xe2, 0x7, 0x8,
    0x71, 0x0, 0xe, 0x67, 0x4, 0x66, 0x64, 0x3c,
    0xc2, 0x44, 0x80, 0xcc, 0xe8, 0xab, 0x99, 0xc8,
    0x33, 0x3b, 0x40, 0xb, 0xf3, 0x3f, 0x9f, 0x5,
    0x54, 0xe8, 0x80, 0x9, 0x2b, 0x74, 0x71, 0xbc,
    0x60, 0x40, 0x21, 0x1a, 0x1, 0xd1, 0xba, 0x9,
    0xdf, 0x0, 0x30, 0x18, 0x22, 0x0, 0x3a, 0xf3,
    0x1, 0x39, 0xe0, 0x1, 0x6, 0x11, 0x68, 0x7,
    0x5e, 0xe8, 0x2b, 0x7c, 0x0, 0x40, 0x6e, 0x8,
    0x1, 0xbb, 0x83, 0x5f, 0xa5, 0xbe, 0x40, 0x7b,
    0x46, 0x20, 0x12, 0x7f, 0x8e, 0x3f, 0x3, 0xfd,
    0x0, 0xa8, 0x70, 0x1, 0x93, 0xfc, 0x71, 0xf8,
    0x1f, 0xe8, 0xc, 0x12, 0x40, 0xd, 0xdf, 0xe3,
    0x8f, 0xc0, 0xff, 0x70, 0x4, 0xa0, 0x4, 0x0,
    0x7f, 0x72, 0x33, 0xae, 0xbb, 0x9e, 0x54, 0x8,
    0x0, 0xb2, 0x1, 0x14, 0xc0, 0xf, 0x59, 0x88,
    0x70, 0x31, 0x98, 0x80, 0x80, 0x12, 0xf4, 0x61,
    0x45, 0xe7, 0xe7, 0x72, 0x5d, 0x6, 0x0, 0x47,
    0xb5, 0x0, 0xb9, 0x5, 0x71, 0x3, 0xc5, 0x20,
    0x0, 0x9c, 0x80, 0x18, 0xa4, 0xac, 0xc0, 0x5,
    0x9c, 0x80,

    /* U+624B "手" */
    0x0, 0xff, 0xe0, 0x1b, 0x51, 0x80, 0x71, 0x1a,
    0x33, 0xc4, 0xdf, 0x7e, 0x4b, 0x58, 0x6, 0x8d,
    0xcb, 0x99, 0x2b, 0x2b, 0x56, 0x7e, 0x40, 0x6,
    0x9d, 0xef, 0xf7, 0x6a, 0x14, 0x29, 0x80, 0x7c,
    0x24, 0x20, 0x1f, 0xfc, 0x41, 0x1f, 0x9c, 0x47,
    0xf0, 0x5, 0x7d, 0xde, 0x32, 0xee, 0xf7, 0x80,
    0x53, 0x77, 0xe2, 0x25, 0xdf, 0xa8, 0x2, 0x34,
    0x4f, 0x30, 0xa2, 0x7c, 0x1, 0xff, 0xc9, 0x66,
    0xfe, 0x26, 0x6f, 0xc1, 0x33, 0xf8, 0x86, 0x67,
    0xf0, 0x7f, 0xfe, 0x43, 0xff, 0xfc, 0x1, 0xff,
    0xff, 0x0, 0xf3, 0xbd, 0xa, 0xc0, 0x1f, 0xfc,
    0x1d, 0x88, 0x32, 0xc0, 0x7, 0xf0,

    /* U+6253 "打" */
    0x0, 0xde, 0xe0, 0x1f, 0xfc, 0xa3, 0x44, 0xff,
    0x8, 0x7, 0xe9, 0xbb, 0xff, 0x10, 0x7, 0xeb,
    0xdd, 0xe0, 0x4d, 0xd8, 0xc3, 0xfe, 0x8, 0xff,
    0x11, 0x78, 0x44, 0x45, 0x0, 0x22, 0xe, 0x9,
    0x10, 0x20, 0xf, 0xfe, 0x3, 0xba, 0x3, 0x1d,
    0xc2, 0x1, 0xff, 0xda, 0x42, 0x0, 0xff, 0xe1,
    0x18, 0x4f, 0xdb, 0x80, 0x7f, 0xc3, 0x5d, 0x80,
    0x71, 0xaa, 0x1, 0xff, 0xb, 0xba, 0x82, 0x9c,
    0x80, 0x3f, 0xf8, 0x3b, 0x2a, 0x1, 0xff, 0xff,
    0x0, 0x13, 0x38, 0x8, 0x6, 0x57, 0x74, 0x9,
    0x80, 0x70, 0xcc, 0x1b, 0x80, 0x62, 0x88, 0x39,
    0x58, 0x7, 0x1f, 0xfb, 0x4, 0x3, 0x3f, 0x73,
    0xf4, 0x80, 0x30,

    /* U+6297 "抗" */
    0x0, 0x85, 0x0, 0x3c, 0x28, 0x1, 0xfe, 0x4b,
    0x20, 0xe, 0x8b, 0x10, 0xf, 0xfe, 0x2d, 0x84,
    0x80, 0x7f, 0xf1, 0x49, 0x14, 0x3, 0xff, 0x82,
    0x2e, 0xf8, 0x95, 0xdf, 0x84, 0x3f, 0xd4, 0x1b,
    0xf1, 0x1c, 0xcf, 0x11, 0xc4, 0x11, 0x5, 0x7,
    0x8a, 0xff, 0xff, 0x8c, 0x1d, 0xde, 0x14, 0xe6,
    0x1, 0xff, 0xc9, 0x6f, 0xff, 0x20, 0x7, 0xf8,
    0x40, 0x28, 0x99, 0x38, 0x7, 0xe3, 0x9, 0xe8,
    0x0, 0x9d, 0x99, 0x40, 0x1c, 0x53, 0xd2, 0xf,
    0x36, 0x1, 0xff, 0xc1, 0x47, 0x70, 0x73, 0x90,
    0x8, 0x7, 0xf8, 0xb6, 0x74, 0x3, 0xb8, 0x40,
    0x3f, 0xf8, 0xc8, 0x80, 0xf, 0x90, 0x3, 0xf9,
    0xb, 0x0, 0x3e, 0x94, 0x0, 0xf8, 0x64, 0x98,
    0x3, 0xe3, 0x0, 0x22, 0xf8, 0x19, 0x61, 0x70,
    0x7, 0xb5, 0xc5, 0x83, 0x29, 0x18, 0x5c, 0xf0,
    0xc0, 0x31, 0x33, 0xcb, 0x10, 0x47, 0xf4, 0x82,
    0xf9, 0x80, 0x7a, 0x7b, 0x92, 0x0,

    /* U+62A4 "护" */
    0x0, 0x85, 0x0, 0x3f, 0xf8, 0xa5, 0x66, 0x1,
    0xed, 0xa0, 0xf, 0xfe, 0x2d, 0xaa, 0x80, 0x3f,
    0xf8, 0x8c, 0x70, 0x1, 0xff, 0xc1, 0x99, 0xce,
    0xe9, 0x99, 0x3, 0xbf, 0x3, 0x3e, 0x1, 0x9d,
    0x10, 0xce, 0x88, 0x63, 0x9, 0x86, 0x6, 0x8c,
    0x0, 0x46, 0xef, 0x80, 0x27, 0x75, 0x5, 0x3a,
    0x0, 0x7f, 0xf6, 0x84, 0x38, 0x8b, 0xc0, 0x1f,
    0x4e, 0x40, 0x1, 0xf7, 0x7c, 0x1, 0x2d, 0x68,
    0x2b, 0x61, 0x83, 0xdd, 0xf8, 0x2, 0xa7, 0x50,
    0xca, 0x41, 0xc, 0x44, 0xf3, 0x98, 0x76, 0xc0,
    0x6, 0x50, 0x60, 0xf, 0x42, 0x0, 0x80, 0x7b,
    0x0, 0x80, 0x3f, 0xf8, 0x8a, 0x80, 0x1f, 0xfc,
    0x47, 0xf, 0x0, 0xff, 0x1b, 0x50, 0x9, 0x41,
    0x20, 0x7, 0xf9, 0xe5, 0x94, 0x80, 0xbc, 0x3,
    0xfe, 0x4f, 0xf5, 0x1, 0x69, 0x0, 0x7f, 0x80,

    /* U+62D2 "拒" */
    0x0, 0x84, 0xc0, 0x3f, 0xf8, 0xcb, 0x84, 0x1,
    0xff, 0xca, 0x58, 0x8f, 0xe4, 0x0, 0xfe, 0xc7,
    0x7f, 0xec, 0x0, 0xff, 0xf, 0xff, 0xe8, 0x0,
    0x55, 0x20, 0x26, 0x94, 0x3, 0xff, 0x92, 0x23,
    0xf8, 0x3, 0x55, 0x20, 0x26, 0x94, 0x1, 0xdd,
    0xf3, 0x80, 0x7f, 0xf0, 0x2e, 0xfc, 0x1, 0xff,
    0x8, 0xa, 0x27, 0x84, 0x3, 0xc2, 0x13, 0xd6,
    0x1, 0xff, 0xc0, 0x19, 0xda, 0x7, 0x98, 0x0,
    0xff, 0xe0, 0xb, 0xbc, 0x1c, 0xe4, 0x3, 0xff,
    0xe1, 0x0, 0xdd, 0x58, 0x1, 0xe8, 0x8f, 0x90,
    0x3, 0xfe, 0x17, 0x7f, 0x8c, 0x3, 0xff, 0xbe,
    0x6b, 0xa0, 0x1c, 0x31, 0x1f, 0xc0, 0x4, 0xa7,
    0x52, 0x0, 0xce, 0xff, 0xc0,

    /* U+62E8 "拨" */
    0x0, 0x9e, 0xc0, 0x3e, 0x59, 0x0, 0xfe, 0xe5,
    0x0, 0xda, 0xc1, 0xee, 0xd, 0x80, 0x1f, 0xf1,
    0x91, 0x1, 0xd0, 0x1c, 0x70, 0x3, 0xfd, 0x62,
    0x82, 0x5a, 0x3, 0x82, 0x60, 0xa, 0xc7, 0x1c,
    0xa0, 0x66, 0x2, 0x81, 0x80, 0x7, 0xc, 0x0,
    0x4c, 0x60, 0xc4, 0xe2, 0xff, 0x61, 0x7f, 0xf7,
    0x79, 0x4, 0x52, 0xd, 0x43, 0x4d, 0xd8, 0x4e,
    0xef, 0xc4, 0x1, 0xf0, 0xb2, 0x30, 0xd2, 0x27,
    0x80, 0x3f, 0xea, 0xf, 0x77, 0xcc, 0x1, 0xf2,
    0xd0, 0x4, 0xc0, 0x95, 0x54, 0x48, 0x4, 0x2c,
    0x83, 0x4c, 0x0, 0x71, 0x2d, 0xdc, 0x2c, 0x0,
    0x1e, 0x92, 0xd, 0xc0, 0x19, 0x22, 0x28, 0x1,
    0x86, 0xc0, 0x3, 0x3a, 0xc2, 0x40, 0xb, 0x1e,
    0x7b, 0x12, 0x95, 0x20, 0x9, 0x88, 0x3, 0x32,
    0xb9, 0xc1, 0xd7, 0xd, 0x80, 0x7f, 0x2c, 0x9c,
    0x0, 0x25, 0xe, 0x84, 0x3, 0xfa, 0xcb, 0x40,
    0x5, 0x20, 0xf, 0x0, 0xff, 0x6e, 0x8, 0x36,
    0x9d, 0xca, 0x69, 0x80, 0x48, 0xe8, 0x60, 0x62,
    0xfd, 0x29, 0xe8, 0xd6, 0x79, 0x64, 0x3, 0x7,
    0x60, 0x17, 0xae, 0x58, 0x80, 0x13, 0xdd, 0x8c,
    0x17, 0xf9, 0x80, 0x28, 0xb3, 0x0, 0xe1, 0x8d,
    0x10,

    /* U+6301 "持" */
    0x0, 0x9e, 0x80, 0x3e, 0x78, 0x0, 0xfe, 0xe6,
    0x0, 0xfb, 0x50, 0x3, 0xff, 0x84, 0x8a, 0xb3,
    0xa, 0xae, 0x0, 0xff, 0x4d, 0x54, 0x65, 0x55,
    0x84, 0xb, 0xfc, 0xc7, 0xfc, 0x1b, 0xff, 0x29,
    0xff, 0xe1, 0x3, 0x88, 0x18, 0xc4, 0x0, 0x3f,
    0xf8, 0x22, 0xee, 0x52, 0x76, 0x34, 0x4c, 0x22,
    0x44, 0xe0, 0xf, 0xdf, 0x77, 0x90, 0xae, 0xf8,
    0x3, 0xf6, 0x77, 0x7c, 0x11, 0xdc, 0x0, 0xe1,
    0x8b, 0x1, 0x1f, 0x80, 0x46, 0x0, 0x1c, 0x39,
    0x38, 0xa3, 0xbf, 0xc1, 0xae, 0xc0, 0xb8, 0xe0,
    0x5f, 0x59, 0x33, 0xf0, 0x24, 0xd8, 0x25, 0x7b,
    0x88, 0x2, 0x3b, 0x7f, 0xbb, 0x4, 0xf6, 0x80,
    0xa8, 0x7, 0xdb, 0x60, 0x1f, 0xfc, 0x6b, 0x55,
    0x0, 0x7f, 0xf1, 0x55, 0x2c, 0x3, 0xff, 0x8d,
    0xc, 0x1, 0xfc, 0xac, 0xa0, 0x1e, 0x38, 0x56,
    0x70, 0xf, 0x6c, 0x8c, 0x0, 0x7d, 0xb3, 0x8,
    0xe0, 0x10,

    /* U+6309 "按" */
    0x0, 0x89, 0x40, 0x3e, 0x53, 0x0, 0xfe, 0x5a,
    0x0, 0xfa, 0x20, 0x1, 0xff, 0xc1, 0x13, 0x3c,
    0xe8, 0x83, 0x38, 0x80, 0x3f, 0x26, 0x63, 0x74,
    0x83, 0x5b, 0xac, 0xc0, 0x17, 0xfa, 0x3, 0xfc,
    0x41, 0xdc, 0xfc, 0xee, 0xce, 0x0, 0x38, 0x82,
    0x4, 0x40, 0x40, 0x29, 0xd1, 0x0, 0xf0, 0xbb,
    0xb0, 0x1d, 0xca, 0xa1, 0x5, 0x41, 0x0, 0xb5,
    0xc0, 0x3f, 0x1d, 0x1, 0x96, 0x80, 0x65, 0x90,
    0xf, 0xdb, 0xfe, 0xc0, 0x9f, 0xff, 0x18, 0x7,
    0x91, 0x66, 0x1, 0x26, 0x63, 0x9, 0x91, 0x0,
    0x5c, 0x1d, 0x7e, 0xc0, 0x8, 0x66, 0x85, 0x19,
    0x82, 0x57, 0xec, 0xf, 0x8e, 0x12, 0x86, 0x0,
    0x22, 0x60, 0x6, 0x56, 0x50, 0x93, 0x6, 0x12,
    0x0, 0xa8, 0x14, 0x2, 0x2e, 0x9d, 0x0, 0xce,
    0xad, 0xaa, 0x4e, 0xc4, 0x1, 0xff, 0xd, 0x60,
    0xd6, 0x84, 0x0, 0x7f, 0xf0, 0x8f, 0x88, 0x1,
    0x20, 0x1f, 0xfc, 0x27, 0xd3, 0xa6, 0x7d, 0x40,
    0x9, 0x17, 0x44, 0x0, 0xb7, 0xf0, 0xbe, 0xb3,
    0x81, 0x70, 0x0, 0xca, 0x49, 0x0, 0x1b, 0x47,
    0x50, 0x80, 0xf, 0x54, 0x2, 0x8f, 0xe7, 0x0,
    0x36, 0xb8, 0x80, 0x7a, 0xa0, 0x0,

    /* U+6350 "捐" */
    0x0, 0x8b, 0x8, 0x2, 0x22, 0xfe, 0x0, 0xc2,
    0x62, 0x1, 0x66, 0xef, 0xd8, 0x1, 0xff, 0x3f,
    0x77, 0x30, 0x7, 0xff, 0x3, 0xc4, 0x7c, 0x1,
    0x66, 0x38, 0x3b, 0x28, 0x1, 0xc6, 0x7c, 0x40,
    0x13, 0x34, 0xc, 0xc2, 0x0, 0x36, 0x67, 0x28,
    0x5, 0x54, 0x80, 0x8a, 0x80, 0xef, 0xff, 0xb8,
    0x3, 0xf8, 0x95, 0x7f, 0x8c, 0x3, 0xf2, 0xd5,
    0x7f, 0x58, 0x7, 0x5c, 0xd0, 0x3, 0xff, 0xe0,
    0x8, 0xdf, 0xc1, 0xdc, 0x40, 0x4, 0x4f, 0x80,
    0x5, 0x90, 0x21, 0x5d, 0x0, 0xb, 0xbf, 0x80,
    0x5, 0x7d, 0xc0, 0x60, 0xd, 0xff, 0xf0, 0x4,
    0x82, 0x1, 0xf2, 0x27, 0xc0, 0x1f, 0xfc, 0xb,
    0xbf, 0x80, 0x3f, 0xf8, 0x1f, 0xff, 0x0, 0x7f,
    0xf2, 0x8d, 0x6c, 0x4, 0x3, 0xf1, 0xb3, 0x87,
    0x82, 0xd3, 0x29, 0x0, 0x7e, 0x69, 0x83, 0x50,

    /* U+63D0 "提" */
    0x0, 0xa2, 0x0, 0x11, 0x17, 0xf0, 0x80, 0x71,
    0x98, 0x2, 0xcd, 0xdf, 0xd2, 0x1, 0xff, 0x47,
    0xff, 0x84, 0x3, 0xff, 0x81, 0xc6, 0x7e, 0x10,
    0x8, 0x62, 0xc, 0xc8, 0x80, 0x1, 0xfb, 0xbc,
    0x1, 0xc2, 0x23, 0x30, 0x80, 0x53, 0xbb, 0xe1,
    0x0, 0x86, 0x64, 0xaa, 0x98, 0x0, 0x47, 0xff,
    0x84, 0x3, 0xfe, 0xdc, 0xcf, 0xd2, 0x1, 0xfc,
    0x23, 0xfe, 0x31, 0x0, 0xe6, 0xab, 0xad, 0xdf,
    0xf4, 0x0, 0xb5, 0xa1, 0x26, 0x57, 0x76, 0x17,
    0xee, 0xd2, 0xb, 0x2a, 0x29, 0xce, 0x2d, 0x2,
    0x20, 0xf1, 0x1c, 0x0, 0x4a, 0xe5, 0x0, 0xd8,
    0x60, 0x16, 0xaa, 0xc6, 0x1, 0x28, 0x7, 0x94,
    0xc0, 0x25, 0xbb, 0xa8, 0x3, 0xf9, 0x5, 0x84,
    0x1, 0x1d, 0xd4, 0x80, 0x7f, 0x42, 0x36, 0x10,
    0x7, 0xf1, 0x99, 0x84, 0x20, 0xe2, 0x5b, 0x47,
    0x19, 0x57, 0x8, 0x46, 0x16, 0x13, 0xc9, 0x85,
    0xd2, 0xaa, 0x6a, 0xb0, 0x85, 0x6f, 0xb1, 0x73,
    0x0, 0x4b, 0x5d, 0xff, 0xc0,

    /* U+640F "搏" */
    0x0, 0xa6, 0xc0, 0x3e, 0xe7, 0x1c, 0x60, 0xf,
    0x1b, 0x80, 0x7f, 0xc, 0xde, 0x88, 0x7, 0xe9,
    0xcc, 0xc3, 0x39, 0x20, 0x5a, 0x1, 0xfb, 0x2e,
    0xf0, 0x2d, 0xda, 0xa2, 0xc0, 0xbb, 0x8a, 0x7d,
    0xaa, 0x45, 0x80, 0x48, 0xb3, 0x1, 0xcc, 0x88,
    0x66, 0x82, 0xa3, 0xb8, 0xf, 0xdc, 0x9a, 0x30,
    0x17, 0x78, 0x9d, 0xc0, 0x9, 0xbb, 0xd, 0x5d,
    0xb8, 0x3, 0xff, 0x81, 0x7f, 0xe1, 0x8f, 0xf6,
    0x80, 0x7e, 0x14, 0x0, 0x5f, 0xf8, 0x63, 0xfd,
    0x80, 0x1c, 0x4c, 0x7d, 0x40, 0xf, 0xaa, 0xd,
    0xd5, 0x20, 0x2, 0x3d, 0xd1, 0x8c, 0xf8, 0x0,
    0xff, 0xc0, 0xdf, 0xec, 0x0, 0xc3, 0x28, 0x4c,
    0x21, 0x14, 0xaa, 0xcb, 0x48, 0x28, 0x30, 0x3c,
    0x61, 0x0, 0x12, 0x1b, 0x22, 0x1d, 0x50, 0x88,
    0x6a, 0x20, 0x1e, 0xab, 0xbf, 0xa8, 0x22, 0xec,
    0x40, 0x1e, 0x8f, 0xb4, 0xff, 0xdc, 0x17, 0xfe,
    0x30, 0xf, 0xcc, 0xb6, 0x1, 0xff, 0xc5, 0x2d,
    0x48, 0x0, 0xfe, 0x56, 0x77, 0x0, 0x63, 0x9c,
    0x44, 0x81, 0xc0, 0x36, 0x48, 0x78, 0x7, 0x32,
    0x45, 0xd9, 0x4c, 0x2,

    /* U+652F "支" */
    0x0, 0xfe, 0xc6, 0x0, 0xff, 0xe3, 0x1f, 0x0,
    0x7f, 0xf4, 0x96, 0x23, 0xe0, 0x48, 0x8f, 0x84,
    0x1, 0xee, 0xff, 0x1, 0xbb, 0xfc, 0x40, 0xa,
    0xff, 0xf8, 0x1f, 0xff, 0xe3, 0x0, 0xff, 0xe5,
    0x89, 0x17, 0x80, 0x48, 0xb8, 0x3, 0xd5, 0xbb,
    0xe0, 0x6d, 0xde, 0x50, 0xe, 0x8b, 0x12, 0xbb,
    0xfa, 0x84, 0x94, 0x3, 0x8d, 0x2c, 0x85, 0x13,
    0xda, 0x32, 0x1, 0xf9, 0x52, 0x88, 0x3, 0x1b,
    0xa2, 0x0, 0x3f, 0xa8, 0x70, 0xc0, 0xb, 0x87,
    0x40, 0x1f, 0xe1, 0xf3, 0xc5, 0x8a, 0x4c, 0x10,
    0xf, 0xf8, 0x70, 0x69, 0xd2, 0xc0, 0x3f, 0xf8,
    0x2, 0xf8, 0x22, 0x4, 0xb5, 0x0, 0xf8, 0x52,
    0x2f, 0xa1, 0xaf, 0xb9, 0xb, 0x5d, 0x4e, 0x80,
    0x3, 0xeb, 0x77, 0xb6, 0xd0, 0x5, 0xfa, 0x91,
    0x11, 0x78, 0x7, 0x17, 0xd9, 0x4, 0x1, 0xe5,
    0xae, 0xe5, 0x70, 0x0,

    /* U+6545 "故" */
    0x0, 0xcb, 0xc2, 0x1, 0x8f, 0x4c, 0x3, 0xfc,
    0x62, 0x1, 0xc8, 0x44, 0x0, 0xff, 0xe2, 0xd9,
    0x8, 0x7, 0xff, 0x14, 0xdc, 0x47, 0xc0, 0x3d,
    0xd4, 0x87, 0xf7, 0x29, 0x41, 0x7b, 0xbc, 0x63,
    0x33, 0x20, 0x34, 0xcb, 0xf8, 0x2a, 0xee, 0x13,
    0xb2, 0x7, 0x7b, 0x42, 0x5d, 0xe4, 0x1, 0x44,
    0x86, 0xd0, 0x40, 0x3f, 0xa4, 0x7, 0x0, 0x8,
    0x8, 0x1, 0xfe, 0x54, 0x87, 0x40, 0x6, 0x1,
    0x80, 0x47, 0xfe, 0x90, 0xef, 0xb8, 0x7c, 0x32,
    0x5, 0x40, 0xf, 0x3c, 0xcc, 0x80, 0xe0, 0xa1,
    0x48, 0x5c, 0x1, 0xea, 0x66, 0x8c, 0x3, 0x33,
    0x3c, 0x94, 0x3, 0xff, 0x87, 0x62, 0x96, 0x1,
    0xff, 0xc4, 0x31, 0x4, 0x0, 0xf8, 0x40, 0x3e,
    0x1c, 0x10, 0xf0, 0xf, 0xb3, 0xfe, 0x70, 0x1,
    0x61, 0x5d, 0x8a, 0xc0, 0x3d, 0x15, 0x5a, 0x6b,
    0x4f, 0x11, 0x12, 0x9c, 0x80, 0x1, 0x66, 0x2a,
    0xeb, 0x57, 0xe3, 0x0, 0x35, 0x9d, 0x88, 0x14,
    0x88, 0x6, 0xed, 0x80, 0xe, 0x4d, 0xc1,

    /* U+654F "敏" */
    0x0, 0x9d, 0x0, 0x3e, 0x38, 0x0, 0xfc, 0x30,
    0x60, 0x1f, 0x5b, 0x0, 0x7e, 0x60, 0xf6, 0x6e,
    0x40, 0x45, 0x0, 0xfd, 0x60, 0xf3, 0x3d, 0xe0,
    0x78, 0x1, 0xf2, 0x9d, 0x7f, 0xfa, 0xd0, 0x27,
    0x33, 0x84, 0x56, 0x20, 0xab, 0xc6, 0x1a, 0xd,
    0x76, 0x73, 0xb1, 0x20, 0x5a, 0xaf, 0x81, 0x82,
    0x9d, 0xc2, 0x6e, 0x7, 0xc4, 0x7a, 0x9f, 0xe3,
    0x7, 0x0, 0x38, 0x1, 0xd0, 0x3, 0x1b, 0x90,
    0xc8, 0x8, 0x43, 0x1e, 0x0, 0xb, 0x40, 0x23,
    0x60, 0x3f, 0x53, 0x30, 0x3c, 0x22, 0x1, 0x41,
    0x0, 0x7, 0x86, 0x99, 0x47, 0x82, 0xce, 0x36,
    0x47, 0xe6, 0x20, 0x3, 0xf0, 0x8a, 0x7f, 0xf0,
    0x47, 0x81, 0x94, 0xac, 0x80, 0x78, 0xd1, 0x94,
    0x0, 0x20, 0x15, 0x28, 0xa8, 0x6, 0x20, 0x71,
    0xbf, 0x10, 0x20, 0x9, 0x1, 0x40, 0x39, 0x83,
    0x3e, 0x97, 0x82, 0xf8, 0xb, 0x41, 0x18, 0x3,
    0x35, 0xdf, 0x38, 0x55, 0xf, 0xc3, 0x52, 0x54,
    0x2, 0x24, 0x42, 0x88, 0x90, 0x57, 0x30, 0x18,
    0x56, 0x75, 0x40, 0xe, 0x1b, 0xa2, 0xb0, 0x37,
    0xd2, 0x0, 0x63, 0x30, 0x3, 0xdd, 0xfc, 0xa1,
    0x70, 0x1, 0xd3, 0x80,

    /* U+6551 "救" */
    0x0, 0xe3, 0x30, 0x7, 0x84, 0x3, 0xfe, 0x88,
    0x26, 0x88, 0x1, 0x78, 0xc0, 0x3f, 0xf8, 0x8,
    0x1a, 0x0, 0xd0, 0x30, 0xf, 0xfe, 0xf, 0x99,
    0x81, 0x8, 0x3, 0xe6, 0x6f, 0x92, 0x1c, 0xd,
    0xc0, 0x3e, 0x99, 0xc4, 0x49, 0x94, 0x79, 0x2,
    0xff, 0xf1, 0x7, 0xfe, 0x34, 0xff, 0xad, 0x42,
    0x22, 0x41, 0x83, 0x2, 0x80, 0x3, 0x80, 0x17,
    0x46, 0x81, 0x9d, 0xc0, 0x8e, 0x20, 0x6d, 0x20,
    0x11, 0x52, 0xa1, 0x2, 0x0, 0x17, 0x40, 0x21,
    0xa6, 0x40, 0x6c, 0x58, 0x81, 0x27, 0x80, 0x88,
    0xc0, 0x32, 0x2e, 0x1, 0x25, 0x3, 0xce, 0xa8,
    0x38, 0x28, 0x7, 0x54, 0xa8, 0x6, 0xa4, 0x70,
    0x6a, 0x41, 0x0, 0xe4, 0xf1, 0x24, 0xd2, 0x0,
    0xa, 0xd9, 0xf8, 0x7, 0x45, 0xb9, 0xb7, 0x86,
    0x18, 0x3, 0x88, 0x50, 0x2, 0x1c, 0x7a, 0x97,
    0x1, 0xc5, 0x0, 0x84, 0x0, 0x20, 0x10, 0xb6,
    0xa8, 0x6, 0x1b, 0x30, 0x4a, 0x31, 0xa0, 0xd,
    0x44, 0x1, 0xf9, 0xac, 0xf2, 0x52, 0x80, 0x30,
    0xa2, 0x14, 0x40, 0x9, 0xb2, 0x7a, 0xc, 0xc5,
    0xc1, 0x0, 0xae, 0xc7, 0xc0, 0x11, 0xce, 0x8,
    0x2, 0x61, 0x84, 0x0, 0x3f, 0xed, 0x40, 0x2,
    0x73, 0x0, 0x73, 0xd0, 0x0,

    /* U+6587 "文" */
    0x0, 0xfc, 0x78, 0x80, 0x1f, 0xfc, 0x52, 0x39,
    0x0, 0xff, 0xe2, 0x8b, 0x92, 0x0, 0x7f, 0x22,
    0x7e, 0xe3, 0x24, 0x4f, 0x80, 0x17, 0x7f, 0xa4,
    0xe6, 0xef, 0xe1, 0xc, 0xc9, 0x7, 0x33, 0xf0,
    0x1e, 0x64, 0x20, 0x67, 0x40, 0xb1, 0x9f, 0x94,
    0x20, 0xce, 0x0, 0xe3, 0x34, 0x0, 0x7a, 0xc9,
    0x0, 0x3f, 0xa0, 0x98, 0x3, 0x29, 0x40, 0x7,
    0xf9, 0x11, 0x24, 0x0, 0x1b, 0x25, 0x0, 0xff,
    0xa8, 0x7c, 0x1, 0xa3, 0xe0, 0x1f, 0xfc, 0x1,
    0xd2, 0xb9, 0x3a, 0x20, 0xf, 0xfe, 0x9, 0xc2,
    0x33, 0x14, 0x3, 0xff, 0x84, 0x38, 0x0, 0x52,
    0x0, 0xff, 0xe0, 0xb7, 0x24, 0x49, 0xeb, 0x80,
    0x7f, 0x93, 0x24, 0xf5, 0xdb, 0x4e, 0x31, 0x40,
    0x38, 0xa3, 0xac, 0xa3, 0x8, 0x0, 0x59, 0x5,
    0x5f, 0x26, 0x3, 0x8e, 0x53, 0xce, 0x1, 0xe7,
    0xea, 0x36, 0xd1, 0x15, 0x66, 0x18, 0x3, 0xfc,
    0xb9, 0xba, 0x10,

    /* U+658C "斌" */
    0x0, 0x98, 0xc0, 0x3f, 0xa2, 0x40, 0x3e, 0xad,
    0x10, 0x1, 0x2a, 0xe3, 0x25, 0xc9, 0x0, 0xed,
    0xa, 0x0, 0x2d, 0x56, 0xb3, 0xe, 0x67, 0x0,
    0xc3, 0x70, 0x0, 0x7f, 0xfd, 0x0, 0x2, 0x99,
    0x8, 0xbf, 0xea, 0xcf, 0xa1, 0x1f, 0x0, 0x89,
    0xf0, 0x45, 0x33, 0x85, 0x37, 0xbb, 0xcc, 0x5d,
    0xcd, 0x60, 0x66, 0xc3, 0x8d, 0x77, 0xe5, 0x1b,
    0xb9, 0xc2, 0x60, 0x8, 0x8, 0x51, 0x29, 0x64,
    0xd0, 0x44, 0x84, 0x3d, 0xd9, 0x80, 0xe0, 0xa4,
    0x4, 0x20, 0x1, 0x0, 0xe6, 0x64, 0xf8, 0x90,
    0x4b, 0x80, 0x61, 0x0, 0xfa, 0x51, 0xa, 0x1,
    0xec, 0xfe, 0x0, 0xfd, 0x40, 0x1f, 0x9e, 0x74,
    0x8, 0x3, 0xc8, 0x8, 0x60, 0x1d, 0x6c, 0xe0,
    0x20, 0x1e, 0xe2, 0x24, 0x0, 0x7c, 0x40, 0xc0,
    0x1c, 0x29, 0x76, 0x42, 0x0, 0xf8, 0xb4, 0x14,
    0x40, 0x16, 0x2c, 0xd1, 0x0, 0x67, 0x44, 0x3a,
    0x6, 0x48, 0x2a, 0xa4, 0x1, 0x24, 0x3d, 0x41,
    0x76, 0xfc, 0x32, 0x5d, 0x1a, 0x47, 0x0, 0x16,
    0x92, 0x33, 0x27, 0x2d, 0x87, 0xd, 0x5, 0xe8,
    0x2, 0x2a, 0xdf, 0xc9, 0x63, 0x0, 0x50, 0x30,
    0x84, 0x8, 0x6, 0x52, 0x0, 0xf9, 0x3a, 0x40,

    /* U+65B9 "方" */
    0x0, 0xfd, 0x12, 0x1, 0xff, 0xc4, 0x16, 0x30,
    0xf, 0xfe, 0x1c, 0x4, 0x80, 0x7c, 0x4a, 0xbf,
    0x21, 0x99, 0x57, 0xe4, 0xaa, 0xfc, 0x6d, 0x55,
    0xeb, 0x6e, 0xed, 0xa0, 0xbd, 0xdf, 0xde, 0x2,
    0x38, 0xc0, 0x84, 0x7f, 0xc0, 0x1c, 0x41, 0xe0,
    0x1f, 0xfc, 0x37, 0xc, 0x88, 0xf9, 0xc0, 0x3e,
    0xc0, 0x47, 0x7f, 0xa4, 0x3, 0xe4, 0xf, 0xff,
    0x90, 0x80, 0x3e, 0x34, 0x0, 0xf9, 0x9c, 0x3,
    0xcc, 0x1a, 0x1, 0xf1, 0x90, 0x7, 0xa0, 0x58,
    0x3, 0xc2, 0x2e, 0x0, 0xea, 0x18, 0x0, 0xf8,
    0x80, 0x80, 0x34, 0xab, 0x30, 0x3, 0xeb, 0x4,
    0x0, 0x1e, 0x32, 0xc8, 0x4, 0x30, 0xee, 0x87,
    0x31, 0x0, 0x29, 0x55, 0x0, 0x30, 0xac, 0x41,
    0x8f, 0x80, 0x26, 0xe5, 0x0, 0xf6, 0xff, 0xbb,
    0x8, 0x2,

    /* U+65E0 "无" */
    0x0, 0x2b, 0xbf, 0xff, 0x9, 0x80, 0x37, 0x44,
    0x7f, 0xf0, 0xac, 0x3, 0x5f, 0xff, 0x68, 0x4f,
    0xff, 0xb4, 0x3, 0xfc, 0x20, 0x40, 0x1f, 0xfc,
    0x57, 0x7, 0x0, 0xff, 0xe2, 0x88, 0x8, 0x7,
    0xf9, 0xe2, 0x3d, 0xc1, 0x51, 0x1f, 0x80, 0x12,
    0xef, 0xe4, 0x7, 0x7f, 0xe0, 0x7, 0x7f, 0xf8,
    0x58, 0xcd, 0xff, 0xf0, 0x7, 0xe4, 0x1d, 0x0,
    0xff, 0xe2, 0xf0, 0x20, 0x7, 0xff, 0x11, 0x15,
    0xc0, 0x3f, 0xf8, 0xb2, 0x30, 0x1, 0xf8, 0x90,
    0x3, 0x87, 0xa, 0x80, 0x3f, 0x9e, 0xc8, 0x2,
    0x2c, 0x3a, 0x40, 0xf, 0xe2, 0x2, 0x2, 0xad,
    0x2b, 0x50, 0x9, 0xce, 0x1d, 0xe8, 0x93, 0x0,
    0x62, 0xab, 0x90, 0x3, 0x41, 0x3c, 0x44, 0xe7,
    0xe0, 0xc, 0xda, 0x10, 0xe, 0x3d, 0xff, 0xed,
    0x30,

    /* U+65E5 "日" */
    0x37, 0x7f, 0xfe, 0x2, 0x22, 0x23, 0xff, 0x81,
    0xc0, 0xe, 0xff, 0xfe, 0x0, 0xc2, 0x1, 0xff,
    0xeb, 0x88, 0xff, 0x0, 0x67, 0x7f, 0xf0, 0x6,
    0xff, 0xff, 0x0, 0x7f, 0xfc, 0x1d, 0xff, 0xc0,
    0x1a, 0x23, 0xfc, 0x1, 0xbb, 0xff, 0xf8, 0x8c,

    /* U+65F6 "时" */
    0x0, 0xff, 0xe1, 0x46, 0x0, 0x42, 0x89, 0xe0,
    0xf, 0x84, 0x80, 0x24, 0xbb, 0xea, 0x0, 0xff,
    0xe1, 0x6f, 0x71, 0xc0, 0x3f, 0xf8, 0x64, 0x22,
    0xf0, 0x2f, 0xff, 0x30, 0xff, 0x94, 0x3, 0xe3,
    0x77, 0xf1, 0x83, 0xb9, 0x80, 0x3e, 0x18, 0x8f,
    0x28, 0xc4, 0xc, 0x0, 0xca, 0xad, 0x0, 0xc,
    0x0, 0x7f, 0xd3, 0x54, 0x50, 0x1, 0xbd, 0x0,
    0x7f, 0xbf, 0xe8, 0x0, 0x14, 0xaa, 0x80, 0x3f,
    0xf8, 0x8c, 0x76, 0x1, 0xff, 0xc5, 0xf1, 0x90,
    0xf, 0xfe, 0x21, 0xbf, 0x80, 0x7e, 0x76, 0x66,
    0x80, 0x74, 0x30, 0x7, 0xe8, 0x99, 0x28, 0x7,
    0xff, 0xf, 0xff, 0x70, 0x7, 0xff, 0x1, 0xe0,
    0x3, 0xf2, 0x44, 0x48, 0x60, 0x11, 0x38, 0x7,
    0xf3, 0xb9, 0x86, 0x40, 0x20,

    /* U+660E "明" */
    0x26, 0x6f, 0x8, 0x66, 0x7e, 0x74, 0x99, 0xf1,
    0x81, 0x82, 0xaf, 0x1f, 0x80, 0x3f, 0xec, 0x0,
    0xd7, 0x33, 0xc2, 0x1, 0xff, 0xd1, 0xf0, 0xf,
    0xe6, 0x55, 0x58, 0x6, 0x7f, 0xfe, 0x10, 0xa,
    0x6a, 0x8e, 0x1, 0x96, 0xef, 0x80, 0x37, 0xfd,
    0x80, 0x1b, 0x51, 0x38, 0x40, 0x3f, 0xe1, 0x0,
    0xff, 0xe1, 0x88, 0x9, 0x17, 0x0, 0x7c, 0xe0,
    0x2, 0x8, 0xdd, 0xe1, 0x0, 0xbf, 0xeb, 0x0,
    0x28, 0x66, 0xef, 0x8, 0x5, 0x55, 0xc5, 0xe4,
    0x64, 0x5c, 0x1, 0x95, 0x78, 0x59, 0x40, 0x3f,
    0x24, 0x80, 0x73, 0x5, 0x0, 0x7e, 0x26, 0x0,
    0xc5, 0xc, 0x40, 0x1f, 0xfc, 0x12, 0xf1, 0x80,
    0x8, 0x5d, 0x9c, 0x7c, 0x3, 0x9c, 0xf0, 0x40,
    0x21, 0x99, 0x91, 0x80, 0x39, 0x78, 0x80, 0x3b,
    0xbf, 0xac, 0x40,

    /* U+6625 "春" */
    0x0, 0xfe, 0xc5, 0x0, 0xff, 0x88, 0xbc, 0xa7,
    0xa4, 0x5f, 0x0, 0x6f, 0xdd, 0xea, 0x7, 0xdd,
    0xf7, 0x80, 0x6c, 0xee, 0xe4, 0xd, 0xee, 0xf6,
    0x0, 0x61, 0x55, 0xf1, 0xb2, 0xaf, 0x80, 0x38,
    0xae, 0xf8, 0x4e, 0xef, 0xe2, 0x0, 0xc5, 0xff,
    0x8c, 0x7f, 0xff, 0x18, 0x4, 0xac, 0xda, 0xd,
    0x59, 0xbf, 0xc0, 0x8, 0x8d, 0x2e, 0xb, 0x11,
    0x4c, 0xd1, 0x18, 0x1, 0xbd, 0xcf, 0x22, 0x77,
    0x77, 0xa1, 0x7f, 0x74, 0x1, 0x8b, 0xc8, 0x9d,
    0xff, 0xc8, 0x5e, 0x60, 0x18, 0x63, 0x4c, 0x1e,
    0xef, 0xd0, 0x0, 0xc9, 0x20, 0x1f, 0x78, 0xe0,
    0xd4, 0x4f, 0x18, 0x5c, 0x36, 0x8, 0xaf, 0x5c,
    0x1, 0x7b, 0xbe, 0xa0, 0x17, 0xdd, 0x8, 0x29,
    0x0, 0x4d, 0x11, 0xe6, 0x0, 0x88, 0xc0, 0x3e,
    0xd5, 0x5f, 0x60, 0x7, 0xff, 0x3, 0x55, 0x7d,
    0x80, 0x1f, 0xfc, 0x7, 0xaa, 0xf3, 0x80, 0x7f,
    0xf0, 0x2b, 0xff, 0xd6, 0x20, 0x1c,

    /* U+6668 "晨" */
    0x0, 0xab, 0xff, 0xff, 0x81, 0xc0, 0x1f, 0x1f,
    0x77, 0xf9, 0x40, 0x3f, 0x1f, 0xff, 0xf9, 0x40,
    0x3f, 0x1e, 0x67, 0xf9, 0x40, 0x3f, 0xf9, 0xe6,
    0x59, 0x9f, 0xe4, 0x30, 0xe, 0x1b, 0xcc, 0xff,
    0xe0, 0x79, 0x8, 0x5, 0x3b, 0xbf, 0xfc, 0x38,
    0x0, 0xef, 0xff, 0xfe, 0x14, 0x80, 0x7b, 0x3f,
    0xff, 0xdc, 0x1, 0xc2, 0x0, 0xcf, 0xff, 0xf7,
    0x0, 0x71, 0x87, 0xff, 0xff, 0xb, 0x40, 0x21,
    0x2c, 0xc0, 0xa6, 0x61, 0x46, 0xf3, 0x25, 0x9f,
    0x0, 0x95, 0xc, 0xe2, 0x33, 0x51, 0x50, 0xb7,
    0x39, 0x10, 0x0, 0x43, 0xe0, 0x3, 0x0, 0xdc,
    0xbb, 0x54, 0xd4, 0x0, 0xa8, 0x1c, 0x8, 0x56,
    0x2f, 0xee, 0xd2, 0x31, 0x6c, 0x60, 0x7, 0x51,
    0x9, 0x3, 0x36, 0x5c, 0x83, 0x74, 0x84, 0xe8,
    0x3, 0x20, 0x1, 0x37, 0xf6, 0xe8, 0x1, 0x9a,
    0xff, 0xc0,

    /* U+66E6 "曦" */
    0x0, 0xfd, 0xa, 0x1, 0x9d, 0xc0, 0x11, 0x33,
    0x62, 0x0, 0x7d, 0x88, 0x0, 0xa0, 0x40, 0x26,
    0x99, 0xcc, 0xc9, 0xd1, 0xb9, 0x97, 0x86, 0x4a,
    0x80, 0x7, 0xfc, 0x20, 0xbb, 0xd7, 0xc8, 0x53,
    0x7d, 0xae, 0x1, 0xf1, 0x4c, 0xe2, 0x59, 0x9c,
    0x20, 0x1f, 0xf, 0xfe, 0x34, 0xff, 0xc6, 0x1,
    0xe2, 0x9b, 0xbc, 0x4f, 0x77, 0xa4, 0xc0, 0x59,
    0x82, 0x1, 0xc6, 0x8e, 0x46, 0x40, 0x7, 0x0,
    0x44, 0x0, 0xc4, 0xc9, 0x51, 0xe5, 0x39, 0x42,
    0x50, 0x7, 0xb8, 0x21, 0x7d, 0xa5, 0xfa, 0x20,
    0xde, 0x6c, 0x1, 0xed, 0xd5, 0x48, 0xf7, 0x30,
    0x37, 0xd2, 0x14, 0x3, 0xb3, 0xd0, 0x80, 0xef,
    0x86, 0xfb, 0x25, 0x40, 0x3b, 0x7f, 0x78, 0xbb,
    0xc9, 0x4c, 0x23, 0x80, 0x3, 0x54, 0x1c, 0x2c,
    0x80, 0x91, 0x73, 0xc5, 0x54, 0x0, 0x46, 0x66,
    0x67, 0xae, 0xf4, 0x41, 0x2d, 0x2a, 0x82, 0x0,
    0x19, 0x98, 0xc0, 0x63, 0x75, 0x42, 0xe0, 0xaa,
    0x43, 0x5c, 0x0, 0xc7, 0xfd, 0xc4, 0xb, 0xb3,
    0x2a, 0xbd, 0x4, 0x80, 0x3d, 0x7c, 0xfa, 0x3d,
    0x32, 0xb5, 0x50, 0x7, 0xeb, 0xed, 0x4a, 0x10,
    0x6e, 0xe1, 0x0,

    /* U+66F9 "曹" */
    0x0, 0xe5, 0xf2, 0x0, 0x65, 0x0, 0x78, 0xd1,
    0x36, 0x82, 0x24, 0x2c, 0x89, 0xc3, 0xd7, 0x79,
    0xc2, 0x6e, 0xc4, 0x77, 0x7c, 0x9b, 0xff, 0xa8,
    0x37, 0xfc, 0x6b, 0xff, 0xca, 0x15, 0xff, 0x50,
    0x6f, 0xf8, 0xd7, 0xff, 0x8, 0x4, 0x5b, 0xa8,
    0xb, 0xdd, 0x12, 0x6e, 0x9c, 0x3, 0xc4, 0x50,
    0x31, 0x10, 0x44, 0x44, 0xf0, 0xe, 0x2e, 0xe5,
    0x6, 0x77, 0xd, 0x7b, 0x90, 0x1, 0xc7, 0xdc,
    0xa0, 0xce, 0xe1, 0xaf, 0x72, 0x40, 0x38, 0xff,
    0xd4, 0x1b, 0xfe, 0x35, 0xff, 0x48, 0x6, 0xbd,
    0xdf, 0xfe, 0x10, 0x80, 0x4, 0x1d, 0xff, 0xf8,
    0x4, 0x1, 0x92, 0xa2, 0x67, 0xf5, 0x58, 0x7,
    0xdf, 0x99, 0xf9, 0x40, 0x3f, 0x6f, 0xff, 0xe5,
    0x0, 0xfd, 0x9d, 0xdf, 0x90, 0x3, 0xf3, 0x11,
    0x7e, 0x70, 0xf, 0xd5, 0x99, 0xf8, 0xc0, 0x3f,
    0x6f, 0xff, 0xe5, 0x30, 0x8,

    /* U+66FE "曾" */
    0x0, 0xa2, 0x0, 0x1c, 0x38, 0xa0, 0x1e, 0xd7,
    0x50, 0xd, 0x4, 0x80, 0x10, 0x99, 0x98, 0xf0,
    0xce, 0x66, 0x49, 0x19, 0x85, 0xf3, 0x23, 0x6c,
    0xca, 0x42, 0x33, 0x24, 0x0, 0x74, 0x6f, 0xf8,
    0x5f, 0xfd, 0x5b, 0x60, 0x1d, 0xfe, 0x10, 0xc,
    0x74, 0x20, 0x1e, 0x86, 0x80, 0x8, 0x7a, 0xc,
    0x3, 0x8c, 0x27, 0x40, 0x23, 0xa6, 0x0, 0xf6,
    0xfe, 0xdf, 0x8b, 0xec, 0x77, 0xd8, 0x1, 0xb7,
    0x7f, 0xf8, 0x4a, 0x4, 0xef, 0xff, 0xc0, 0x20,
    0x1, 0x55, 0xcc, 0xfe, 0xba, 0x10, 0xd, 0x79,
    0x9f, 0x98, 0x3, 0xd1, 0x99, 0xf9, 0x80, 0x3c,
    0x93, 0x3f, 0x90, 0x3, 0xd8, 0xab, 0xf8, 0x80,
    0x3d, 0x7b, 0xbf, 0x98, 0x3, 0xcf, 0x11, 0xf9,
    0x40, 0x3d, 0x8a, 0xbf, 0xb0, 0x40, 0x0,

    /* U+6708 "月" */
    0x0, 0xdd, 0xff, 0xff, 0x38, 0x7, 0x1c, 0x47,
    0xe7, 0x0, 0xf9, 0x5d, 0xff, 0x48, 0x7, 0xff,
    0x75, 0xbf, 0xff, 0x70, 0x7, 0x84, 0xe2, 0x3f,
    0x38, 0x7, 0xc8, 0xef, 0xfa, 0x40, 0x3e, 0xf0,
    0xf, 0xfe, 0x11, 0x80, 0x4, 0x7f, 0x18, 0x7,
    0x30, 0x47, 0x77, 0xed, 0x0, 0xec, 0xa, 0xaf,
    0xe9, 0x0, 0xc2, 0xca, 0xbf, 0xe7, 0x0, 0xcc,
    0x1c, 0x1, 0xff, 0xc1, 0x28, 0x24, 0x0, 0xff,
    0xe0, 0xf, 0x87, 0x0, 0x78, 0xe2, 0x2b, 0x2,
    0x1, 0xb3, 0x0, 0xf1, 0x3b, 0xe6, 0x51, 0xc4,
    0x0, 0xf8, 0x7f, 0xed, 0x90,

    /* U+6709 "有" */
    0x0, 0xf8, 0xa8, 0xc0, 0x3f, 0xf8, 0x8a, 0xa1,
    0x0, 0xff, 0x9, 0x9f, 0x51, 0x9, 0x9f, 0xe2,
    0x8, 0xcc, 0xe2, 0x26, 0x67, 0xf8, 0x23, 0x33,
    0x10, 0xe6, 0x7f, 0xc0, 0x26, 0x73, 0x14, 0x19,
    0xff, 0x88, 0x3, 0xd, 0x80, 0x19, 0xbf, 0x18,
    0x7, 0xa0, 0x42, 0x67, 0xfa, 0x80, 0x39, 0x98,
    0x9, 0xff, 0xf8, 0x40, 0x39, 0x65, 0x4c, 0x3,
    0xff, 0x85, 0x14, 0x94, 0xe9, 0xff, 0xf8, 0x40,
    0x39, 0xec, 0x0, 0x79, 0x9f, 0x84, 0x3, 0x44,
    0x0, 0x27, 0x33, 0xfc, 0x1, 0xfe, 0x4e, 0xef,
    0xc2, 0x1, 0xfc, 0x51, 0x1f, 0x84, 0x3, 0xf9,
    0x9b, 0xf8, 0x3, 0xff, 0xac, 0x2e, 0xf0, 0x88,
    0x3, 0xff, 0x82, 0x33, 0x12, 0x94, 0x0,

    /* U+670D "服" */
    0x0, 0xff, 0xe5, 0x6f, 0xff, 0x2, 0x7f, 0xfe,
    0x30, 0xc, 0xb5, 0x45, 0x0, 0xd1, 0x33, 0x9c,
    0x3, 0xda, 0xaa, 0xc0, 0xc, 0xac, 0xda, 0xc0,
    0x3f, 0xf9, 0xd7, 0x10, 0xd0, 0xf, 0xf, 0x7e,
    0x9, 0x0, 0x63, 0x66, 0x20, 0x7, 0x87, 0x6f,
    0x38, 0x40, 0x34, 0x77, 0x24, 0x3, 0x39, 0x98,
    0x1c, 0xc, 0x40, 0x3f, 0xf8, 0x15, 0x99, 0xeb,
    0x0, 0x8c, 0x3, 0xf4, 0x5, 0xee, 0xb0, 0x30,
    0x3, 0x63, 0xbb, 0x40, 0x32, 0x89, 0x91, 0x1c,
    0x1c, 0x2, 0x14, 0x88, 0x20, 0x7, 0x35, 0x0,
    0x38, 0x84, 0x3, 0x5f, 0xfa, 0x40, 0x3a, 0x89,
    0x49, 0x6c, 0x2, 0x10, 0x60, 0xf, 0xc4, 0xd7,
    0x4, 0xc0, 0x12, 0x81, 0x0, 0x7f, 0x40, 0xac,
    0x0, 0x63, 0x10, 0xf, 0xf1, 0x88, 0x18, 0x6,
    0xc4, 0x0, 0xfe, 0x2c, 0x35, 0x96, 0x0, 0xa,
    0x78, 0x2b, 0x68, 0x80, 0x55, 0xa7, 0x94, 0xd3,
    0x62, 0x6, 0x81, 0x92, 0xb2, 0x1, 0x6b, 0x68,
    0x84, 0xc9, 0xc4, 0x58, 0x21, 0x3f, 0xce, 0x9,
    0xeb, 0x20, 0x19, 0xb0, 0x0,

    /* U+671F "期" */
    0x0, 0x94, 0x40, 0x25, 0x10, 0xf, 0xf8, 0x69,
    0x40, 0x3, 0x4a, 0x5, 0x55, 0xe5, 0x1, 0x20,
    0x12, 0x28, 0x8, 0x59, 0x40, 0xce, 0x5d, 0xd,
    0xc0, 0xad, 0xd6, 0x4, 0xe8, 0x2, 0xe6, 0x61,
    0x0, 0x75, 0x84, 0xe6, 0x2c, 0x23, 0x80, 0x3f,
    0x89, 0x40, 0x8c, 0xca, 0x6, 0x40, 0x5, 0x33,
    0x84, 0x3, 0xaf, 0xfd, 0xc0, 0x1d, 0x79, 0x90,
    0x7, 0xa7, 0x75, 0x60, 0x1d, 0x9d, 0xd0, 0x80,
    0x71, 0x14, 0xa0, 0x1c, 0x42, 0x30, 0x7, 0xaf,
    0xfd, 0xc0, 0x10, 0x80, 0x7f, 0xd1, 0x76, 0xa0,
    0x8, 0xc2, 0xea, 0xa1, 0x0, 0xe3, 0x44, 0x80,
    0x21, 0x4, 0x4c, 0x1, 0x33, 0x3, 0x59, 0xa0,
    0xd5, 0xf1, 0xee, 0xc2, 0x3, 0x12, 0x2f, 0x10,
    0x91, 0x7e, 0x35, 0x0, 0xf0, 0xf7, 0x25, 0xfb,
    0xdf, 0xfa, 0xd4, 0xc0, 0x3f, 0x1c, 0x70, 0x9,
    0x60, 0x98, 0xe0, 0x7, 0xc9, 0x88, 0xe0, 0xb,
    0x38, 0x81, 0x20, 0x1b, 0x38, 0xf8, 0x6a, 0x58,
    0x6, 0xf9, 0xb, 0x0, 0x34, 0xc1, 0xa8, 0x4d,
    0x80, 0x70, 0x85, 0xb0, 0x1, 0x7f, 0xd8, 0x40,

    /* U+672A "未" */
    0x0, 0xfe, 0x45, 0x0, 0xff, 0xe3, 0x7c, 0x0,
    0x7f, 0xf4, 0xca, 0x23, 0xca, 0x71, 0x1e, 0x40,
    0xc, 0xce, 0xfe, 0x11, 0x3b, 0xfb, 0x0, 0x32,
    0x7f, 0xf9, 0xb, 0xff, 0xd0, 0x1, 0xff, 0xdf,
    0x58, 0x8f, 0x94, 0xe2, 0x3e, 0x70, 0x7, 0xbb,
    0xfc, 0x22, 0x77, 0xfa, 0x40, 0x15, 0xff, 0xdc,
    0x20, 0x16, 0xff, 0xf7, 0x0, 0x7e, 0xd0, 0x22,
    0x1f, 0x88, 0x7, 0xff, 0x2, 0xcf, 0x58, 0x34,
    0xf4, 0x40, 0x3f, 0xd6, 0x94, 0x60, 0x1, 0xd3,
    0xc1, 0x0, 0xf8, 0xb5, 0x29, 0x40, 0x31, 0xe1,
    0x7a, 0x0, 0x73, 0xe9, 0xda, 0x80, 0x78, 0xf0,
    0x2e, 0x4, 0x1, 0xb0, 0x78, 0x80, 0x1f, 0x8f,
    0xd1, 0xfc, 0x82, 0xe7, 0x8, 0x3, 0xfc, 0x37,
    0x4c, 0x40, 0xcc, 0x0, 0xff, 0xe1, 0x2c, 0x0,

    /* U+672F "术" */
    0x0, 0xfe, 0x53, 0x0, 0xff, 0xe3, 0x54, 0x85,
    0x58, 0x80, 0x7f, 0xf1, 0x79, 0x7d, 0x0, 0x3f,
    0xf8, 0x89, 0xe5, 0x6a, 0x1, 0xff, 0xc4, 0x1c,
    0x75, 0x0, 0xcf, 0x11, 0xf0, 0x3c, 0x46, 0x8,
    0x81, 0x0, 0x29, 0xdf, 0xe0, 0x27, 0x7f, 0xc0,
    0xd, 0xff, 0xf1, 0x80, 0x17, 0xff, 0xca, 0x1,
    0xf9, 0x8c, 0x5, 0x54, 0x1, 0xff, 0xc1, 0x18,
    0x40, 0x46, 0xb1, 0x0, 0xff, 0xe0, 0x69, 0xd0,
    0x2, 0x4f, 0x0, 0x3f, 0xea, 0x3e, 0x10, 0xb,
    0xca, 0xc0, 0x3f, 0xa9, 0x68, 0xc0, 0x31, 0x52,
    0x58, 0x7, 0x87, 0x15, 0xd4, 0x3, 0xcb, 0x9,
    0x82, 0x1, 0x27, 0x9c, 0x40, 0x3, 0xf3, 0xc1,
    0xf9, 0x81, 0xd8, 0xd3, 0x80, 0x7f, 0x9e, 0x46,
    0x40, 0xe7, 0x94, 0x3, 0xff, 0x80, 0xd9, 0x40,
    0x6, 0x10, 0xf, 0xfe, 0x11, 0x80, 0x7f, 0xf2,
    0x80,

    /* U+6731 "朱" */
    0x0, 0xfe, 0x45, 0x0, 0xff, 0xe1, 0x73, 0x80,
    0x3a, 0xc0, 0x3f, 0xf8, 0x2c, 0x28, 0x1, 0xff,
    0xc5, 0xb1, 0x56, 0x63, 0x83, 0x37, 0x88, 0x3,
    0x94, 0x86, 0x66, 0x21, 0x99, 0xf3, 0x80, 0x61,
    0xb4, 0xee, 0xc8, 0x3d, 0xde, 0x50, 0xd, 0xa1,
    0x42, 0x3c, 0x2, 0x3e, 0x0, 0xe8, 0xa1, 0x0,
    0xff, 0xe2, 0x18, 0x89, 0x57, 0x98, 0x15, 0x7f,
    0x0, 0x26, 0xab, 0xe3, 0x1a, 0xaf, 0xac, 0x1,
    0x7d, 0xdd, 0x80, 0x1a, 0x7b, 0xbb, 0xc0, 0x2,
    0x3e, 0xe2, 0x31, 0x49, 0x21, 0x1e, 0x0, 0xfa,
    0xcb, 0x98, 0x28, 0xb4, 0xc0, 0x3f, 0x87, 0x12,
    0xcc, 0x0, 0x38, 0x78, 0x80, 0x1f, 0x1f, 0x9d,
    0x20, 0x6, 0x1c, 0x2b, 0x90, 0xe, 0x8c, 0xb,
    0x50, 0xf, 0xe, 0xab, 0x6a, 0x80, 0x35, 0xcf,
    0x10, 0x3, 0xfa, 0xa4, 0xa9, 0x2, 0x65, 0x84,
    0x1, 0xff, 0x37, 0x52, 0x2, 0x30, 0x7, 0xff,
    0x8, 0x54, 0x0,

    /* U+673A "机" */
    0x0, 0xc6, 0x80, 0x1f, 0xfc, 0x69, 0x90, 0x6,
    0x77, 0xf2, 0x0, 0x7f, 0xf0, 0x66, 0x23, 0xb0,
    0x3, 0xff, 0x84, 0xff, 0xf0, 0x80, 0x73, 0xbe,
    0x37, 0x73, 0x0, 0x7f, 0xf0, 0x26, 0x20, 0x43,
    0x10, 0xd0, 0xf, 0xfe, 0x7, 0x7f, 0x1, 0x7f,
    0xac, 0x3, 0xff, 0x84, 0xe0, 0x1e, 0x10, 0xf,
    0xfe, 0x5, 0x81, 0x48, 0x7, 0xff, 0xc, 0xc9,
    0x5, 0xe4, 0x2, 0xf0, 0xf, 0xf4, 0xb0, 0x9e,
    0xb4, 0x8, 0x8, 0x7, 0xf1, 0xad, 0x80, 0xe,
    0x38, 0x80, 0x80, 0x3f, 0xb9, 0x48, 0x2, 0x76,
    0x50, 0x60, 0xf, 0xc6, 0x50, 0x1, 0xea, 0x2,
    0x0, 0xf4, 0x99, 0xb4, 0x80, 0x38, 0x8d, 0x40,
    0x3e, 0x56, 0x2, 0x0, 0xf4, 0x87, 0x0, 0x7c,
    0x20, 0x1f, 0x9d, 0x9, 0x0, 0x39, 0x1c, 0x98,
    0x3, 0xeb, 0xe, 0x0, 0xe9, 0x28, 0x43, 0x0,
    0xfb, 0xa0, 0xc0, 0x39, 0xfb, 0xec, 0x3, 0xab,
    0x40, 0x9c, 0x3, 0xfe,

    /* U+674E "李" */
    0x0, 0xfe, 0x87, 0x0, 0xff, 0xe3, 0x26, 0x0,
    0x7f, 0x95, 0x9b, 0xe2, 0x66, 0xfe, 0x0, 0x4c,
    0xfe, 0x12, 0x99, 0xfa, 0x0, 0x19, 0xff, 0xb0,
    0x50, 0xcc, 0x83, 0x9f, 0xfb, 0x80, 0x3c, 0xd8,
    0xb6, 0xf, 0x69, 0x8e, 0x1, 0xf9, 0x32, 0x62,
    0xc0, 0x35, 0x4c, 0x6b, 0x0, 0x66, 0xdb, 0xc,
    0x70, 0xf, 0x36, 0xb4, 0xfc, 0x88, 0x50, 0xd7,
    0x32, 0xac, 0x86, 0xab, 0x3d, 0xe2, 0x90, 0x86,
    0x61, 0x5e, 0xab, 0x3b, 0xaa, 0xb2, 0x1d, 0x58,
    0x7, 0x2f, 0xff, 0x73, 0x81, 0xea, 0x0, 0x7f,
    0xf0, 0x63, 0x92, 0xf0, 0x80, 0x3c, 0xac, 0xdf,
    0x29, 0x51, 0x33, 0x78, 0x1, 0x13, 0x3f, 0x11,
    0x26, 0x7e, 0x80, 0x6, 0xff, 0xfc, 0x69, 0xff,
    0xf7, 0x0, 0x7f, 0xf8, 0xd9, 0x54, 0x42, 0x1,
    0xff, 0xc3, 0xda, 0xa1, 0x48, 0x7, 0xf0,

    /* U+675C "杜" */
    0x0, 0xc8, 0x80, 0xf, 0x9, 0x0, 0x7f, 0xbf,
    0xc0, 0x1e, 0x6d, 0x10, 0xf, 0xff, 0x17, 0x7f,
    0x91, 0x1f, 0xe6, 0x0, 0xff, 0xe0, 0x4c, 0x38,
    0x14, 0x41, 0x40, 0x3f, 0xf8, 0xe, 0xec, 0x0,
    0x3b, 0x85, 0xde, 0xc0, 0x97, 0x78, 0xc0, 0x37,
    0x1, 0x40, 0x3c, 0x44, 0x80, 0xf1, 0x13, 0x0,
    0x65, 0x1, 0x72, 0x5f, 0xfa, 0x3, 0xbf, 0xe5,
    0x0, 0x94, 0x91, 0x55, 0xc0, 0x1f, 0xfc, 0x28,
    0xa0, 0x4, 0x20, 0x7, 0xff, 0x5, 0x89, 0x80,
    0x5, 0x0, 0x1f, 0xfc, 0x2, 0x97, 0x10, 0xf,
    0xfe, 0x29, 0x40, 0x7, 0xff, 0x14, 0xb4, 0x3,
    0xff, 0xc2, 0xff, 0xfa, 0x3, 0xbf, 0xf0, 0x80,
    0x7c, 0x8e, 0xff, 0xf0, 0x80, 0x7c, 0x71, 0x1f,
    0xf0, 0x0,

    /* U+6768 "杨" */
    0x0, 0x89, 0x40, 0x3f, 0xf8, 0xaf, 0x40, 0x6,
    0xff, 0xfd, 0x60, 0x1f, 0xcb, 0x11, 0xcc, 0x0,
    0xe0, 0xf, 0xe3, 0x77, 0xc8, 0xe3, 0x8a, 0x1,
    0x7f, 0xa8, 0x3f, 0xca, 0x1, 0x36, 0x16, 0x18,
    0x6, 0x99, 0x18, 0x44, 0xb8, 0xd, 0x4b, 0xe1,
    0x0, 0x73, 0x30, 0x40, 0xc, 0x4f, 0xea, 0xad,
    0x55, 0xf0, 0x0, 0x48, 0x20, 0x86, 0x4, 0x16,
    0xab, 0xd0, 0x0, 0x70, 0x3, 0x70, 0xef, 0x58,
    0x67, 0xb1, 0x7a, 0x8, 0x3, 0x48, 0x20, 0xd4,
    0x86, 0x54, 0xc1, 0xe8, 0x1d, 0xc0, 0x49, 0x40,
    0x34, 0xa0, 0xe5, 0x60, 0xc2, 0xc0, 0x22, 0xb,
    0x32, 0x0, 0x28, 0x34, 0x48, 0x85, 0xa0, 0x81,
    0x91, 0x1a, 0x40, 0x34, 0x4c, 0x98, 0x20, 0xa4,
    0x0, 0x3e, 0x48, 0xa0, 0x10, 0x9d, 0x30, 0x1b,
    0xb1, 0x1, 0x1, 0x5, 0x80, 0x61, 0xb5, 0x2,
    0xd1, 0x80, 0x3, 0x83, 0x0, 0x7f, 0x16, 0xd,
    0x8, 0x3, 0x0, 0xc0, 0x3f, 0x3e, 0x8c, 0xa1,
    0xb3, 0xb2, 0x0, 0x7e, 0x68, 0x9, 0x60, 0x69,
    0x83, 0x90, 0xf, 0xcc, 0x98, 0xc0, 0x5, 0xff,
    0x61, 0x0, 0x65, 0xf0, 0xa, 0xcc, 0x3, 0xf8,

    /* U+6770 "杰" */
    0x0, 0xfe, 0xa5, 0x0, 0xff, 0xe2, 0xae, 0x80,
    0x7f, 0xf4, 0x1a, 0x23, 0xe0, 0x48, 0x8f, 0x88,
    0x31, 0x9b, 0xce, 0x6, 0xec, 0xdf, 0x5, 0x77,
    0x72, 0x90, 0x18, 0x57, 0x77, 0x20, 0x7, 0x99,
    0x38, 0x11, 0xa8, 0x40, 0x3f, 0xc9, 0x2e, 0x60,
    0x9, 0x3d, 0x10, 0xf, 0xc9, 0x6b, 0x0, 0x1b,
    0xcb, 0x44, 0x3, 0xcd, 0x67, 0x40, 0x1c, 0x5a,
    0x5e, 0x60, 0x11, 0x5c, 0xae, 0x0, 0x7c, 0x78,
    0x19, 0x0, 0xc, 0x48, 0xa0, 0xf, 0xe2, 0xf5,
    0x79, 0xd, 0xd3, 0x80, 0x7f, 0xc3, 0x57, 0x20,
    0x64, 0x1, 0xef, 0x80, 0xf, 0x20, 0x6, 0xd7,
    0x2, 0x90, 0xa, 0x4c, 0x1, 0xb0, 0x1, 0x94,
    0x90, 0x0, 0xc8, 0x0, 0x58, 0x0, 0x53, 0xa0,
    0x5, 0x6, 0x60, 0x22, 0x68, 0x2, 0x90, 0x81,
    0xce, 0x80, 0x14, 0x5c, 0x1, 0x22, 0x0, 0xc,
    0x14, 0x0, 0xf1, 0x70, 0xca, 0x20, 0xa, 0xf8,
    0x2, 0xc8, 0x0, 0x1b, 0xa0,

    /* U+6797 "林" */
    0x0, 0xc2, 0xa0, 0x1f, 0x1a, 0x80, 0x7f, 0x25,
    0x10, 0x7, 0xae, 0x80, 0x3f, 0xfc, 0x4e, 0xf7,
    0x85, 0x3b, 0x81, 0xde, 0x40, 0x77, 0x98, 0x1,
    0x31, 0x5, 0x7, 0x88, 0xc, 0x44, 0x61, 0x11,
    0x50, 0x3, 0xbf, 0xc6, 0x15, 0xfe, 0x1f, 0xf7,
    0x0, 0x1f, 0xfd, 0x80, 0x18, 0x8c, 0x28, 0xc0,
    0x33, 0x80, 0x18, 0x3, 0xea, 0x0, 0x1e, 0x88,
    0x5, 0x40, 0x1, 0x40, 0xf, 0x32, 0x7, 0x86,
    0x80, 0xc, 0xc8, 0x9, 0xc0, 0x1c, 0xa1, 0xc0,
    0x34, 0x66, 0x8, 0x43, 0xe, 0x51, 0x0, 0xd6,
    0xc0, 0x12, 0x61, 0xa2, 0x20, 0x0, 0xa3, 0x20,
    0x14, 0xc, 0x80, 0x63, 0x9, 0x33, 0x0, 0x4c,
    0xe2, 0x6, 0xee, 0x10, 0xe, 0xa2, 0xf0, 0xd,
    0x21, 0xa0, 0x47, 0x0, 0x1c, 0xaa, 0x73, 0x0,
    0xc3, 0x6, 0x61, 0xc0, 0xf, 0x2a, 0xa0, 0x3,
    0xcf, 0x66, 0x1, 0xfd, 0x40, 0x1f, 0x90, 0x3,
    0xff, 0xba,

    /* U+67B6 "架" */
    0x0, 0xdd, 0x20, 0x1f, 0xfc, 0x51, 0x10, 0x7,
    0x33, 0x7c, 0x0, 0xee, 0x81, 0xfb, 0xa8, 0x8,
    0x98, 0x8a, 0x64, 0x21, 0x10, 0x70, 0x78, 0x80,
    0x80, 0x51, 0xdd, 0x48, 0x4, 0xcc, 0xf0, 0x96,
    0x60, 0x78, 0x7, 0xff, 0x2, 0x88, 0x40, 0x40,
    0x80, 0x3f, 0xe4, 0x3b, 0x0, 0x10, 0x30, 0x7,
    0xf8, 0xa8, 0x59, 0x11, 0x20, 0x60, 0xa, 0xbb,
    0xc0, 0x2, 0xd1, 0xd0, 0xeb, 0x57, 0x0, 0x3b,
    0x84, 0x67, 0x50, 0x25, 0xc3, 0xa, 0xff, 0x43,
    0xa4, 0xd5, 0x78, 0x42, 0x8c, 0x3, 0xd1, 0xa0,
    0x1f, 0xdd, 0xff, 0xf0, 0x37, 0xff, 0xcc, 0x17,
    0x33, 0xcc, 0x1, 0xc, 0xcf, 0x90, 0x15, 0x9b,
    0x2b, 0x28, 0x18, 0xeb, 0x37, 0x10, 0x7, 0x36,
    0x25, 0x2, 0xe2, 0x61, 0x0, 0x7c, 0x35, 0x2d,
    0x60, 0x11, 0xe8, 0xeb, 0x80, 0x61, 0x8e, 0x59,
    0x90, 0x7, 0x16, 0x2c, 0x73, 0x88, 0xb9, 0xd7,
    0x98, 0x3, 0xe1, 0xac, 0x28, 0xb1, 0xad, 0xa1,
    0x0, 0xff, 0x1e, 0x62, 0x80,

    /* U+67E5 "查" */
    0x0, 0xfe, 0x99, 0x0, 0x7f, 0xf1, 0x88, 0x80,
    0x1f, 0xe3, 0x44, 0xf9, 0x9d, 0x13, 0xe3, 0x0,
    0x7d, 0xdf, 0xc4, 0x77, 0x7f, 0x68, 0x3, 0x3f,
    0xf7, 0x11, 0x46, 0x47, 0xbf, 0xfb, 0x80, 0x3c,
    0x5a, 0x7e, 0xcf, 0x85, 0xe4, 0x1, 0xfc, 0xba,
    0x3e, 0x40, 0x1, 0xf1, 0xd7, 0x0, 0xf1, 0xe5,
    0x2e, 0x88, 0x6, 0x1c, 0x78, 0xe6, 0x0, 0xb3,
    0x3, 0x56, 0x23, 0x7f, 0x84, 0x69, 0xb5, 0x9e,
    0x10, 0xaa, 0x6e, 0xbb, 0xb5, 0xdb, 0xbb, 0x6d,
    0xed, 0x8, 0x32, 0x80, 0x5f, 0xff, 0x80, 0x22,
    0x40, 0xf, 0x88, 0xbf, 0x0, 0x7f, 0xf0, 0x3f,
    0xff, 0x0, 0x7f, 0xf0, 0x37, 0x7f, 0x0, 0x7f,
    0xf0, 0x3b, 0xbf, 0x0, 0x7f, 0xa7, 0x73, 0x3f,
    0x6c, 0x0, 0x71, 0xb3, 0x1d, 0x13, 0xfc, 0xec,
    0xc4, 0x0, 0x24, 0xcf, 0xff, 0x13, 0x40,

    /* U+6848 "案" */
    0x0, 0xfc, 0x58, 0x40, 0x1f, 0xe1, 0x44, 0xf3,
    0x17, 0x22, 0x7c, 0x40, 0x7, 0xbb, 0xf8, 0x4e,
    0xef, 0xe5, 0x0, 0xdf, 0xfc, 0xd7, 0xff, 0xf0,
    0x6, 0x56, 0x0, 0xd0, 0xec, 0x1, 0xf3, 0x98,
    0x2, 0x5b, 0xff, 0x38, 0xef, 0xff, 0xcf, 0x0,
    0x9, 0xbb, 0x9c, 0x26, 0xef, 0x50, 0x25, 0xdd,
    0xe0, 0x3, 0x44, 0x3, 0xb3, 0xa2, 0x4d, 0x5,
    0x48, 0x91, 0x80, 0x76, 0x23, 0xf7, 0x2e, 0xb4,
    0x70, 0x40, 0x3f, 0xa6, 0x20, 0xa2, 0x8e, 0x27,
    0x90, 0x80, 0x1c, 0xfd, 0xfd, 0x90, 0x11, 0xba,
    0xed, 0xb3, 0xbe, 0x90, 0x9, 0x6e, 0xdb, 0xfd,
    0x4f, 0x12, 0x4, 0xd7, 0xf7, 0xa0, 0x13, 0x80,
    0xba, 0xae, 0x74, 0x55, 0xe0, 0x15, 0x0, 0x45,
    0xdf, 0xa8, 0x89, 0x57, 0x7f, 0x0, 0x37, 0xbb,
    0x7a, 0x88, 0x88, 0x57, 0xfb, 0xb8, 0x3, 0xcd,
    0xed, 0x84, 0xde, 0xde, 0xc0, 0x1f, 0x14, 0x6c,
    0xb6, 0x90, 0x0, 0x75, 0xa7, 0xa0, 0xc0, 0x3,
    0x9a, 0xee, 0xd8, 0x0, 0xf4, 0x6b, 0xbb, 0x34,
    0x86, 0xe7, 0xa8, 0x80, 0x3f, 0x14, 0xf4, 0xa9,
    0x0,

    /* U+6850 "桐" */
    0x0, 0x85, 0x44, 0x3, 0xff, 0x88, 0xb4, 0x40,
    0xa, 0xff, 0xfe, 0x70, 0xf, 0xc2, 0x71, 0x1f,
    0x7, 0x80, 0x7f, 0x2b, 0xbf, 0xc2, 0x3, 0x98,
    0x90, 0xec, 0x70, 0x1, 0x2a, 0xf0, 0x4, 0x2c,
    0xc0, 0x3, 0x30, 0x40, 0xb, 0x55, 0xc2, 0x1,
    0x55, 0x18, 0x3a, 0x98, 0x0, 0xff, 0xfc, 0x20,
    0x1c, 0x81, 0x0, 0x1c, 0x45, 0x84, 0x3, 0x90,
    0x0, 0x6e, 0x1, 0xe, 0xee, 0xb0, 0xe, 0xd2,
    0x8, 0x81, 0x0, 0x6f, 0xf4, 0x80, 0x70, 0xb2,
    0x82, 0xa5, 0x80, 0x7f, 0xf0, 0x18, 0xb4, 0x1,
    0x16, 0x1, 0xff, 0xc, 0x50, 0x80, 0xc, 0x80,
    0x30, 0x8c, 0x1, 0x8c, 0x5c, 0x3, 0xfb, 0xb9,
    0x0, 0x18, 0xb0, 0x3, 0xfd, 0xff, 0x50, 0x6,
    0x20, 0xf, 0xc3, 0xa0, 0x1f, 0xfc, 0x62, 0x0,
    0xff, 0xe4, 0x9b, 0xc0, 0xf8, 0x7, 0xff, 0xe,
    0x1c, 0xd8,

    /* U+6863 "档" */
    0x0, 0xca, 0x20, 0x1e, 0x24, 0x0, 0xfc, 0x54,
    0xa0, 0x1e, 0xaa, 0x0, 0x42, 0x1, 0xfd, 0xae,
    0x1, 0xe3, 0xe4, 0x0, 0xfd, 0x52, 0x1, 0xea,
    0x14, 0x7, 0x75, 0x6, 0xba, 0xb0, 0xb0, 0x6,
    0x16, 0x80, 0x4, 0x41, 0xc1, 0xa2, 0x45, 0x6c,
    0x3, 0x30, 0xb0, 0x3, 0xfc, 0xe1, 0x5f, 0x81,
    0x30, 0x1, 0x86, 0xc0, 0x39, 0x42, 0x0, 0x59,
    0x4d, 0x8c, 0x58, 0xd, 0x88, 0x0, 0x44, 0x3,
    0x93, 0x99, 0xc8, 0x13, 0x39, 0x80, 0xa, 0x41,
    0x2c, 0xff, 0xff, 0xb0, 0x3, 0x55, 0x0, 0xdf,
    0x0, 0x3f, 0x8, 0x4, 0xa6, 0xa0, 0x9, 0x92,
    0xaf, 0xf0, 0x5, 0xe, 0x1, 0x8, 0x5d, 0x57,
    0xd0, 0x0, 0x52, 0x80, 0xe, 0xef, 0xff, 0xb4,
    0x0, 0xb2, 0x20, 0x1f, 0xfc, 0x56, 0x0, 0xe2,
    0x44, 0xfe, 0x0, 0xfe, 0xbb, 0xfe, 0x90, 0xf,
    0xe8, 0xdd, 0xfd, 0x40, 0x1f, 0xc2, 0x45, 0xf9,
    0xc8, 0x0,

    /* U+6881 "梁" */
    0x0, 0x24, 0x10, 0x7, 0xff, 0x15, 0xcf, 0x64,
    0x33, 0xff, 0xf2, 0x0, 0x71, 0xde, 0x60, 0x22,
    0xa9, 0x0, 0xf5, 0x0, 0xe0, 0x1a, 0xad, 0xd,
    0x40, 0xd9, 0x4c, 0x29, 0x50, 0x34, 0x80, 0x29,
    0x1b, 0x80, 0x18, 0x70, 0xc0, 0x20, 0x70, 0x39,
    0x0, 0x8e, 0xb2, 0xc2, 0x8d, 0x1, 0x54, 0x0,
    0x10, 0x94, 0x40, 0x6, 0x3e, 0xb5, 0xe0, 0x52,
    0xe0, 0x1, 0x2, 0x1f, 0x80, 0x6b, 0x3a, 0xe2,
    0x25, 0x1a, 0x0, 0x34, 0x82, 0x80, 0x35, 0x26,
    0x88, 0x2e, 0xe, 0x83, 0x31, 0x10, 0xd, 0x60,
    0x4, 0x59, 0x30, 0x3a, 0x2c, 0x10, 0xab, 0x58,
    0x0, 0xe4, 0xb6, 0x0, 0x1e, 0x62, 0xe4, 0x33,
    0x6c, 0x40, 0x39, 0x49, 0x9b, 0x2b, 0x3a, 0x33,
    0x7c, 0xa0, 0x9, 0x9f, 0xc2, 0x53, 0x3f, 0x58,
    0x3, 0x3f, 0xf8, 0xc4, 0x60, 0x5f, 0xfe, 0xe0,
    0xf, 0x16, 0x96, 0x11, 0x2d, 0x70, 0x80, 0x3f,
    0x9f, 0x43, 0x8, 0x0, 0x98, 0x5a, 0xe0, 0x1e,
    0x6e, 0x85, 0xd2, 0x0, 0xc7, 0xeb, 0x1c, 0xe2,
    0x3, 0xd2, 0x77, 0x40, 0x1f, 0xd, 0x61, 0x47,
    0x88, 0xae, 0xda, 0x80, 0x1f, 0xe3, 0xcc, 0x68,
    0x80,

    /* U+6885 "梅" */
    0x0, 0x8d, 0x0, 0x30, 0xa0, 0x7, 0xff, 0x2,
    0xa0, 0x3, 0x35, 0x88, 0x7, 0xff, 0x16, 0x89,
    0xd9, 0xbc, 0xa0, 0x1f, 0xc8, 0x44, 0x88, 0xfb,
    0x80, 0xc, 0xc5, 0x16, 0x41, 0xa4, 0xfe, 0xef,
    0xac, 0x1, 0x70, 0x65, 0x1b, 0x63, 0xa8, 0x9f,
    0x80, 0x2d, 0xe2, 0x3e, 0x9f, 0xab, 0xbf, 0xe0,
    0xc, 0x24, 0x6a, 0xa, 0xa3, 0x8e, 0x6d, 0xff,
    0x48, 0x7, 0x20, 0x2, 0xc0, 0x21, 0x21, 0x16,
    0xb8, 0x0, 0x40, 0x36, 0x1, 0x94, 0x1, 0x3,
    0x4, 0x5f, 0x80, 0x80, 0x73, 0x90, 0x4a, 0x6e,
    0x83, 0x3f, 0xd6, 0xff, 0x3, 0xe6, 0xa, 0x8,
    0xb, 0xd2, 0xc1, 0x74, 0xf7, 0x72, 0x15, 0x98,
    0x4b, 0x0, 0x44, 0x82, 0x48, 0x2f, 0x88, 0x82,
    0x14, 0x3, 0x35, 0x0, 0x71, 0x30, 0x26, 0xb4,
    0x1, 0xb8, 0x0, 0xe0, 0x80, 0x39, 0x81, 0x10,
    0xd1, 0xa8, 0xe0, 0x80, 0x7, 0x0, 0xf1, 0x25,
    0xdd, 0x35, 0x64, 0x94, 0x1, 0xfd, 0xdf, 0xfb,
    0x2e, 0x42, 0xb8, 0x3, 0xff, 0x85, 0x37, 0x2a,
    0xa0, 0xf, 0xfe, 0x1d, 0x7f, 0xa8, 0x2,

    /* U+68A6 "梦" */
    0x0, 0xff, 0xe6, 0x27, 0x88, 0x7, 0x9f, 0x80,
    0x3f, 0xf9, 0xdb, 0xdc, 0xb0, 0xee, 0x97, 0xba,
    0x81, 0xee, 0xc2, 0x11, 0x70, 0x0, 0x38, 0xb7,
    0xbb, 0x48, 0x5, 0x17, 0x61, 0x5, 0x56, 0x0,
    0xf, 0xd4, 0x95, 0x54, 0x1, 0xa, 0xa8, 0x2,
    0x65, 0x80, 0xc7, 0xc1, 0xb, 0x37, 0x1a, 0x86,
    0x0, 0xa2, 0x64, 0x60, 0x58, 0x5, 0xa9, 0xbe,
    0x9, 0x13, 0x20, 0x16, 0x86, 0x0, 0x8b, 0x18,
    0x34, 0xc0, 0x27, 0x96, 0x31, 0xe7, 0x0, 0x10,
    0x1, 0xb7, 0x8, 0x4, 0x80, 0xd, 0xc6, 0x1,
    0x93, 0x45, 0xe5, 0xc, 0x88, 0x9c, 0x40, 0x1,
    0x0, 0xf1, 0x64, 0x1, 0xee, 0xfa, 0x40, 0x3c,
    0x55, 0xa3, 0x7d, 0xdd, 0xa6, 0x16, 0x1, 0xd5,
    0xa9, 0x10, 0x1, 0x1e, 0x83, 0x92, 0x0, 0xee,
    0x9e, 0x7f, 0xbc, 0x40, 0x1b, 0x58, 0x60, 0xf,
    0x23, 0x0, 0x2b, 0x42, 0xed, 0xeb, 0x6e, 0x1,
    0xff, 0xc1, 0x40, 0x44, 0x7a, 0x0, 0x7f, 0xa,
    0x3e, 0x6b, 0xb6, 0x50, 0x80, 0x7e, 0x3e, 0xe5,
    0xc3, 0xcf, 0xc9, 0x80, 0x7f, 0x8d, 0xe7, 0x3e,
    0xd8, 0x3, 0xff, 0x80,

    /* U+68C0 "检" */
    0x0, 0x89, 0x40, 0x3e, 0x52, 0x0, 0xfe, 0x4a,
    0x0, 0xf1, 0xd5, 0x0, 0x3f, 0xf8, 0xbe, 0x2e,
    0x40, 0x1f, 0xfc, 0x39, 0x1f, 0x6c, 0x20, 0xe,
    0xff, 0x48, 0x7f, 0x80, 0xe, 0xde, 0x32, 0xb8,
    0x60, 0x1a, 0x64, 0x61, 0x32, 0x8, 0x85, 0x10,
    0x2, 0xd7, 0x14, 0x2, 0x66, 0x10, 0x3b, 0xad,
    0xd8, 0x15, 0x76, 0xb5, 0x50, 0x2, 0x21, 0xb,
    0x95, 0xc3, 0xbb, 0xe8, 0x84, 0xb8, 0x4, 0xa0,
    0x4, 0xdc, 0x3a, 0xee, 0xf0, 0xb6, 0x80, 0x56,
    0x41, 0x16, 0x44, 0x0, 0xc, 0x80, 0x46, 0xe0,
    0x11, 0x1a, 0x83, 0x38, 0x6a, 0x80, 0xb1, 0x80,
    0x23, 0x0, 0x28, 0x4e, 0x0, 0x48, 0x2f, 0x80,
    0x9, 0x0, 0x53, 0xc0, 0x4, 0xbe, 0x1, 0xde,
    0xa0, 0x7, 0xe0, 0x62, 0x40, 0x1, 0x2a, 0x0,
    0x72, 0x1, 0x81, 0x18, 0x4c, 0x0, 0x6a, 0x0,
    0xf0, 0xc1, 0x4, 0x53, 0x1a, 0x80, 0x7f, 0xf0,
    0x1c, 0x40, 0x28, 0x80, 0x7, 0xf8, 0xbb, 0xbd,
    0xe3, 0x7d, 0xca, 0x0, 0xf8, 0xa2, 0x3d, 0x32,
    0x88, 0xb8, 0x3, 0xf3, 0x37, 0xfc, 0x80,

    /* U+6B23 "欣" */
    0x0, 0xf8, 0xc8, 0x2, 0x94, 0x0, 0xff, 0x13,
    0xe6, 0x38, 0x0, 0x4c, 0x60, 0x1f, 0xab, 0xb6,
    0x96, 0xf0, 0x0, 0x80, 0x80, 0x1f, 0x91, 0x1d,
    0xb2, 0x80, 0x16, 0x2, 0x33, 0x67, 0x20, 0xb,
    0x44, 0x3, 0xc8, 0x11, 0x33, 0xa1, 0xc0, 0x3f,
    0xcc, 0x37, 0xdb, 0xfe, 0xb0, 0x40, 0xa, 0x3f,
    0xf9, 0x6c, 0x91, 0xb0, 0x1, 0x84, 0x20, 0x12,
    0x44, 0x1, 0x23, 0xca, 0x40, 0x39, 0x68, 0x3,
    0x63, 0xb8, 0x4d, 0xee, 0x50, 0x3c, 0x2, 0x55,
    0x0, 0x7f, 0x85, 0x80, 0x2, 0x30, 0x41, 0x0,
    0x42, 0x1, 0xfe, 0x50, 0x40, 0xf, 0x84, 0x3,
    0xf8, 0xc3, 0x0, 0x38, 0x40, 0xc0, 0x3f, 0x20,
    0x2b, 0x80, 0x71, 0x83, 0x0, 0x7e, 0xf2, 0xb1,
    0x60, 0xc, 0xe0, 0x40, 0x1f, 0x22, 0x2c, 0x5a,
    0x4, 0x2, 0xd2, 0x10, 0xf, 0xd, 0x1b, 0x4,
    0xd, 0x80, 0x4c, 0x80, 0x1e, 0x1d, 0xe, 0x0,
    0xd, 0x2c, 0x80, 0x9d, 0x80, 0x7b, 0xb, 0x48,
    0x2, 0x58, 0x66, 0xe, 0x90, 0x5, 0xd0, 0x13,
    0x86, 0x1, 0xcf, 0x6c,

    /* U+6B66 "武" */
    0x0, 0xff, 0xe0, 0x5a, 0x81, 0x80, 0x78, 0x59,
    0xbe, 0x20, 0x42, 0x4c, 0x80, 0xe, 0x59, 0x9f,
    0x9c, 0x1, 0xe9, 0x4f, 0x20, 0x19, 0x3f, 0xfe,
    0x50, 0xc, 0xb4, 0xc6, 0x1, 0xff, 0xc5, 0x5d,
    0x30, 0x7, 0x7f, 0xff, 0x81, 0xff, 0xed, 0xe0,
    0x4, 0x47, 0xfc, 0x25, 0x11, 0xc0, 0x6, 0x77,
    0xc1, 0x8e, 0xf9, 0x59, 0xdf, 0x30, 0x4, 0x28,
    0x0, 0xe6, 0x0, 0xc2, 0xc0, 0x1f, 0x92, 0xc0,
    0x23, 0x0, 0xc4, 0x40, 0xf, 0xfe, 0x8, 0xff,
    0xc9, 0xc0, 0x20, 0x1f, 0xfc, 0x1, 0xaa, 0x94,
    0x80, 0x80, 0x3f, 0xf8, 0x6, 0xab, 0xa, 0x82,
    0x80, 0x7f, 0xf1, 0x44, 0x58, 0x1, 0x18, 0x7,
    0xff, 0x9, 0x10, 0x1, 0x61, 0x80, 0x7c, 0x66,
    0x69, 0xb0, 0xe1, 0x40, 0x10, 0x10, 0x1, 0x84,
    0x53, 0x8e, 0x4b, 0x80, 0x10, 0x60, 0x14, 0x8,
    0x3e, 0x41, 0xdc, 0x91, 0x7d, 0xcb, 0x0, 0x59,
    0xe4, 0x18, 0x1, 0xe7, 0x3f, 0x69, 0xd0, 0x40,
    0x32, 0xc9, 0x13, 0xc0,

    /* U+6BB5 "段" */
    0x0, 0xf2, 0xe2, 0x0, 0x7f, 0xf0, 0x92, 0x7a,
    0x80, 0x80, 0x7f, 0xf9, 0xc0, 0x3a, 0x2c, 0xa7,
    0x71, 0x80, 0x28, 0xcc, 0x0, 0x7e, 0x1b, 0x72,
    0x0, 0x8c, 0xc, 0xe1, 0x0, 0xff, 0xe1, 0x8,
    0x30, 0x7, 0xf8, 0x77, 0x72, 0x82, 0x1, 0x0,
    0x7f, 0xd5, 0x59, 0x86, 0x58, 0x3, 0x71, 0x98,
    0x3, 0xb, 0xbe, 0x2d, 0x38, 0x0, 0x99, 0xf3,
    0x48, 0x3, 0xf9, 0x30, 0x40, 0x28, 0xef, 0xe2,
    0x0, 0x87, 0xff, 0x38, 0x7f, 0x77, 0x7c, 0x80,
    0x7a, 0xef, 0x3d, 0x92, 0xdd, 0xd0, 0x1e, 0x1,
    0xc2, 0x89, 0x84, 0xe9, 0x57, 0x8, 0x38, 0x7,
    0xc2, 0x6a, 0xa0, 0x60, 0x90, 0x19, 0x61, 0x0,
    0xb, 0xa0, 0xf7, 0x32, 0xbc, 0x1, 0x4c, 0xcd,
    0x39, 0x0, 0xd2, 0x41, 0x37, 0xdf, 0x40, 0x4,
    0x79, 0x3e, 0x0, 0xc3, 0xcc, 0x2e, 0x82, 0x1,
    0x95, 0x80, 0x10, 0x40, 0x1f, 0xf0, 0xb6, 0x52,
    0xed, 0x2e, 0xd2, 0x80, 0x7f, 0x6c, 0xbd, 0x59,
    0x2f, 0xc2, 0x40, 0x5, 0x1c, 0x1, 0xb7, 0xad,
    0x40, 0x21, 0x7e, 0xc0,

    /* U+6BDB "毛" */
    0x0, 0xff, 0xe0, 0x2d, 0xd0, 0x7, 0xfc, 0x29,
    0x19, 0xf4, 0xa6, 0x40, 0x18, 0x51, 0xa7, 0x3b,
    0x96, 0xee, 0x8c, 0xe9, 0x20, 0x9, 0xba, 0xe5,
    0x1d, 0x81, 0xbe, 0xdc, 0xc0, 0x3c, 0xf5, 0xbf,
    0xb7, 0x0, 0x20, 0x1f, 0xe1, 0x52, 0x0, 0xfc,
    0x26, 0xd1, 0x44, 0x1, 0xe2, 0x46, 0x6, 0xdf,
    0xec, 0x96, 0x60, 0x80, 0x6, 0xf7, 0xf6, 0xe4,
    0xd, 0x22, 0xb7, 0xfb, 0xc, 0x0, 0x20, 0x91,
    0x7b, 0xe0, 0xb2, 0xea, 0x40, 0x1f, 0x5c, 0xba,
    0x10, 0x7, 0xf8, 0x88, 0x1, 0xfc, 0x28, 0xd1,
    0x59, 0xdf, 0xb0, 0x2, 0x6a, 0xf3, 0x9c, 0xd,
    0x72, 0xcd, 0xa6, 0xec, 0x15, 0x95, 0x8, 0xee,
    0x5, 0xdf, 0xec, 0xa8, 0x64, 0x10, 0x8c, 0xef,
    0xdb, 0x90, 0x22, 0x0, 0x78, 0x40, 0x6, 0x61,
    0x0, 0xff, 0xe0, 0xa7, 0x90, 0x7, 0xe1, 0x0,
    0xf8, 0x80, 0x80, 0x3e, 0x27, 0x87, 0x7e, 0x88,
    0x18, 0x7, 0xee, 0x27, 0x88, 0xe7, 0x3e, 0x0,

    /* U+6C5F "江" */
    0x0, 0x21, 0x0, 0x7f, 0xf1, 0xa7, 0x60, 0x3,
    0xff, 0x8b, 0xae, 0xed, 0x1a, 0xff, 0xfe, 0xe0,
    0xe, 0x8b, 0x41, 0xf7, 0x79, 0x1, 0x1d, 0xe6,
    0x0, 0xf2, 0x48, 0x2c, 0x45, 0xe1, 0xf1, 0x18,
    0x3, 0xff, 0x97, 0xb2, 0x20, 0x1f, 0xfc, 0x5a,
    0x6e, 0x70, 0xf, 0xfe, 0x23, 0xf2, 0xd0, 0x7,
    0xff, 0x14, 0x6b, 0x0, 0x3f, 0xf8, 0xe2, 0x1,
    0xff, 0xc7, 0x2b, 0x0, 0xff, 0xe3, 0x42, 0x80,
    0x7f, 0xf1, 0x4d, 0x64, 0x3, 0xff, 0x8b, 0xe2,
    0xe0, 0x1f, 0xfc, 0x45, 0x38, 0x0, 0xf0, 0x80,
    0x80, 0x7c, 0x36, 0x6c, 0x13, 0xff, 0xa8, 0x2b,
    0xff, 0x84, 0x10, 0x7c, 0x1, 0xb1, 0x1f, 0xfc,
    0x1, 0x5, 0xc3, 0x0, 0x23, 0xbf, 0xff, 0x0,
    0x0,

    /* U+6C64 "汤" */
    0x0, 0x22, 0x0, 0x3f, 0xf8, 0xbf, 0x76, 0x21,
    0xff, 0xfe, 0x90, 0xd, 0x74, 0xba, 0x71, 0x1e,
    0x40, 0x1a, 0x0, 0xe5, 0xf9, 0x27, 0x7e, 0x4,
    0x3f, 0x30, 0xf, 0xb, 0x0, 0x61, 0xa8, 0x6c,
    0x10, 0xf, 0xfe, 0x2, 0x7a, 0x5c, 0x80, 0x7a,
    0xac, 0xc0, 0x24, 0xbb, 0x4, 0xa, 0xaf, 0x20,
    0x73, 0x64, 0x0, 0x3d, 0x0, 0x66, 0xab, 0xd0,
    0x9, 0xb0, 0xa2, 0x15, 0xbc, 0x49, 0xdc, 0x17,
    0xe2, 0x60, 0x9, 0xf4, 0x40, 0x49, 0x8a, 0x5,
    0x6, 0x44, 0xc, 0x3, 0xf0, 0xc3, 0x18, 0x4a,
    0x8, 0x10, 0x80, 0x6a, 0x90, 0x2c, 0x29, 0x4,
    0x38, 0x0, 0xbc, 0x2, 0x25, 0xe4, 0xd0, 0xc0,
    0x5, 0x29, 0x81, 0x1, 0x0, 0x50, 0xe, 0x2b,
    0x82, 0x12, 0x36, 0x0, 0x60, 0x60, 0x1, 0x2b,
    0x82, 0xd0, 0x84, 0x35, 0x88, 0x0, 0xc0, 0x80,
    0x12, 0x32, 0x1, 0xa1, 0xe5, 0x0, 0x2c, 0x11,
    0x2, 0x22, 0x44, 0x0, 0x58, 0xf2, 0xc0, 0x8d,
    0x8, 0xe0, 0x4, 0x87, 0x0, 0xa8, 0x71, 0x80,
    0x7, 0x2e, 0x70, 0x1, 0x38, 0x6, 0x8d, 0x30,
    0x9, 0xff, 0xd8, 0x20,

    /* U+6C6A "汪" */
    0x0, 0x29, 0x80, 0x7f, 0xf1, 0xa3, 0x2c, 0xc0,
    0x4c, 0xff, 0xc4, 0x1, 0x6d, 0x2e, 0x2b, 0xe6,
    0x7f, 0xb8, 0x3, 0x2f, 0x3a, 0xbe, 0x66, 0x23,
    0xcc, 0xdc, 0x1, 0xe8, 0x1, 0x33, 0xc2, 0xe6,
    0x78, 0x80, 0x3f, 0xf9, 0x59, 0x68, 0x1, 0xff,
    0xc5, 0x96, 0xbb, 0x10, 0x7, 0xff, 0xd, 0x76,
    0x55, 0x80, 0x6, 0x78, 0x5c, 0xcf, 0x8, 0x6,
    0x6f, 0x40, 0x2c, 0xcc, 0x47, 0x99, 0xa4, 0x3,
    0x84, 0x0, 0x59, 0x98, 0x8f, 0x33, 0x48, 0x7,
    0xb0, 0x80, 0xcf, 0xb, 0x99, 0xe1, 0x0, 0xe8,
    0x30, 0xf, 0xfe, 0x29, 0x3b, 0x10, 0x7, 0xff,
    0x12, 0x2, 0x0, 0x3f, 0xf8, 0x8a, 0xa8, 0x10,
    0xf, 0xfe, 0x18, 0xd9, 0x38, 0x13, 0xbf, 0x13,
    0x3b, 0xf0, 0x1, 0xc7, 0x80, 0xd, 0x11, 0xc2,
    0x51, 0x1c, 0x0, 0x6b, 0x30, 0x2, 0x7f, 0xff,
    0xf0, 0x0,

    /* U+6C88 "沈" */
    0x0, 0x21, 0x0, 0x7c, 0xd8, 0x1, 0xfd, 0x3b,
    0x22, 0x1, 0xc2, 0x60, 0x1f, 0xdb, 0xd, 0xe0,
    0x1d, 0xe0, 0x1f, 0xf3, 0xed, 0x80, 0x7f, 0xf1,
    0x89, 0x53, 0xff, 0x38, 0x7f, 0xf4, 0x80, 0x7f,
    0x3c, 0xc8, 0xc6, 0x67, 0x0, 0x6c, 0xb3, 0x0,
    0xd6, 0xcc, 0x72, 0x66, 0xc2, 0x1, 0x4a, 0xe5,
    0x80, 0x79, 0x85, 0x40, 0x3e, 0x5e, 0x77, 0x2,
    0xd9, 0x80, 0x8, 0x96, 0x1, 0x6d, 0x80, 0x68,
    0xc0, 0x14, 0x0, 0x10, 0x8, 0x6, 0x32, 0x0,
    0xff, 0x94, 0x10, 0x3, 0xfe, 0x4d, 0x0, 0xd6,
    0x44, 0x0, 0xff, 0xa0, 0x40, 0x22, 0x3a, 0x0,
    0xff, 0x94, 0xfc, 0x2, 0xe0, 0x60, 0xe, 0x11,
    0x0, 0x6b, 0x43, 0x0, 0x31, 0xb8, 0x80, 0x72,
    0xf0, 0x5, 0x23, 0x20, 0x4, 0x94, 0x80, 0xf,
    0x8, 0x4, 0x6c, 0xe4, 0xf, 0x67, 0x40, 0xf,
    0x17, 0x66, 0x49, 0x80, 0x4, 0xe0, 0xe, 0x1b,
    0x4, 0x0, 0xa5, 0x13, 0x22, 0x80, 0x1, 0x60,
    0x0, 0xfa, 0x40, 0x31, 0x6f, 0xfd, 0xc8, 0x0,

    /* U+6CE2 "波" */
    0x0, 0x21, 0x0, 0x7e, 0xc5, 0x0, 0xfd, 0x1b,
    0x20, 0x1f, 0x19, 0x80, 0x3f, 0x64, 0xb6, 0x80,
    0x7f, 0xf1, 0x5b, 0x60, 0x3b, 0xff, 0x4, 0xff,
    0xed, 0x0, 0xe2, 0x50, 0x2, 0x44, 0x40, 0xb1,
    0x10, 0x38, 0x0, 0x40, 0x3c, 0x6e, 0xf0, 0x63,
    0xb9, 0x3, 0x80, 0x1f, 0x88, 0x1, 0xff, 0xc0,
    0x92, 0x40, 0x6, 0x85, 0xd0, 0x7, 0xfd, 0x7e,
    0x1, 0x1e, 0x40, 0x6, 0x7f, 0xf8, 0x27, 0xfd,
    0xca, 0x1, 0xcf, 0x40, 0x1, 0x51, 0x4a, 0xac,
    0xe0, 0x60, 0x1f, 0xec, 0x94, 0x42, 0xac, 0x42,
    0x80, 0x1e, 0xa4, 0x10, 0x37, 0x19, 0x0, 0x12,
    0xc8, 0x7, 0x8d, 0x48, 0x80, 0xc1, 0x2e, 0x81,
    0xc4, 0xe0, 0x1e, 0x91, 0x64, 0x3, 0x7, 0x4a,
    0x93, 0xe0, 0xf, 0x12, 0xc8, 0x61, 0x80, 0x54,
    0x2c, 0xe6, 0x1, 0xe8, 0x6, 0x14, 0xb0, 0x1,
    0x50, 0x1, 0xdc, 0x1, 0xc6, 0xae, 0x32, 0xa,
    0x31, 0xab, 0x5c, 0xb1, 0x8c, 0x1, 0x20, 0xc8,
    0xbb, 0xdc, 0xeb, 0xea, 0x35, 0x41, 0x9e, 0x10,
    0x7f, 0x11, 0x54, 0x2c, 0x75, 0x8, 0x4, 0xbb,
    0x96, 0x20,

    /* U+6CE8 "注" */
    0x0, 0x21, 0x0, 0x7d, 0xe, 0x1, 0xfd, 0x1b,
    0x44, 0x1, 0xe8, 0x20, 0xf, 0xd9, 0x29, 0xa8,
    0x1, 0xa0, 0x20, 0x3, 0xf9, 0xbd, 0xd0, 0x3,
    0x9c, 0xc0, 0x3f, 0xc3, 0x9, 0xff, 0xce, 0xdf,
    0xfa, 0xc0, 0x3e, 0x69, 0x9d, 0x0, 0x93, 0x3b,
    0x80, 0x17, 0x44, 0x0, 0x26, 0x6c, 0xe1, 0x8c,
    0xd9, 0x40, 0x1a, 0x9b, 0x0, 0x1f, 0xfc, 0x46,
    0xe7, 0x61, 0x0, 0xff, 0xe2, 0xc7, 0x8, 0x7,
    0x8, 0x78, 0x7, 0xff, 0x6, 0x3f, 0xee, 0x7,
    0xff, 0xc0, 0x1e, 0x2c, 0x1b, 0xaa, 0xa4, 0x16,
    0xab, 0x0, 0x7a, 0x8, 0xd, 0x56, 0x60, 0xd5,
    0x5c, 0x1, 0xc6, 0xb2, 0x20, 0x1f, 0xfc, 0x4f,
    0x17, 0x0, 0xff, 0xe2, 0x29, 0xc0, 0x7, 0xff,
    0x10, 0x6c, 0xd8, 0x19, 0xb9, 0xc3, 0x19, 0xb8,
    0x41, 0x47, 0xc0, 0x13, 0x3d, 0x0, 0x93, 0x3c,
    0x40, 0x9a, 0x60, 0xf, 0xff, 0xfe, 0x9, 0x80,

    /* U+6CFD "泽" */
    0x0, 0x19, 0x0, 0x7f, 0xf1, 0xbb, 0x54, 0xb,
    0xff, 0xfb, 0x88, 0x3, 0x62, 0x53, 0x94, 0x98,
    0xcc, 0xe8, 0x2, 0x20, 0x6, 0x1b, 0x5e, 0x6,
    0xe1, 0x6, 0x6b, 0x43, 0x80, 0x3e, 0xa9, 0x0,
    0x14, 0x4a, 0x4, 0xad, 0x10, 0x7, 0xff, 0x1,
    0xda, 0xf1, 0xa9, 0x40, 0x3a, 0x18, 0x3, 0xef,
    0x3, 0x32, 0x0, 0x78, 0xa6, 0xc4, 0x2, 0x5d,
    0x95, 0x92, 0xe8, 0x10, 0xd, 0x56, 0xb8, 0x53,
    0xf4, 0xfb, 0x4d, 0xd0, 0xdd, 0x8e, 0x1, 0x27,
    0xf1, 0x1c, 0xf5, 0x12, 0x60, 0x3f, 0x5a, 0x80,
    0x70, 0x98, 0x51, 0xbb, 0x33, 0x8d, 0x9a, 0x2b,
    0x70, 0xe, 0xc5, 0x9, 0x9c, 0xa1, 0x33, 0x90,
    0x3, 0x90, 0xcc, 0x19, 0xff, 0x50, 0x7f, 0xe6,
    0x0, 0xef, 0x16, 0x0, 0xe3, 0x1, 0x0, 0xfc,
    0x48, 0xc5, 0xff, 0xd2, 0x1d, 0xff, 0xc0, 0x14,
    0x4, 0x95, 0xdf, 0x38, 0x55, 0xdf, 0x0, 0xd,
    0x58, 0x41, 0x13, 0xb4, 0x15, 0x13, 0x80, 0x16,
    0x16, 0x1, 0xff, 0xc5, 0x8b, 0x20, 0xf, 0xfe,
    0x20,

    /* U+6D69 "浩" */
    0x0, 0x20, 0x80, 0x7e, 0xa6, 0x0, 0xfd, 0x5c,
    0xe0, 0x14, 0xd0, 0x1, 0x3c, 0x3, 0xf7, 0x34,
    0x60, 0x83, 0x98, 0x7, 0xff, 0x6, 0x6c, 0x5,
    0x4, 0xd9, 0x82, 0x4c, 0xd8, 0x80, 0x39, 0x30,
    0x3c, 0x16, 0x64, 0x9, 0x33, 0x9c, 0x3, 0xe4,
    0x44, 0xff, 0xc2, 0xdf, 0xf9, 0x40, 0x1b, 0x22,
    0x0, 0x92, 0x60, 0xf, 0xfe, 0x5, 0x3f, 0x38,
    0x77, 0x0, 0x30, 0x80, 0x7e, 0x7f, 0x5c, 0xd,
    0xcf, 0xfc, 0xd, 0xff, 0xc2, 0x0, 0x1a, 0xb0,
    0xaa, 0xff, 0xe0, 0x88, 0x7, 0x91, 0x57, 0xff,
    0x80, 0x1, 0xc7, 0xa2, 0x7f, 0xff, 0xe0, 0xf,
    0x41, 0x88, 0x1, 0xa6, 0x7c, 0x80, 0x1e, 0x34,
    0x80, 0xb, 0x59, 0xbc, 0x60, 0x1e, 0xf1, 0x60,
    0xf, 0xfe, 0x22, 0x9c, 0x0, 0x7f, 0xf1, 0x60,
    0x98, 0x3, 0x6b, 0x37, 0x90, 0x3, 0x31, 0x48,
    0x7, 0x3c, 0x47, 0x8c, 0x3, 0x34, 0xa0, 0x7,
    0x57, 0x77, 0xa0, 0x80, 0x0,

    /* U+6D9B "涛" */
    0x0, 0xff, 0xe5, 0x3a, 0x0, 0x7d, 0x3a, 0x1,
    0xfd, 0x97, 0x84, 0x1, 0xc4, 0x20, 0x1f, 0xd7,
    0x62, 0xf2, 0xdd, 0xc8, 0x7b, 0xbd, 0x20, 0x19,
    0x3b, 0xce, 0x22, 0xb0, 0x58, 0x8e, 0xd0, 0xf,
    0x10, 0xaa, 0xce, 0x1e, 0xab, 0xc8, 0x1, 0xfa,
    0xbf, 0xdc, 0x15, 0xff, 0xc4, 0x0, 0xda, 0x20,
    0xa, 0x6e, 0xca, 0x17, 0x7e, 0x20, 0x5, 0xa6,
    0xb8, 0x0, 0xd1, 0x2, 0x68, 0x9e, 0x0, 0x9b,
    0x9a, 0xc3, 0x3f, 0xe4, 0x3f, 0xff, 0x88, 0x2,
    0x9c, 0xf, 0xbb, 0x38, 0x4d, 0xdf, 0xc4, 0x1,
    0xe3, 0x44, 0x18, 0xb2, 0x24, 0x32, 0x88, 0x0,
    0xe4, 0xa0, 0x1, 0x20, 0xff, 0xea, 0x2f, 0xf0,
    0x80, 0x68, 0x10, 0x5, 0x4, 0xca, 0xaa, 0x60,
    0xaa, 0x8, 0x4, 0x87, 0x0, 0x2c, 0xc2, 0x86,
    0x55, 0x78, 0x2a, 0x80, 0x34, 0x21, 0x85, 0xc,
    0x21, 0xe8, 0x7, 0xf2, 0x9f, 0x84, 0x23, 0x88,
    0x78, 0xc8, 0x7, 0xeb, 0x44, 0x1b, 0x9c, 0x0,
    0xa, 0x6c, 0x3, 0xe7, 0x18, 0x3, 0x7d, 0x0,
    0xce, 0xe5, 0xc0, 0xe, 0x79, 0x30, 0x4, 0x8,
    0x7, 0x55, 0x12, 0x0, 0x20,

    /* U+6DB5 "涵" */
    0x0, 0x29, 0x0, 0x7f, 0xf1, 0x6, 0xf5, 0x80,
    0x7f, 0xff, 0xb8, 0xc0, 0x3, 0x87, 0x28, 0x31,
    0x1f, 0x28, 0x29, 0x80, 0x45, 0x8e, 0x80, 0xef,
    0xe4, 0x53, 0xb0, 0xf, 0x40, 0x7, 0xcd, 0x8b,
    0x80, 0x1f, 0xde, 0xc0, 0x12, 0x4c, 0xa8, 0x1,
    0x8c, 0xe, 0x60, 0x1e, 0x10, 0x10, 0x60, 0x20,
    0x21, 0x15, 0xe4, 0x80, 0x67, 0xf2, 0x0, 0x87,
    0x18, 0x0, 0x39, 0x2c, 0xa0, 0x13, 0xbb, 0xcc,
    0x1, 0x4a, 0xc0, 0x19, 0xb9, 0x40, 0x34, 0xa7,
    0x5, 0xb5, 0x80, 0x78, 0x40, 0x3d, 0xce, 0x8,
    0xe0, 0x1f, 0x8c, 0x2, 0x2c, 0x96, 0xd, 0x7c,
    0x10, 0xe, 0x4c, 0x40, 0x1d, 0x6f, 0xc0, 0x2d,
    0x7d, 0x10, 0xd, 0xe4, 0xa0, 0x39, 0x42, 0x60,
    0x15, 0xf0, 0x80, 0x44, 0x94, 0x20, 0x3, 0x37,
    0xc9, 0x80, 0x44, 0x1, 0xac, 0x18, 0x3, 0x1e,
    0xf6, 0x0, 0x7c, 0x4c, 0xc1, 0x0, 0x4f, 0xfb,
    0x7b, 0xff, 0x84, 0x0, 0x81, 0x60, 0x9, 0x9f,
    0xf8, 0x2, 0x6d, 0x20, 0x3, 0x37, 0xfc, 0x20,

    /* U+6E05 "清" */
    0x0, 0x10, 0x7, 0xe5, 0xa0, 0xf, 0x87, 0x74,
    0x80, 0x26, 0x7b, 0x14, 0xcf, 0x80, 0x3, 0xad,
    0x6d, 0x19, 0x99, 0x83, 0x33, 0x90, 0x0, 0x57,
    0x2f, 0x3f, 0xfa, 0x3, 0xff, 0x90, 0x3, 0x30,
    0x97, 0xfe, 0x80, 0xff, 0xd6, 0x0, 0x10, 0xc,
    0x5b, 0xb9, 0x83, 0x77, 0x50, 0xf, 0xd0, 0x80,
    0x98, 0x8e, 0x0, 0x8, 0xe2, 0x31, 0xb4, 0xf4,
    0x46, 0x67, 0x30, 0x66, 0x78, 0x17, 0xd7, 0x17,
    0xff, 0xff, 0x82, 0x0, 0x1b, 0x80, 0x6, 0x7f,
    0xff, 0x20, 0x7, 0xf2, 0xee, 0xfa, 0xc0, 0x3e,
    0xa2, 0x0, 0x8, 0x7, 0xff, 0x4, 0xd5, 0x0,
    0x9, 0xbb, 0xeb, 0x0, 0xf4, 0x83, 0x0, 0x1b,
    0xff, 0xda, 0x1, 0xc2, 0xac, 0x1, 0x37, 0x77,
    0xb0, 0x3, 0xa4, 0x2c, 0x2, 0x4d, 0xdf, 0x58,
    0x6, 0x17, 0x42, 0x0, 0x88, 0xcf, 0xce, 0x1,
    0x98, 0x3c, 0x3, 0xf8, 0xd6, 0x81, 0xc0, 0xf,
    0x8, 0x1, 0xfc, 0x96, 0xca, 0x60,

    /* U+6F58 "潘" */
    0x0, 0x18, 0x7, 0xfc, 0x4b, 0x4, 0x1, 0xb7,
    0x98, 0xd, 0x9e, 0x6a, 0xf7, 0xf6, 0x91, 0x40,
    0x37, 0xa4, 0xe2, 0xdd, 0x8c, 0xc0, 0x55, 0xba,
    0x87, 0x0, 0xc3, 0x54, 0xb6, 0xc3, 0x99, 0x70,
    0x29, 0x5d, 0x0, 0x7c, 0xae, 0x2, 0x9e, 0x1,
    0x85, 0xa0, 0x3, 0xf9, 0x54, 0x6e, 0xb8, 0xb,
    0x60, 0x6a, 0xa0, 0x6, 0xd1, 0x1, 0x55, 0x1d,
    0x29, 0x82, 0x94, 0x2a, 0x96, 0x0, 0xb4, 0xd8,
    0x2f, 0xfa, 0x1, 0x41, 0x87, 0x3f, 0xdc, 0x0,
    0x6e, 0x73, 0x0, 0xa6, 0x2b, 0xc2, 0x5f, 0x1c,
    0x3, 0xd1, 0x60, 0x78, 0xd4, 0xa0, 0x14, 0xca,
    0x35, 0x40, 0x3c, 0xd8, 0x70, 0x28, 0x6c, 0x88,
    0x29, 0x2b, 0x20, 0xc, 0xad, 0x29, 0x17, 0x69,
    0x6b, 0xba, 0x5b, 0xc8, 0x2, 0x2a, 0x66, 0xa,
    0x7f, 0xac, 0x3f, 0xe2, 0x1, 0x0, 0xd6, 0xe,
    0x0, 0x72, 0x28, 0x8, 0xa3, 0x0, 0xe1, 0x66,
    0x8, 0x0, 0xf7, 0x52, 0x1b, 0xb0, 0x80, 0x74,
    0x85, 0x80, 0x49, 0xfe, 0xb0, 0xff, 0x88, 0x3,
    0xb, 0xa9, 0x0, 0x4e, 0x88, 0x30, 0x44, 0x8c,
    0x3, 0x30, 0x48, 0x6, 0x3b, 0xb4, 0x5, 0xdc,
    0x20, 0x19, 0xe8, 0xc0, 0x32, 0x7f, 0xfc, 0x42,
    0x0,

    /* U+7136 "然" */
    0x0, 0xed, 0x50, 0xf, 0x33, 0x0, 0x80, 0x3e,
    0x62, 0x70, 0xf, 0x6e, 0x9b, 0x4c, 0x3, 0xd6,
    0x1b, 0xff, 0x18, 0x6, 0x65, 0xd1, 0x0, 0xcc,
    0x55, 0x98, 0x60, 0x30, 0xe, 0xb3, 0x50, 0x8,
    0x61, 0x98, 0x66, 0x55, 0x3b, 0xcc, 0xc7, 0x6a,
    0x20, 0xa, 0x82, 0x3b, 0x58, 0xfe, 0x22, 0x22,
    0x44, 0x56, 0x0, 0x94, 0xd1, 0xda, 0x91, 0x5f,
    0xf8, 0x45, 0xff, 0x68, 0xa, 0x54, 0xb0, 0x28,
    0x40, 0x4, 0x62, 0x24, 0x0, 0xc3, 0xab, 0xf1,
    0x7c, 0x4c, 0x1, 0x50, 0x17, 0x0, 0x7c, 0xb8,
    0x87, 0xc0, 0x11, 0x33, 0x25, 0x4c, 0x3, 0xc3,
    0x21, 0x66, 0x0, 0x1c, 0x18, 0x43, 0xe0, 0xe,
    0x5c, 0x4b, 0x40, 0x1, 0xe0, 0xe8, 0x87, 0x95,
    0x88, 0x2, 0x28, 0x75, 0x0, 0x11, 0x87, 0x86,
    0x0, 0x3a, 0x4f, 0x0, 0x45, 0x61, 0x0, 0x5a,
    0xdc, 0x60, 0x19, 0x6e, 0x0, 0x25, 0x85, 0x0,
    0x1a, 0x48, 0x21, 0x80, 0x1a, 0x91, 0x80, 0x24,
    0x70, 0xb, 0x1c, 0x1, 0xfe, 0x0, 0x12, 0xc0,
    0x6, 0x93, 0x50, 0x1, 0x78, 0x3, 0x8c, 0xc0,
    0x8e, 0xe3, 0x0, 0x59, 0x70, 0x4, 0x24, 0x0,
    0x50, 0xb0, 0x4, 0xf, 0x0, 0x36, 0xc8, 0x2,
    0x9f, 0x0, 0xaa, 0x80, 0x15, 0x58, 0x0,

    /* U+718A "熊" */
    0x0, 0xd6, 0xa0, 0x1d, 0x46, 0x1, 0xfd, 0x4c,
    0x87, 0x0, 0x1, 0x56, 0x0, 0x2d, 0x8, 0x4,
    0xc9, 0xe2, 0x26, 0xa0, 0xb, 0xef, 0xec, 0xc8,
    0x0, 0xf2, 0xb7, 0x52, 0xa, 0xe0, 0x6, 0xcc,
    0x74, 0x98, 0x2, 0xc5, 0xcc, 0xd9, 0xd, 0x6,
    0x12, 0xe6, 0x0, 0xa6, 0xc, 0xba, 0xcf, 0x10,
    0xfe, 0x20, 0xc4, 0x49, 0x50, 0x40, 0x17, 0x6c,
    0xca, 0xe4, 0x41, 0xdd, 0x77, 0x51, 0x30, 0x5,
    0x55, 0xc0, 0x1, 0x4a, 0xff, 0xd8, 0x20, 0x14,
    0x77, 0x50, 0x1, 0x18, 0x81, 0xc7, 0x20, 0x6,
    0x8e, 0xea, 0x40, 0x34, 0xf6, 0x1c, 0x28, 0x6,
    0x8e, 0xea, 0x40, 0x32, 0xef, 0xdb, 0x0, 0x74,
    0x77, 0x50, 0x1, 0xb0, 0xc0, 0x29, 0xa0, 0xe,
    0x33, 0x68, 0x80, 0x5e, 0xa8, 0x85, 0x51, 0x80,
    0x75, 0x73, 0x48, 0xb, 0xa5, 0xd5, 0x2c, 0x6c,
    0x1, 0xc6, 0x13, 0xb8, 0xe0, 0x8, 0xee, 0xbf,
    0xd8, 0x40, 0x5, 0xb4, 0x4, 0xd0, 0x0, 0xf2,
    0x80, 0x33, 0x0, 0x1a, 0xd, 0x1, 0xc8, 0xc0,
    0x4a, 0x40, 0x1e, 0x56, 0x0, 0xb2, 0xe0, 0x0,
    0x83, 0x80, 0x2c, 0xc4, 0xa, 0x51, 0x83, 0xec,
    0x80, 0x5, 0x2a, 0x0, 0x6a, 0x10, 0x3, 0x42,
    0x0,

    /* U+71D5 "燕" */
    0x0, 0xf3, 0xc8, 0x6, 0xc4, 0x0, 0xf8, 0xcf,
    0xb5, 0xc, 0xfb, 0xc, 0xf8, 0x1, 0xb9, 0x99,
    0x4b, 0x33, 0x3, 0xe6, 0x70, 0x3, 0xfb, 0xb3,
    0x1f, 0x76, 0x8, 0xee, 0xe0, 0x0, 0x8f, 0x80,
    0x3c, 0x23, 0xe0, 0xe, 0x23, 0x3, 0xee, 0xc0,
    0x4, 0x20, 0xf, 0xd5, 0xf3, 0xdd, 0xe6, 0xa5,
    0x0, 0xe5, 0xaa, 0x28, 0xb, 0x44, 0x66, 0x0,
    0x8b, 0x18, 0x0, 0x60, 0x1d, 0x6a, 0x22, 0x4c,
    0x0, 0x56, 0xb2, 0x0, 0x1a, 0xa8, 0xa0, 0x12,
    0x44, 0x10, 0x2, 0x1c, 0xa2, 0x0, 0xff, 0xe2,
    0x59, 0x93, 0x0, 0x5, 0xad, 0xc0, 0x3c, 0x60,
    0x1c, 0xd0, 0x0, 0xf8, 0x24, 0x0, 0x9f, 0xfc,
    0xa0, 0x3, 0x9b, 0xa5, 0x0, 0x67, 0x4e, 0x30,
    0x6f, 0x76, 0xa0, 0xe9, 0x39, 0x90, 0x0, 0x82,
    0x4e, 0x80, 0xc0, 0x44, 0x46, 0x6, 0x20, 0xe4,
    0x1, 0x23, 0x8, 0x3, 0x5c, 0x1, 0xf2, 0x0,
    0x37, 0x70, 0x6, 0x82, 0x50, 0x1, 0x78, 0x2,
    0x90, 0x81, 0x55, 0x4, 0x0, 0xa3, 0xe0, 0x8,
    0x48, 0x0, 0xe0, 0x80, 0xb, 0x1e, 0x0, 0x6c,
    0x98, 0x5, 0x5a, 0x0, 0x17, 0x20, 0x0, 0xc2,
    0x0,

    /* U+7269 "物" */
    0x0, 0xc4, 0xa0, 0x18, 0x50, 0x3, 0xfc, 0x60,
    0xb6, 0x1, 0xa6, 0x80, 0x3f, 0x87, 0x10, 0x3,
    0xca, 0x80, 0x1f, 0xc4, 0xa, 0x1, 0xc6, 0x5a,
    0x45, 0xf0, 0x1, 0x81, 0xb0, 0x5d, 0xc1, 0x61,
    0x1b, 0xbf, 0x8, 0x60, 0x42, 0x4, 0x40, 0x5d,
    0xda, 0x6b, 0xa4, 0xce, 0x2, 0x8, 0xff, 0x3,
    0xfe, 0xb1, 0x83, 0x34, 0x91, 0x37, 0xc0, 0x4,
    0x4c, 0x0, 0xcc, 0xb0, 0xc, 0x26, 0xa0, 0x9e,
    0x20, 0x6e, 0x80, 0x19, 0x5d, 0x82, 0x64, 0x18,
    0x60, 0x26, 0x3, 0x0, 0x19, 0x6b, 0x1, 0xc1,
    0xc1, 0xa8, 0xc, 0x40, 0x23, 0x8a, 0x1a, 0x27,
    0x28, 0x80, 0x30, 0x38, 0x33, 0x0, 0x7f, 0x18,
    0x7, 0xec, 0xbc, 0xd8, 0x2d, 0x44, 0x4, 0xc0,
    0x67, 0x7a, 0x80, 0x3, 0xa7, 0xc0, 0xc5, 0x20,
    0x2, 0xe0, 0x3, 0x10, 0x7, 0x2e, 0x10, 0xc3,
    0x18, 0x8, 0x8, 0x7, 0xe1, 0x92, 0xb, 0x8,
    0x0, 0x28, 0x28, 0x7, 0xfd, 0x2b, 0x62, 0x0,
    0xc0, 0x30, 0xf, 0xf5, 0x34, 0xaa, 0x9e, 0x1d,
    0x0, 0x3f, 0xec, 0x86, 0x3, 0x87, 0x39, 0x0,
    0xff, 0x99, 0xc0, 0xd, 0xfe, 0xc2, 0x0, 0x0,

    /* U+732E "献" */
    0x0, 0xe9, 0x80, 0xf, 0xb1, 0x40, 0x3f, 0x94,
    0x80, 0x3e, 0x32, 0x82, 0x0, 0x99, 0xb0, 0xbb,
    0x36, 0x0, 0xc2, 0x72, 0x1, 0x5d, 0xe2, 0x25,
    0xdd, 0x40, 0x1d, 0x28, 0x80, 0x6, 0xee, 0x35,
    0xdd, 0xb0, 0x3, 0x89, 0x74, 0x0, 0x48, 0x90,
    0xb2, 0x24, 0x46, 0x88, 0xf, 0x4e, 0xd0, 0x5,
    0xda, 0xa8, 0x65, 0x54, 0xbb, 0x6d, 0xd8, 0x1a,
    0xee, 0x0, 0x97, 0x27, 0xb8, 0xf8, 0x81, 0x9b,
    0x80, 0xbb, 0xb0, 0x6, 0x2a, 0x23, 0x72, 0x0,
    0x11, 0x4, 0x18, 0x8a, 0x0, 0xeb, 0x79, 0x80,
    0xe, 0x10, 0x20, 0xf, 0xaa, 0x2d, 0x62, 0x80,
    0x32, 0x80, 0x88, 0x3, 0xd1, 0xaa, 0xad, 0x80,
    0xd, 0xe4, 0x2e, 0x1, 0xe2, 0x31, 0x23, 0x20,
    0xc, 0xaa, 0x4c, 0x0, 0xf7, 0x7a, 0xbf, 0xf8,
    0x2, 0x23, 0xbf, 0x51, 0x0, 0xec, 0xd4, 0x6d,
    0xd0, 0x5, 0x42, 0x6a, 0x12, 0x1, 0xc4, 0x41,
    0x11, 0x10, 0x0, 0x2c, 0xc0, 0x3, 0x39, 0x0,
    0x7e, 0x25, 0x61, 0xa0, 0x90, 0x4, 0x7, 0x80,
    0x7b, 0xac, 0x60, 0x75, 0x68, 0x40, 0x3, 0x6a,
    0x0, 0x9a, 0x0, 0x21, 0x9b, 0x71, 0x79, 0x0,
    0x32, 0x40, 0x0,

    /* U+738B "王" */
    0x6, 0x77, 0xff, 0xe1, 0x30, 0x2, 0x23, 0xff,
    0x88, 0x0, 0xef, 0xff, 0x19, 0xbf, 0xfd, 0xc0,
    0x1f, 0xff, 0xf6, 0x6f, 0x10, 0xb3, 0x78, 0x40,
    0x29, 0x9f, 0x9, 0x4c, 0xf9, 0x40, 0x2f, 0xff,
    0x19, 0xbf, 0xfc, 0x80, 0x1f, 0xff, 0xf0, 0xf,
    0xfe, 0x27, 0x7f, 0xfc, 0x66, 0xff, 0xfc, 0xce,
    0xff, 0xfc, 0x50,

    /* U+742A "琪" */
    0x0, 0xfe, 0x39, 0x0, 0xc7, 0x20, 0x19, 0x57,
    0xc0, 0x6, 0x60, 0x80, 0x4a, 0xc0, 0x10, 0xd5,
    0x78, 0x80, 0x3f, 0xf8, 0x3, 0xfe, 0x45, 0xff,
    0x37, 0xd0, 0x77, 0xfd, 0x21, 0xfa, 0x1, 0xf9,
    0x65, 0x82, 0x26, 0x65, 0x9, 0x80, 0xf, 0xc2,
    0xd8, 0xc, 0xdb, 0x1, 0x94, 0x3, 0xff, 0x81,
    0xdf, 0xf4, 0x80, 0x75, 0xe2, 0x2e, 0x48, 0x6,
    0xac, 0xc9, 0x80, 0x38, 0xd0, 0x88, 0x9e, 0x1,
    0x90, 0xce, 0xf0, 0xe, 0x88, 0x33, 0xc3, 0x0,
    0x6e, 0xff, 0xa4, 0x3, 0xff, 0x87, 0x57, 0x73,
    0x0, 0x7f, 0xf0, 0xd1, 0x37, 0x80, 0x7f, 0xc8,
    0xd8, 0xc, 0xdb, 0x1, 0xd8, 0x40, 0x38, 0x9f,
    0xa1, 0xc6, 0x62, 0x24, 0x19, 0x82, 0x0, 0x23,
    0x2e, 0xcd, 0xf7, 0x22, 0xbb, 0xa9, 0xee, 0x8c,
    0xdf, 0x66, 0xd7, 0xc2, 0xb, 0x38, 0x0, 0x29,
    0xd1, 0x0, 0x1b, 0xe7, 0x4a, 0x0, 0x1a, 0x96,
    0x0, 0x5, 0x81, 0xe4, 0x0, 0x83, 0x0, 0xd5,
    0x2f, 0x40, 0x18, 0xb0, 0xfc, 0x40, 0x3e, 0x2a,
    0x80, 0xf, 0xf, 0xd0, 0x80,

    /* U+7434 "琴" */
    0xc, 0xff, 0xf8, 0x3b, 0xff, 0xe3, 0xf, 0xcc,
    0x30, 0x66, 0x41, 0xb9, 0x86, 0xb, 0xcc, 0x18,
    0x18, 0x88, 0x0, 0x22, 0x20, 0x20, 0x0, 0x83,
    0x80, 0x80, 0x13, 0x74, 0xc1, 0xba, 0x80, 0x4d,
    0xd3, 0x86, 0x6f, 0x80, 0x13, 0xfd, 0x3, 0xfe,
    0x90, 0x5e, 0xe4, 0x87, 0xf6, 0x80, 0xd, 0x11,
    0xc2, 0x89, 0x1, 0x19, 0xbc, 0x10, 0xcc, 0x21,
    0xb7, 0x66, 0xb, 0xba, 0x27, 0x30, 0xc1, 0x79,
    0x86, 0xe, 0xff, 0xee, 0x37, 0x77, 0x7f, 0xf9,
    0xc0, 0x3c, 0xfc, 0x16, 0xfd, 0x2, 0x1, 0xf8,
    0xa3, 0xa2, 0x63, 0x6e, 0x97, 0xa9, 0x40, 0x32,
    0xde, 0xbb, 0xb9, 0x95, 0x31, 0x76, 0x86, 0xbe,
    0xd4, 0x6d, 0xe7, 0xe4, 0x40, 0x7c, 0x4c, 0x16,
    0xfa, 0x18, 0x45, 0xd9, 0xff, 0xed, 0x2c, 0xff,
    0xa5, 0xf5, 0x0, 0x2b, 0xbf, 0xea, 0x1, 0x90,
    0xf, 0x12, 0x27, 0xe9, 0x1c, 0x10, 0xf, 0xfe,
    0x15, 0x9e, 0x90, 0x7, 0xff, 0xa, 0x92, 0xcc,
    0x3, 0xff, 0x87, 0x94, 0x80, 0x1e,

    /* U+7476 "瑶" */
    0x0, 0xff, 0xe2, 0x1a, 0x0, 0x48, 0x9c, 0x62,
    0x6a, 0xcf, 0x37, 0xbf, 0x94, 0x60, 0x37, 0x7d,
    0xf, 0x97, 0x6c, 0x32, 0xbb, 0x6f, 0x98, 0xf,
    0x70, 0x9f, 0xa9, 0xaf, 0x75, 0x63, 0x4c, 0x8f,
    0xc2, 0x0, 0x11, 0x7, 0x88, 0x83, 0x78, 0x0,
    0x32, 0x0, 0xe5, 0x10, 0xf, 0xe8, 0x24, 0xf,
    0x50, 0x24, 0x80, 0xf, 0xf0, 0xa0, 0x82, 0xe8,
    0x22, 0x90, 0x4, 0xcc, 0x3c, 0x62, 0x3, 0x48,
    0xaa, 0x45, 0x60, 0x52, 0x0, 0x2e, 0x45, 0x25,
    0x87, 0x89, 0xd, 0x94, 0xcf, 0x38, 0x3, 0x7c,
    0xa3, 0xd2, 0x87, 0x66, 0x56, 0x33, 0x38, 0xc0,
    0x3f, 0x4f, 0x88, 0xde, 0x2, 0x3c, 0x1, 0xfb,
    0xb3, 0xba, 0x71, 0xee, 0xe3, 0x0, 0xfb, 0x77,
    0x98, 0x77, 0x78, 0xc0, 0x37, 0xa2, 0x8b, 0x99,
    0x13, 0x80, 0x8a, 0xa0, 0x8, 0xdc, 0x9e, 0x88,
    0x94, 0x40, 0x1e, 0x17, 0x60, 0x1c, 0xb8, 0xce,
    0x70, 0xf, 0xfe, 0x8, 0xfe, 0x39, 0x80, 0x6d,
    0xda, 0x47, 0x75, 0x80, 0x1f, 0xe3, 0x98, 0xbb,
    0x44, 0xdd, 0xa8, 0x3, 0xfc, 0x2c, 0xdf, 0xc0,
    0x10,

    /* U+751F "生" */
    0x0, 0x89, 0x40, 0x29, 0xa0, 0xf, 0xfa, 0xe8,
    0x40, 0x4, 0xc0, 0x1f, 0xf3, 0xa0, 0x80, 0x7f,
    0xf0, 0x94, 0x78, 0x3, 0xff, 0x87, 0xc1, 0x5f,
    0xf2, 0x1f, 0xff, 0xc0, 0x3, 0x44, 0x3b, 0xe2,
    0x17, 0x7f, 0x80, 0x1c, 0x37, 0x11, 0x98, 0xa2,
    0x3e, 0x9, 0x2b, 0x0, 0xff, 0xe1, 0xd3, 0xa8,
    0x7, 0xff, 0xc, 0xe0, 0x3, 0xe1, 0x0, 0xff,
    0x5f, 0xff, 0x21, 0x7f, 0xf9, 0x0, 0x2f, 0x99,
    0xe2, 0x19, 0x9f, 0x28, 0x4, 0x8c, 0xde, 0x26,
    0x6f, 0x8, 0x7, 0xff, 0xad, 0xdf, 0xf3, 0x13,
    0xbf, 0xea, 0x88, 0xf8, 0x86, 0x23, 0xf0,

    /* U+7530 "田" */
    0x6, 0x6f, 0xfe, 0x20, 0x2, 0x67, 0xff, 0x88,
    0x20, 0x8, 0xff, 0xe1, 0x6f, 0xfe, 0x80, 0xc,
    0x20, 0x1f, 0xff, 0xbc, 0x77, 0xe1, 0x57, 0x7e,
    0xc0, 0xc, 0xb1, 0x1c, 0x7, 0x11, 0xc8, 0x1,
    0xa3, 0xff, 0x85, 0xbf, 0xfa, 0x0, 0x30, 0x80,
    0x7f, 0xfe, 0xf5, 0xdf, 0x85, 0x5d, 0xfb, 0x0,
    0x32, 0x44, 0x70, 0x1c, 0x47, 0x20, 0x6, 0x8f,
    0xff, 0xfe, 0x4, 0x0, 0x0,

    /* U+7535 "电" */
    0x0, 0xff, 0xe6, 0xfc, 0x80, 0x7f, 0xf8, 0x5f,
    0xff, 0xc0, 0xdf, 0xfe, 0x60, 0xc, 0xce, 0xf8,
    0x9, 0xdf, 0x30, 0x8, 0x6, 0x88, 0xe0, 0x48,
    0x8e, 0x0, 0xff, 0xe6, 0x33, 0xbe, 0x5, 0x77,
    0xcc, 0x1, 0xe8, 0x8e, 0x3, 0x88, 0xe0, 0xf,
    0x77, 0xfe, 0x6, 0xff, 0xdc, 0x1, 0xff, 0xcc,
    0x44, 0xe0, 0x24, 0x4e, 0x0, 0xf5, 0x5d, 0xe0,
    0x4b, 0xbd, 0x40, 0x1e, 0xbd, 0xdc, 0x9, 0xbb,
    0xe5, 0x40, 0x5a, 0x42, 0x2c, 0x4, 0x5f, 0xd,
    0xa9, 0x28, 0x7, 0x9, 0x80, 0x79, 0x41, 0x80,
    0x3e, 0x25, 0x98, 0x8d, 0x30, 0x26, 0x1, 0xf7,
    0x9b, 0x3b, 0xe6, 0x3a, 0x0,

    /* U+7537 "男" */
    0x0, 0xbb, 0xff, 0xff, 0x81, 0xc0, 0x1c, 0x95,
    0x58, 0x12, 0xab, 0x20, 0x80, 0x71, 0xaa, 0xe1,
    0x25, 0x5c, 0x40, 0x1e, 0x23, 0x3c, 0x26, 0x7c,
    0x40, 0x1e, 0x5c, 0xcc, 0xb, 0x99, 0x90, 0x3,
    0xcf, 0xff, 0x85, 0xbf, 0xf3, 0x0, 0x7f, 0xf3,
    0x1f, 0xff, 0xb, 0x7f, 0xe6, 0x0, 0xeb, 0xaa,
    0xce, 0xf, 0x55, 0xe0, 0xc, 0xab, 0xde, 0x12,
    0xab, 0xe0, 0x4, 0x77, 0x7a, 0x3, 0xfb, 0xbd,
    0x1, 0x71, 0x1c, 0xe0, 0xb1, 0x1d, 0x23, 0xe0,
    0x6c, 0xdc, 0x43, 0x6c, 0xdc, 0xa0, 0x40, 0x1e,
    0xa4, 0xb1, 0x0, 0xe7, 0x6, 0x0, 0xcb, 0xab,
    0x2a, 0x1, 0xec, 0x3, 0x5, 0xae, 0xa6, 0xd6,
    0x0, 0x95, 0x48, 0xcc, 0x40, 0x7, 0x3b, 0x65,
    0x90, 0x6, 0x9a, 0xb9, 0x39, 0x0, 0x5e, 0xc1,
    0x80, 0x7b, 0x3f, 0xec, 0x20,

    /* U+7597 "疗" */
    0x0, 0xff, 0x26, 0x8, 0x7, 0xff, 0x15, 0x8d,
    0x80, 0x3f, 0xe4, 0x4f, 0x38, 0xd2, 0x27, 0x80,
    0x3a, 0xef, 0xd4, 0x25, 0x77, 0xe2, 0xb, 0x30,
    0x4, 0x77, 0x7f, 0xf0, 0x48, 0x1, 0xe0, 0x1,
    0x1f, 0xfe, 0x10, 0x2, 0x4d, 0x40, 0x2, 0xcd,
    0xff, 0x0, 0x44, 0x9c, 0x0, 0x28, 0x8f, 0xd3,
    0x31, 0x80, 0x53, 0x40, 0x3, 0xee, 0xfb, 0x44,
    0x5a, 0x60, 0x11, 0x8, 0x7, 0xf4, 0x62, 0xf9,
    0x0, 0x62, 0xb0, 0x30, 0xf, 0x73, 0x55, 0x88,
    0x4, 0x33, 0xaa, 0x2, 0x1, 0xc2, 0x29, 0x50,
    0xe, 0x36, 0x88, 0x2, 0x80, 0x7f, 0xf0, 0x8b,
    0x9f, 0xc0, 0x40, 0x3f, 0xf8, 0x62, 0x8, 0x80,
    0xf, 0xfe, 0x29, 0x97, 0x0, 0x7f, 0xf1, 0x60,
    0x54, 0x3, 0xff, 0x88, 0xe9, 0x60, 0x18, 0x95,
    0x4e, 0x2, 0x1, 0xf1, 0x2a, 0x80, 0x30, 0xd5,
    0x21, 0x1c, 0x3, 0xe5, 0xa0, 0xe, 0x3f, 0xf7,
    0x58, 0x80, 0x78,

    /* U+75AB "疫" */
    0x0, 0xff, 0x34, 0x80, 0x7f, 0xf1, 0xd8, 0xc0,
    0x3f, 0xe7, 0x7f, 0x70, 0x7b, 0xbf, 0x84, 0x3,
    0x44, 0x79, 0xc0, 0xe2, 0x3c, 0x61, 0x4a, 0x0,
    0x9f, 0xff, 0xfe, 0x9, 0x1, 0xd8, 0x80, 0x67,
    0xff, 0xf4, 0x0, 0x74, 0x84, 0x0, 0x7a, 0xab,
    0x0, 0x7e, 0x93, 0x0, 0xde, 0x4a, 0xb8, 0x40,
    0x3e, 0x7a, 0x0, 0x89, 0x90, 0x3, 0x8c, 0xe2,
    0x0, 0xc2, 0x0, 0x7c, 0x38, 0x0, 0xce, 0x99,
    0x8a, 0x0, 0x8a, 0xc0, 0xf9, 0xf0, 0x40, 0x34,
    0xf6, 0xea, 0x0, 0x63, 0x50, 0x6, 0x1b, 0xbf,
    0xfd, 0xd8, 0x60, 0x13, 0xc4, 0x1, 0x45, 0x82,
    0x6e, 0xf5, 0x3, 0x88, 0x0, 0x79, 0xf0, 0x4,
    0x24, 0xb5, 0x13, 0x78, 0xc0, 0x6, 0x10, 0x75,
    0x0, 0xb9, 0x28, 0x45, 0x49, 0xa2, 0x1, 0xc6,
    0x5e, 0x1, 0x1e, 0x26, 0x7a, 0x61, 0x80, 0x7a,
    0x5, 0x40, 0x24, 0xa0, 0x21, 0xa, 0x40, 0xe,
    0x64, 0xb0, 0x5d, 0xfb, 0x49, 0xed, 0x66, 0x5f,
    0xf3, 0x0, 0x1a, 0x54, 0x11, 0x6f, 0xb5, 0xc4,
    0xa3, 0xb6, 0x99, 0xc0,

    /* U+75C5 "病" */
    0x0, 0xff, 0x25, 0x8, 0x7, 0xff, 0x19, 0x58,
    0x3, 0xfe, 0x66, 0xf1, 0x85, 0x33, 0x78, 0x40,
    0x34, 0x4c, 0xf4, 0x1, 0x4c, 0xf8, 0xc2, 0xc,
    0x1, 0x1f, 0xff, 0xfc, 0x12, 0x2, 0xf0, 0x9,
    0x15, 0x7f, 0xf8, 0x0, 0x8, 0x33, 0x0, 0x3a,
    0xab, 0xff, 0x80, 0x0, 0x23, 0xa0, 0x5, 0x7f,
    0xeb, 0xd, 0xff, 0xe0, 0xb, 0xa4, 0x40, 0x3f,
    0xf8, 0xa4, 0x1, 0x1f, 0xfe, 0xb0, 0xdf, 0xfc,
    0xc0, 0x19, 0xc0, 0x40, 0x13, 0x76, 0x70, 0xbb,
    0xc0, 0x19, 0xba, 0x0, 0xc0, 0x8, 0x90, 0x1,
    0x91, 0x20, 0x8, 0xa5, 0x64, 0x1c, 0x3, 0x98,
    0x30, 0x80, 0x38, 0xb2, 0xf8, 0x8, 0x3, 0x40,
    0xea, 0xe0, 0x80, 0x71, 0x82, 0x20, 0x2, 0x18,
    0x78, 0x2b, 0x2c, 0x10, 0xe, 0x23, 0xd0, 0x9,
    0x1e, 0x1c, 0x1, 0xa2, 0x40, 0x1d, 0x0, 0xc0,
    0x12, 0xf3, 0x80, 0x43, 0x86, 0x1, 0x99, 0x68,
    0x3, 0x84, 0x3, 0x1a, 0xb8, 0x6, 0x26, 0x50,
    0xf, 0xf3, 0x54, 0xa3, 0x80,

    /* U+75C7 "症" */
    0x0, 0xff, 0x14, 0x8, 0x7, 0xff, 0x19, 0xd8,
    0x3, 0xfe, 0x66, 0xf2, 0xc, 0xb3, 0x78, 0x80,
    0x34, 0xcf, 0xc2, 0x29, 0x9f, 0x20, 0x31, 0x0,
    0x23, 0xff, 0xff, 0x82, 0xc1, 0xb2, 0x1, 0x88,
    0xbf, 0xf8, 0x0, 0x8, 0x43, 0x0, 0x16, 0xef,
    0xfd, 0xe0, 0x3, 0x2b, 0x0, 0x16, 0x67, 0x3,
    0x66, 0x6e, 0x0, 0xba, 0x0, 0x23, 0x3e, 0x1e,
    0x33, 0xe0, 0x8, 0xc0, 0x2, 0x0, 0x30, 0xf,
    0xfe, 0x13, 0x81, 0x81, 0xe0, 0x80, 0x5a, 0x89,
    0x84, 0x0, 0xdd, 0x0, 0x20, 0x1f, 0x2d, 0xde,
    0x50, 0x29, 0x78, 0x5, 0x0, 0xf9, 0xff, 0xf2,
    0x1, 0x6c, 0xf0, 0x8, 0x7, 0xde, 0x1, 0xf1,
    0x2, 0x28, 0x7, 0xff, 0x15, 0xb, 0x80, 0x3f,
    0xf8, 0xb0, 0x48, 0xad, 0x61, 0x2c, 0xc1, 0xc6,
    0x6e, 0x30, 0x83, 0xe0, 0x99, 0x38, 0x3c, 0xc8,
    0x12, 0x67, 0x94, 0x26, 0x46, 0x19, 0xff, 0xff,
    0xc1, 0x60,

    /* U+75EB "痫" */
    0x0, 0xff, 0x54, 0x0, 0x7f, 0xf0, 0x4, 0x7c,
    0xe, 0x42, 0x3e, 0x0, 0xcf, 0xdd, 0xe5, 0xd,
    0xee, 0xf1, 0x0, 0x61, 0xdd, 0x66, 0xef, 0xfc,
    0x41, 0xa8, 0x0, 0x26, 0xf3, 0x23, 0x3f, 0xc4,
    0x0, 0x58, 0x0, 0x90, 0x28, 0xbb, 0xbf, 0x28,
    0x2, 0xcf, 0xc0, 0x2d, 0x70, 0xdd, 0xf8, 0x40,
    0x23, 0x80, 0xb, 0x9f, 0x8, 0x8d, 0xa4, 0x58,
    0x3, 0x9f, 0xc0, 0x3f, 0xf8, 0xfa, 0x60, 0x15,
    0x7f, 0xac, 0x3f, 0xe2, 0x0, 0xc9, 0xaa, 0x1,
    0xaf, 0x6c, 0x1, 0x1b, 0xa2, 0x0, 0x8e, 0xdc,
    0xdc, 0x2, 0x12, 0xf1, 0x8, 0x12, 0x0, 0xc7,
    0x74, 0x44, 0x0, 0xce, 0xb0, 0x11, 0xa2, 0x1,
    0xc8, 0x22, 0xd0, 0x9, 0xe2, 0x88, 0x1d, 0x34,
    0x3, 0xca, 0xa, 0x0, 0xd8, 0xb4, 0x0, 0xac,
    0x8, 0x3, 0xbd, 0x40, 0x2d, 0xe4, 0x0, 0xc3,
    0x84, 0x1, 0x8d, 0x20, 0x3, 0x8, 0x7, 0x22,
    0x42, 0x1, 0x5b, 0x90, 0x7, 0xcc, 0xe1, 0xf7,
    0x48, 0x80, 0x4, 0x40, 0x2, 0xe6, 0x0, 0x8a,
    0x2, 0xff, 0xac, 0x40,

    /* U+7624 "瘤" */
    0x0, 0xff, 0x36, 0x80, 0x7f, 0xf1, 0x88, 0x8a,
    0x1, 0xfe, 0x4f, 0xff, 0x58, 0x57, 0xff, 0x90,
    0x3, 0xa2, 0xab, 0x4d, 0x57, 0xe5, 0xd, 0x50,
    0x2, 0xa9, 0xcf, 0xe4, 0xd9, 0xbc, 0xa2, 0x9,
    0x20, 0x12, 0x6e, 0xd8, 0xdd, 0x99, 0xc6, 0x0,
    0xa3, 0x10, 0xd, 0x6d, 0x41, 0xb6, 0x3f, 0xa0,
    0x20, 0x3, 0xd, 0x0, 0xe1, 0x75, 0xc, 0x20,
    0x10, 0xe, 0xdc, 0x0, 0xe4, 0x2e, 0x4, 0xb0,
    0x70, 0x20, 0x8, 0x80, 0x7, 0xa1, 0xd4, 0xa8,
    0xa6, 0x87, 0xa2, 0x1, 0x8b, 0xc0, 0x41, 0x2b,
    0xa6, 0x55, 0x21, 0x8f, 0x60, 0x1, 0x9d, 0x40,
    0x4, 0xf8, 0x22, 0x5, 0x49, 0xee, 0x9c, 0x2,
    0x4a, 0x62, 0x0, 0x5d, 0x4c, 0xcb, 0x33, 0x5a,
    0x80, 0x7, 0x55, 0x4c, 0x1, 0x5e, 0xea, 0xc7,
    0x76, 0x10, 0xf, 0x1e, 0x0, 0x55, 0xfe, 0xa1,
    0xff, 0x84, 0x3, 0x98, 0x14, 0x2, 0x9e, 0xe4,
    0x8f, 0x74, 0x20, 0x1d, 0x66, 0x40, 0x10, 0x99,
    0x84, 0xc, 0xe0, 0xe, 0x92, 0xf0, 0xd, 0x1b,
    0xa8, 0x1d, 0xd8, 0x40, 0x35, 0xb9, 0x80, 0x6a,
    0xff, 0xf8, 0x84, 0x2, 0x28, 0x0, 0xde, 0xa0,
    0x1f, 0x6b, 0x0, 0x0,

    /* U+764C "癌" */
    0x0, 0xff, 0xe9, 0x65, 0x80, 0x7f, 0xf0, 0x4,
    0x7d, 0x48, 0xe2, 0x3e, 0x0, 0xc9, 0xdd, 0xe9,
    0x8, 0xee, 0xf1, 0x81, 0x0, 0x57, 0x99, 0xff,
    0xc1, 0x30, 0xc6, 0x0, 0x29, 0x9b, 0xbb, 0xf3,
    0x19, 0x80, 0xf, 0x40, 0x1c, 0x51, 0xdd, 0xc4,
    0x60, 0x1a, 0x8c, 0x80, 0x38, 0x47, 0xe0, 0xe,
    0x30, 0xe0, 0xe, 0xbd, 0xde, 0x10, 0xf, 0x7e,
    0x80, 0x6f, 0xff, 0xcc, 0x1, 0xf8, 0xff, 0xf9,
    0x47, 0xff, 0xb8, 0x2, 0x49, 0x3, 0xe, 0xff,
    0x10, 0x5, 0xdf, 0xea, 0x0, 0x15, 0xd8, 0x84,
    0x0, 0x62, 0x20, 0xc, 0x62, 0x20, 0x8, 0xda,
    0xd0, 0x80, 0x1b, 0xdc, 0x20, 0xb, 0x7b, 0x94,
    0x0, 0x1d, 0x47, 0x61, 0xff, 0xe3, 0x9f, 0xfe,
    0xe0, 0xc, 0x58, 0x12, 0xa0, 0x16, 0xb0, 0x6,
    0xa5, 0x0, 0x94, 0x1c, 0x1c, 0x80, 0x3f, 0x97,
    0x40, 0x28, 0x41, 0x0, 0xff, 0xe2, 0x39, 0x40,
    0x5, 0x1f, 0xf2, 0xf, 0xfe, 0x0, 0xc2, 0xe6,
    0x0, 0xab, 0xbf, 0xea, 0x0, 0xcd, 0x0, 0x12,
    0x27, 0xf9, 0x7e, 0x0,

    /* U+766B "癫" */
    0x0, 0xff, 0xe9, 0x65, 0x80, 0x7f, 0xf1, 0x95,
    0x10, 0x1, 0xfe, 0x6f, 0xff, 0x30, 0x5f, 0xff,
    0x58, 0x0, 0x40, 0x29, 0x98, 0xde, 0x67, 0xf7,
    0x80, 0x3d, 0x0, 0x5d, 0x10, 0x7a, 0x8e, 0x7d,
    0xdd, 0x80, 0x6, 0x90, 0x6, 0xec, 0x15, 0xba,
    0x1, 0x13, 0x98, 0x88, 0x1, 0x25, 0x41, 0x9f,
    0xb, 0xfe, 0xc5, 0x9b, 0xa, 0x99, 0x0, 0x6,
    0x1c, 0xf, 0xe1, 0x7f, 0xc6, 0x9b, 0x81, 0x9b,
    0x0, 0x13, 0xe8, 0x0, 0xbb, 0xa1, 0x0, 0xb7,
    0x39, 0x8, 0x3, 0xe2, 0xdd, 0x84, 0x0, 0x27,
    0xc5, 0xe0, 0x19, 0x20, 0xc0, 0xf3, 0x21, 0x0,
    0xc4, 0x1, 0x86, 0xec, 0x2c, 0x7, 0xbb, 0x8,
    0x7, 0xf0, 0x86, 0x21, 0x80, 0xc4, 0x40, 0x1f,
    0xf5, 0x9a, 0x68, 0x7, 0xfc, 0x20, 0x1c, 0x60,
    0xe, 0x19, 0x98, 0x3b, 0x1, 0x4, 0x3, 0xd2,
    0x88, 0x97, 0x68, 0x69, 0x9b, 0x7d, 0xa4, 0xe8,
    0x0, 0x8b, 0x2, 0x27, 0xf4, 0x28, 0x71, 0x86,
    0x8a, 0xb6, 0x0, 0x7b, 0x9a, 0xd5, 0x14, 0x22,
    0x57, 0x4b, 0x0, 0xf6, 0x4, 0x2e, 0x1, 0x79,
    0x40, 0x27, 0x6c, 0xb1, 0x0, 0x1f, 0x8,

    /* U+767D "白" */
    0x0, 0xf1, 0xdb, 0x0, 0x7f, 0xf0, 0x6d, 0x8,
    0x3, 0xff, 0x82, 0xc4, 0x80, 0x1f, 0xa2, 0x34,
    0x88, 0xa2, 0x3e, 0x1, 0x77, 0xcc, 0x6, 0xef,
    0xf0, 0x80, 0x27, 0xff, 0xfd, 0x0, 0x1f, 0xfe,
    0x8d, 0x88, 0xff, 0x58, 0x6, 0x47, 0x7f, 0xf1,
    0x80, 0x69, 0xff, 0xff, 0x40, 0x7, 0xff, 0xa3,
    0x1d, 0xff, 0xd8, 0x1, 0x96, 0x23, 0xfc, 0x80,
    0x1a, 0x3f, 0xff, 0xce, 0x1, 0x84, 0x3, 0xfd,
    0xe2, 0x0,

    /* U+77E5 "知" */
    0x0, 0xad, 0x40, 0x3f, 0xf8, 0x86, 0x80, 0x1f,
    0xfc, 0x54, 0x6, 0x11, 0xf7, 0xff, 0xc2, 0x0,
    0xc0, 0xce, 0xed, 0x40, 0x6, 0xaa, 0x94, 0x2,
    0x24, 0x7b, 0x5, 0xbb, 0x40, 0x3, 0x15, 0x6c,
    0x0, 0xac, 0x21, 0x0, 0x91, 0x6, 0x1, 0xfc,
    0x4c, 0xe0, 0x1f, 0xfc, 0x42, 0xb8, 0x0, 0xff,
    0xe2, 0x9b, 0xbc, 0x8, 0xef, 0x10, 0x7, 0xe1,
    0x99, 0xa0, 0xe, 0x66, 0x60, 0xf, 0xc3, 0xdd,
    0x68, 0x57, 0x74, 0x80, 0x1f, 0xfc, 0x7, 0xd,
    0x0, 0xff, 0xe2, 0x60, 0x3b, 0x80, 0x3f, 0xf8,
    0x6c, 0xc9, 0x86, 0x0, 0xff, 0xe0, 0xc8, 0x5b,
    0x32, 0x54, 0x3, 0xfe, 0x46, 0x61, 0x4, 0xa5,
    0x18, 0x57, 0xfd, 0x20, 0x12, 0xd9, 0xc8, 0x5,
    0x54, 0x30, 0x59, 0x99, 0x40, 0x3, 0x45, 0xa0,
    0x18, 0x54, 0x1, 0xec, 0xd7, 0x98, 0x8b, 0x34,
    0x40, 0x3c, 0x3e, 0xa0, 0x12, 0xe0, 0x0,

    /* U+77F3 "石" */
    0x2, 0x44, 0xff, 0xe2, 0x82, 0xdd, 0xff, 0xf1,
    0x28, 0x1b, 0x77, 0x60, 0x96, 0xef, 0xf6, 0x0,
    0x91, 0x67, 0x1a, 0x22, 0xff, 0x0, 0x7b, 0x81,
    0x80, 0x3f, 0xf8, 0x66, 0xac, 0x20, 0x1f, 0xfc,
    0x38, 0x8, 0x0, 0xff, 0xe1, 0xaa, 0x13, 0x3b,
    0xff, 0x28, 0x6, 0x2b, 0x2, 0x88, 0xff, 0x70,
    0x6, 0xe1, 0x6, 0xff, 0xfe, 0x20, 0xd, 0x67,
    0x22, 0x1, 0xff, 0xc1, 0x1c, 0x48, 0x60, 0xf,
    0xfe, 0x10, 0xbc, 0xb8, 0x7, 0xff, 0x12, 0xd8,
    0x3, 0xff, 0x94, 0x46, 0x7f, 0xe0, 0xf, 0xc9,
    0x99, 0xfc, 0x20, 0x1f, 0x97, 0x33, 0xf8, 0x40,
    0x3f, 0x19, 0xff, 0xc0, 0x0,

    /* U+793A "示" */
    0x0, 0x91, 0x3f, 0xf8, 0x40, 0x1d, 0x57, 0x7f,
    0xfc, 0x12, 0x0, 0xd9, 0xbb, 0xff, 0xc1, 0x20,
    0xc, 0x45, 0xff, 0xc2, 0x0, 0xff, 0xe5, 0x23,
    0xbf, 0xff, 0x11, 0x83, 0xa2, 0x3f, 0xf8, 0xa1,
    0x5f, 0xff, 0x28, 0x7f, 0xfd, 0xc0, 0x1f, 0xfc,
    0xb6, 0xb1, 0x0, 0xfa, 0x58, 0x3, 0xe8, 0x61,
    0x0, 0xf8, 0xa4, 0x40, 0x39, 0x86, 0x0, 0x3f,
    0x48, 0x50, 0x7, 0x41, 0x28, 0x7, 0xe2, 0x84,
    0x50, 0xa, 0x86, 0x40, 0x3f, 0xce, 0x30, 0x0,
    0x75, 0x64, 0x0, 0xff, 0xa0, 0x94, 0x30, 0xe4,
    0x3, 0xff, 0x80, 0xc2, 0x41, 0x78, 0x1, 0x44,
    0x48, 0x40, 0x1e, 0xe7, 0x0, 0xf2, 0xbb, 0x8a,
    0x0, 0x3f, 0x0,

    /* U+79C0 "秀" */
    0x0, 0xff, 0xe0, 0x12, 0x3b, 0x80, 0x3c, 0x6a,
    0xd1, 0x35, 0x79, 0xdf, 0xb7, 0x38, 0x40, 0x1c,
    0x97, 0x64, 0x20, 0x23, 0x5b, 0xdf, 0xeb, 0x20,
    0xe, 0x7e, 0xdc, 0xba, 0x92, 0x22, 0x10, 0x7,
    0xe5, 0x66, 0xf8, 0xc9, 0x9b, 0xe3, 0x0, 0x5c,
    0xcf, 0xc2, 0x93, 0x3f, 0x20, 0x3, 0xbf, 0xf5,
    0x3, 0xa, 0x99, 0x67, 0xfe, 0x70, 0xe, 0x19,
    0xa7, 0x93, 0x36, 0x36, 0x40, 0x7, 0xc2, 0xfe,
    0xf7, 0x0, 0x1a, 0xe1, 0xf5, 0xc4, 0x0, 0x55,
    0xd0, 0xfe, 0x80, 0x5, 0xc0, 0x3, 0xf3, 0xc7,
    0x48, 0x1b, 0x3d, 0x37, 0x7f, 0xcf, 0x5f, 0xe5,
    0x1a, 0xd7, 0xd0, 0x1c, 0x84, 0xaa, 0x30, 0x4d,
    0x51, 0x81, 0x0, 0x5, 0x8, 0x1, 0x85, 0x54,
    0x62, 0xca, 0xa0, 0x14, 0x55, 0x80, 0x3f, 0x12,
    0xb8, 0x4, 0x83, 0x55, 0x84, 0x3, 0xe9, 0x8,
    0x0, 0xb7, 0xfe, 0x61, 0x10, 0x7, 0xd, 0xa4,
    0x88, 0x7, 0xca, 0x40, 0x18, 0xa3, 0xd2, 0x58,
    0x3, 0x22, 0xa9, 0xcd, 0x0, 0x32, 0xbb, 0xb5,
    0x80, 0x3b, 0x2a, 0x90, 0x72, 0x1, 0x9f, 0xa4,
    0x80, 0x3d, 0x1f, 0xf6, 0x8, 0x4,

    /* U+79E6 "秦" */
    0x0, 0xfe, 0x89, 0x0, 0xff, 0xe3, 0x31, 0x80,
    0x7f, 0xdb, 0xff, 0xe1, 0x5f, 0xff, 0x80, 0x37,
    0x66, 0x72, 0x85, 0xe6, 0x7c, 0x1, 0x8c, 0x40,
    0x32, 0x1b, 0x80, 0x78, 0xc0, 0x3b, 0xb3, 0x30,
    0x9e, 0x67, 0xc0, 0x1e, 0xcf, 0xf6, 0x8b, 0x7f,
    0xfe, 0x0, 0xdd, 0xdd, 0xa2, 0xdd, 0xdf, 0xe0,
    0x5, 0xde, 0x0, 0x4d, 0x5d, 0xe1, 0x3b, 0xbc,
    0x0, 0x55, 0xa4, 0x6d, 0x9d, 0x8f, 0x7a, 0xb,
    0xd5, 0x60, 0x8, 0xb0, 0xda, 0xbf, 0x72, 0xb,
    0x12, 0x96, 0xc8, 0x2, 0x7d, 0x2c, 0x9d, 0xef,
    0x35, 0xa7, 0x35, 0xb5, 0xd7, 0x2, 0x84, 0xd7,
    0x47, 0x54, 0x17, 0x44, 0xc1, 0xa9, 0x22, 0x5b,
    0x6d, 0x77, 0xc4, 0x77, 0x7c, 0xb7, 0xe2, 0x4,
    0xb, 0xff, 0x30, 0x0, 0x40, 0xf7, 0xfc, 0xc0,
    0x20, 0x1e, 0x2d, 0x6a, 0x35, 0xd0, 0xd7, 0x0,
    0xfc, 0x73, 0xa1, 0xaa, 0x0, 0x2c, 0x88, 0x61,
    0x0, 0x75, 0xe3, 0x3e, 0x90, 0x7, 0x3e, 0xe,
    0x90, 0x6, 0xd8, 0xf8, 0x0, 0xfc, 0x79, 0x24,
    0x0,

    /* U+79FB "移" */
    0x0, 0xe3, 0x81, 0x0, 0xcf, 0x62, 0x1, 0xe2,
    0x6a, 0xec, 0x64, 0x0, 0x96, 0x30, 0x40, 0x3d,
    0x10, 0x11, 0x47, 0x28, 0x1, 0x68, 0x23, 0xfe,
    0xb0, 0xa, 0xba, 0xc0, 0x80, 0x29, 0xa7, 0xaa,
    0x9c, 0x38, 0x3, 0xf8, 0x79, 0xeb, 0x55, 0x48,
    0xca, 0xa0, 0xe, 0x10, 0x30, 0x1b, 0xf0, 0xab,
    0x4f, 0x4a, 0x0, 0xdf, 0xee, 0x9, 0xfd, 0x51,
    0x5b, 0x4b, 0x6a, 0x0, 0xea, 0xa2, 0x83, 0x54,
    0x82, 0x4d, 0xa5, 0x79, 0x0, 0x72, 0xa9, 0x81,
    0xd1, 0x7a, 0x83, 0x2e, 0x68, 0x80, 0x3c, 0x46,
    0x5, 0x83, 0x9d, 0x27, 0x46, 0x5d, 0xd6, 0x80,
    0x54, 0xc1, 0x41, 0x24, 0x0, 0xa4, 0x9a, 0xb8,
    0x16, 0x0, 0xb, 0xd0, 0x1c, 0xd0, 0x26, 0xa6,
    0x32, 0xa8, 0x1, 0xc0, 0x8, 0x23, 0x0, 0x21,
    0xd5, 0xb5, 0x28, 0x0, 0x61, 0x14, 0x9, 0xa0,
    0x3, 0xbe, 0xac, 0x62, 0xcb, 0x2, 0x40, 0x4,
    0x8a, 0x1, 0xca, 0xa0, 0x5b, 0x5d, 0x3c, 0x20,
    0xa, 0xc0, 0x3f, 0xc4, 0x0, 0xd2, 0x0, 0xff,
    0xe0, 0xae, 0xca, 0x71, 0x80, 0x7f, 0xc9, 0x5f,
    0x41, 0x74, 0x20, 0x1f, 0xfc, 0x1, 0x47, 0xcd,
    0x40, 0xf, 0xfb, 0xd4, 0x17, 0xa0, 0xc0, 0x3f,
    0x80,

    /* U+7A0B "程" */
    0x0, 0xf1, 0x98, 0x3, 0xff, 0x84, 0x6d, 0x5d,
    0x9e, 0x1d, 0xff, 0xf8, 0x80, 0x1d, 0x90, 0xa7,
    0xb8, 0x0, 0x5a, 0xae, 0x70, 0xd, 0x9d, 0xc3,
    0x62, 0x0, 0xb5, 0x57, 0xb0, 0x3, 0x10, 0x80,
    0x7f, 0xf1, 0x88, 0xa0, 0x72, 0x20, 0x7, 0xff,
    0x7, 0x76, 0x33, 0x6e, 0x8c, 0x23, 0xff, 0xac,
    0x3, 0x66, 0x28, 0xf, 0x30, 0x75, 0x77, 0xf8,
    0x80, 0x6, 0x6d, 0x1, 0x33, 0x2, 0x27, 0xf0,
    0x7, 0x30, 0x15, 0x84, 0x7f, 0xff, 0x60, 0x4,
    0xc6, 0x64, 0x7b, 0xb5, 0x55, 0x0, 0xd5, 0x54,
    0x0, 0x6, 0x20, 0x0, 0xe5, 0x15, 0x59, 0x83,
    0x15, 0x64, 0x0, 0x59, 0xa8, 0x0, 0xbc, 0x8b,
    0x28, 0x11, 0x61, 0x4, 0x59, 0x0, 0xc2, 0x5b,
    0xb5, 0x84, 0x6e, 0xc8, 0x9, 0x8, 0x1, 0xc5,
    0xdd, 0x60, 0x47, 0x74, 0xa0, 0x7, 0x0, 0xf8,
    0x46, 0x20, 0x21, 0x18, 0x3, 0xf8, 0x55, 0x73,
    0x86, 0x2a, 0xe1, 0x0, 0xf9, 0x2a, 0xb4, 0x83,
    0x55, 0x65, 0x0, 0xf9, 0x7f, 0xff, 0xe4,

    /* U+7CD6 "糖" */
    0x0, 0x89, 0x0, 0x3e, 0x43, 0x0, 0xf9, 0x2,
    0xa0, 0x18, 0xc0, 0x31, 0xe1, 0x80, 0x7a, 0x4c,
    0x2, 0x97, 0xee, 0xd0, 0x19, 0xdd, 0x80, 0x9,
    0x60, 0x3, 0x14, 0x17, 0xbb, 0x54, 0x4d, 0xde,
    0x0, 0x79, 0x80, 0x2d, 0xc0, 0x18, 0xab, 0x48,
    0x2a, 0xe0, 0x2, 0x80, 0x45, 0x40, 0x15, 0x7f,
    0x86, 0x7f, 0xe2, 0x0, 0x1d, 0x80, 0x28, 0xc0,
    0x2b, 0xdd, 0xb, 0xee, 0x0, 0x43, 0xfe, 0x73,
    0xff, 0x18, 0x69, 0x8, 0xf3, 0x2, 0x88, 0x3b,
    0x80, 0x5d, 0xc4, 0xb, 0xdd, 0x3, 0xf4, 0x4,
    0x28, 0xc5, 0x0, 0x26, 0x4, 0x23, 0x76, 0x18,
    0xdc, 0xd, 0x40, 0x5, 0x0, 0xe8, 0x4, 0x39,
    0xfe, 0x19, 0xfe, 0x0, 0xe5, 0x32, 0x18, 0x20,
    0x7d, 0xd8, 0x5f, 0x76, 0x20, 0x2, 0x9a, 0xc,
    0x33, 0x0, 0x80, 0xcc, 0x1e, 0x67, 0x0, 0x50,
    0xc0, 0x5, 0xd3, 0x1, 0xfe, 0xe0, 0xc7, 0x74,
    0x60, 0x85, 0x20, 0x11, 0xe2, 0x0, 0x23, 0x77,
    0x58, 0x4, 0x94, 0x20, 0x19, 0x30, 0x0, 0x24,
    0x59, 0x40, 0x32, 0x80, 0x67, 0x5, 0x0, 0x72,
    0x27, 0x0, 0x7f, 0x4a, 0x10, 0x1, 0xee, 0xf5,
    0x0, 0x7f, 0x44, 0x0, 0x29, 0xff, 0xdc, 0x1,
    0xe8, 0xc0, 0x63, 0x0, 0x73, 0x0, 0x61, 0xf3,
    0x0,

    /* U+7CFB "系" */
    0x0, 0xff, 0xe0, 0x12, 0xc1, 0x80, 0x42, 0x46,
    0xac, 0xf1, 0x57, 0xbf, 0xb4, 0xd4, 0x1, 0x56,
    0xe5, 0x4c, 0x9d, 0x4a, 0xa9, 0x9d, 0xc9, 0x0,
    0xab, 0x7b, 0xfc, 0x81, 0x72, 0xea, 0x62, 0x1,
    0xc2, 0x42, 0x2b, 0x4c, 0x40, 0x2, 0x75, 0x80,
    0x7c, 0x9e, 0x1e, 0x60, 0x31, 0x6b, 0x40, 0x1e,
    0x8b, 0x15, 0xff, 0xb9, 0xaa, 0xc4, 0x3, 0xd8,
    0xf1, 0x70, 0x40, 0xbe, 0xa7, 0x0, 0x1e, 0x48,
    0x7d, 0x97, 0xda, 0x10, 0x16, 0xa0, 0xe, 0x18,
    0xe4, 0xa9, 0x65, 0x67, 0xa5, 0x55, 0x80, 0x53,
    0xce, 0x27, 0x59, 0x75, 0x76, 0x32, 0x74, 0xa0,
    0x6, 0x3c, 0xd6, 0x6f, 0xb0, 0xee, 0x5c, 0xc5,
    0x29, 0x82, 0xc3, 0x65, 0x10, 0x7, 0x53, 0x82,
    0xf1, 0x80, 0x50, 0xdc, 0x1, 0xed, 0x8a, 0x1,
    0x0, 0xa1, 0xd9, 0xc0, 0x3c, 0xf4, 0xba, 0x20,
    0x38, 0xee, 0x90, 0xf, 0xcb, 0x87, 0xe4, 0x61,
    0x30, 0x6, 0xee, 0x50, 0xe, 0x3c, 0x36, 0x2c,
    0x60, 0xa, 0x20, 0x30, 0x1, 0xc5, 0xa8,

    /* U+7D20 "素" */
    0x0, 0xfe, 0x76, 0x0, 0xff, 0x11, 0x9f, 0xaa,
    0x86, 0x7f, 0x0, 0x5f, 0x99, 0xe2, 0x3c, 0xcf,
    0x80, 0x2d, 0xff, 0xf1, 0xa7, 0xff, 0xc0, 0x1b,
    0x3f, 0xf8, 0xd3, 0xff, 0xb4, 0x3, 0xbb, 0x77,
    0x88, 0xf7, 0x7b, 0xc0, 0x23, 0x30, 0x8f, 0x80,
    0x2, 0x3e, 0x33, 0x6, 0xe6, 0x7c, 0x47, 0x99,
    0xf8, 0x3b, 0xff, 0x6a, 0x4, 0xff, 0xd5, 0xff,
    0xc0, 0x19, 0x2b, 0x46, 0xd5, 0x1b, 0x69, 0x80,
    0x3e, 0x5b, 0x50, 0x4a, 0xcb, 0x95, 0xe6, 0x0,
    0xf9, 0x77, 0xf1, 0xc4, 0xa3, 0xa0, 0xb9, 0xc0,
    0x3c, 0x4b, 0xb8, 0x55, 0xe8, 0xaa, 0x62, 0x8b,
    0x10, 0xb, 0x75, 0x4, 0x9, 0x5b, 0x93, 0x2e,
    0x66, 0x2e, 0x8, 0x2, 0x2a, 0xed, 0xbf, 0xe9,
    0xd, 0xca, 0xa4, 0xe3, 0x80, 0x4a, 0xa0, 0xae,
    0x0, 0xf6, 0x6a, 0x95, 0x8, 0x0, 0x66, 0xd3,
    0x0, 0x3d, 0x89, 0x58, 0x40, 0x8, 0xe7, 0x9a,
    0x26, 0x5c, 0x0, 0x86, 0x70, 0x75, 0x43, 0x1f,
    0x98, 0xe, 0x69, 0xe0, 0x3, 0x1e, 0xba, 0x0,

    /* U+7D27 "紧" */
    0x0, 0xc6, 0xc0, 0x1f, 0xfc, 0x18, 0x40, 0x48,
    0x5, 0xff, 0xfc, 0xe0, 0x6, 0x30, 0xc, 0x94,
    0xf, 0x77, 0x20, 0xb0, 0x7, 0xe1, 0x56, 0x54,
    0x40, 0x24, 0x88, 0x7, 0xfa, 0x3, 0x1a, 0xd9,
    0xc0, 0x3f, 0xe1, 0x83, 0x94, 0x90, 0xf, 0xf1,
    0xbe, 0x51, 0xa2, 0x31, 0x88, 0x1, 0x6a, 0x1,
    0x2e, 0x4a, 0xde, 0x5d, 0x82, 0x75, 0x81, 0x48,
    0x1d, 0x29, 0xba, 0x51, 0x81, 0x33, 0xa9, 0x80,
    0x25, 0xd7, 0xb9, 0x4, 0xd9, 0x70, 0x0, 0xa8,
    0x4, 0xf4, 0x44, 0xbf, 0xf5, 0x8e, 0x39, 0x80,
    0x79, 0xaa, 0xdc, 0x40, 0xeb, 0xd, 0xb1, 0xc0,
    0x3c, 0x52, 0xeb, 0x7a, 0xe6, 0x62, 0x48, 0xa0,
    0xb, 0x3a, 0x8, 0x12, 0xfb, 0x73, 0x14, 0xc6,
    0xb6, 0x0, 0x47, 0x89, 0xbc, 0xd5, 0x1f, 0xf7,
    0x6e, 0x5b, 0x88, 0x44, 0x16, 0xfc, 0xc8, 0xc0,
    0x5, 0xb0, 0x9, 0x82, 0x0, 0x6d, 0x1a, 0x0,
    0xe2, 0x86, 0xe5, 0x0, 0x2e, 0xcb, 0xe0, 0x22,
    0x8, 0x2, 0x5e, 0x7a, 0xa0, 0x3b, 0xb6, 0x0,
    0xee, 0xcb, 0x0, 0x1a, 0x68, 0xc0,

    /* U+7EA2 "红" */
    0x0, 0xc9, 0x22, 0x1, 0xff, 0xc5, 0x87, 0x10,
    0xf, 0xfe, 0x22, 0x1c, 0x80, 0x27, 0xff, 0xfa,
    0x80, 0x37, 0x8b, 0x80, 0x31, 0xde, 0x50, 0x47,
    0x7b, 0xc0, 0x24, 0x45, 0x81, 0x1a, 0xc4, 0x52,
    0x1d, 0x11, 0x28, 0x5, 0x4a, 0xa0, 0xed, 0x10,
    0xf, 0xfe, 0x5, 0x8f, 0xac, 0x9d, 0x88, 0x7,
    0xfc, 0x68, 0x15, 0x46, 0x55, 0x0, 0x7f, 0xf0,
    0xe, 0x73, 0x48, 0x6c, 0x3, 0xff, 0x84, 0xc7,
    0x5, 0x82, 0x1, 0xff, 0xc3, 0x85, 0xb2, 0x1,
    0x0, 0xff, 0xe0, 0xc3, 0x97, 0xef, 0xf0, 0x7,
    0xff, 0x0, 0x5c, 0xc, 0x12, 0x70, 0x3, 0xff,
    0x80, 0x37, 0xdc, 0xb9, 0x63, 0x0, 0xff, 0xe0,
    0xa0, 0x80, 0x42, 0x60, 0x1f, 0xfc, 0x11, 0x47,
    0xad, 0xed, 0x0, 0xce, 0x6, 0x1, 0xc7, 0xd7,
    0xe, 0xe9, 0xdd, 0x7f, 0xd6, 0x13, 0xff, 0x84,
    0xde, 0xbb, 0x69, 0x8e, 0xe2, 0x3f, 0xc2,

    /* U+7EDD "绝" */
    0x0, 0xff, 0xe6, 0x3d, 0x80, 0x61, 0xf6, 0x0,
    0xff, 0xa4, 0x3, 0xa0, 0x1c, 0x3, 0xfc, 0xa3,
    0x0, 0x10, 0xb0, 0x77, 0xfc, 0xe0, 0x1e, 0x94,
    0x30, 0xa, 0x2, 0xaa, 0x50, 0x40, 0xe, 0x53,
    0x80, 0x42, 0x36, 0x95, 0x59, 0xd4, 0xc0, 0x3a,
    0xd8, 0xc2, 0xa7, 0x45, 0x8, 0x8e, 0x5c, 0x44,
    0x0, 0xa8, 0x75, 0x68, 0x30, 0x45, 0xbb, 0x40,
    0x5e, 0xe8, 0x0, 0x6a, 0x17, 0x4b, 0x6f, 0x81,
    0x5b, 0x41, 0x9b, 0x0, 0x11, 0xce, 0x69, 0x2a,
    0x80, 0x41, 0x89, 0x80, 0x8a, 0x0, 0xcc, 0x70,
    0x14, 0x1, 0xff, 0xc4, 0x84, 0xf0, 0x35, 0x0,
    0x31, 0x30, 0x11, 0x40, 0x1a, 0x1c, 0xff, 0xd9,
    0x20, 0xa, 0xda, 0xc, 0xd8, 0x0, 0x85, 0xc5,
    0xea, 0xfb, 0x0, 0x15, 0xbb, 0xf0, 0x0, 0x77,
    0xa9, 0xd0, 0x40, 0x26, 0x22, 0xf8, 0x2, 0x20,
    0x8, 0xde, 0x84, 0x3, 0xf1, 0x40, 0x1, 0xa7,
    0x3f, 0x2c, 0xc0, 0x3f, 0x9d, 0xc0, 0x32, 0xa9,
    0x7f, 0x92, 0x41, 0xa, 0xbe, 0x93, 0x1, 0xfc,
    0x84, 0x0, 0x86, 0x16, 0xab, 0xc3, 0xe0,

    /* U+7F57 "罗" */
    0xe, 0xff, 0xff, 0xe1, 0x40, 0x1, 0x6a, 0x8e,
    0x13, 0x54, 0x50, 0xaa, 0x80, 0x40, 0x4, 0xaa,
    0xc0, 0x75, 0x56, 0x8a, 0xac, 0x20, 0x1f, 0xfc,
    0x83, 0x66, 0x68, 0x33, 0x5a, 0x2c, 0xd0, 0x80,
    0x9, 0xae, 0xc8, 0x13, 0x76, 0x72, 0xbb, 0x88,
    0x43, 0x37, 0x6c, 0x15, 0xdd, 0xfd, 0x0, 0x18,
    0x70, 0x75, 0x13, 0xe0, 0xe, 0x3c, 0x20, 0x9b,
    0xbf, 0x9c, 0x0, 0x33, 0x83, 0xdf, 0xff, 0x28,
    0xb0, 0xf, 0xb3, 0xe3, 0x38, 0x7, 0x32, 0xc0,
    0x80, 0xc6, 0xc0, 0xc, 0x50, 0x4, 0x92, 0xac,
    0x1, 0x31, 0x0, 0x1a, 0xd7, 0x1, 0xad, 0xa8,
    0x3, 0xf9, 0x30, 0xfa, 0x66, 0x0, 0xff, 0x2c,
    0x1, 0xe3, 0x0, 0x7c, 0x4b, 0x3d, 0x4f, 0x7a,
    0x60, 0x1e, 0x4e, 0xda, 0x47, 0xcc, 0x20, 0x7,
    0xe4, 0x9a, 0xed, 0x93, 0x0, 0xff, 0x0,

    /* U+7FD4 "翔" */
    0x3, 0x90, 0xa, 0x5c, 0x3, 0xff, 0x82, 0xc6,
    0x2, 0xc1, 0x5f, 0xf8, 0xbf, 0xf7, 0x1, 0x95,
    0x3, 0x8b, 0xf4, 0xc9, 0xc0, 0x13, 0x32, 0x0,
    0x57, 0xe1, 0x6c, 0x8, 0xcc, 0xa0, 0x3, 0x35,
    0x80, 0xf, 0x99, 0x79, 0x3f, 0x89, 0x80, 0x64,
    0x10, 0xd, 0x33, 0x2, 0xcc, 0x97, 0x40, 0x37,
    0xb0, 0x6, 0x66, 0x83, 0x19, 0x88, 0x6a, 0x1,
    0x75, 0x0, 0x61, 0x18, 0x4, 0x60, 0xae, 0x0,
    0x94, 0x8c, 0x2, 0xae, 0xe0, 0x47, 0x60, 0x28,
    0x8, 0x4, 0xce, 0x1, 0x4e, 0x60, 0x1f, 0x38,
    0xa, 0xc4, 0x2, 0x94, 0xe0, 0x1, 0x19, 0x83,
    0x8c, 0xc0, 0x15, 0x80, 0x67, 0x60, 0x1, 0x10,
    0xc0, 0x48, 0x80, 0xb, 0x60, 0xa, 0x61, 0x0,
    0xb7, 0x58, 0x11, 0xb8, 0x3a, 0xf6, 0x3, 0x6f,
    0xb8, 0x5, 0xba, 0x70, 0xbd, 0xd7, 0xb6, 0x30,
    0x8, 0x61, 0x0, 0x44, 0x44, 0x24, 0x23, 0xab,
    0x0, 0xd6, 0x40, 0x1c, 0x87, 0x60, 0x12, 0x0,
    0x7f, 0xc9, 0x68, 0xc0, 0x19, 0x11, 0x40, 0x62,
    0x66, 0xd0, 0x4, 0xa5, 0x0, 0x77, 0xdb, 0x28,
    0x9e, 0x61, 0x64, 0x32, 0xc4, 0x3, 0xaf, 0xfa,
    0x80, 0xbb, 0x9e, 0xe0,

    /* U+8054 "联" */
    0x0, 0xff, 0x20, 0x7, 0x28, 0x80, 0x5f, 0xff,
    0x30, 0xd5, 0x0, 0x26, 0xa5, 0x0, 0xa4, 0x16,
    0x64, 0x48, 0x81, 0xb5, 0x40, 0x18, 0x64, 0x0,
    0x98, 0x3d, 0x9a, 0x22, 0x2, 0xa6, 0x4, 0x4,
    0x80, 0x7f, 0xf0, 0x2f, 0x1d, 0x31, 0x83, 0x30,
    0x40, 0x1a, 0xbf, 0xc8, 0x0, 0xc4, 0x43, 0x9b,
    0xb2, 0x20, 0xc0, 0x33, 0xdd, 0x88, 0x0, 0xf1,
    0xd, 0x9, 0x88, 0x84, 0x3, 0x6a, 0x21, 0x80,
    0x3f, 0xfb, 0x1e, 0xee, 0x60, 0x37, 0x7b, 0x1,
    0x9d, 0xf0, 0x6, 0x4a, 0xa1, 0x2, 0xc4, 0x4a,
    0x11, 0x1c, 0x1, 0xaf, 0x74, 0x80, 0xdf, 0xf2,
    0x6, 0x7f, 0xe0, 0xf, 0xfe, 0xa, 0x85, 0x0,
    0x7f, 0x89, 0xd6, 0x88, 0x14, 0x51, 0x84, 0x3,
    0xc, 0x5, 0xfe, 0x99, 0x84, 0x1, 0x23, 0x65,
    0x60, 0x18, 0x5c, 0xde, 0x2c, 0xda, 0xc9, 0xce,
    0xc2, 0x55, 0x80, 0x37, 0xe4, 0xba, 0x38, 0x1,
    0x61, 0x14, 0x11, 0x65, 0x80, 0x3f, 0xcf, 0x47,
    0x60, 0x15, 0x24, 0xd8, 0x7, 0xf6, 0x26, 0x0,
    0x75, 0xb9, 0x80, 0x7d, 0x73, 0x76, 0x0, 0xfa,
    0x20, 0x0,

    /* U+8096 "肖" */
    0x0, 0xfa, 0xdc, 0x3, 0x8, 0x0, 0x76, 0x0,
    0x32, 0xf0, 0x6, 0xcc, 0x0, 0xab, 0xa0, 0x7,
    0xe6, 0x29, 0x0, 0x41, 0xd0, 0x7, 0xc5, 0x2a,
    0xa0, 0xb, 0xc5, 0xc0, 0x3d, 0xc5, 0x40, 0x10,
    0x89, 0xd0, 0x88, 0x6, 0x44, 0x48, 0x20, 0x9,
    0xb5, 0xf3, 0x74, 0x2b, 0xba, 0x7a, 0xd1, 0x0,
    0xd7, 0x99, 0xf9, 0xc0, 0x3c, 0x86, 0x7f, 0xb8,
    0x3, 0xdf, 0xdd, 0xfa, 0x40, 0x3d, 0x37, 0x7f,
    0x98, 0x3, 0xcc, 0xab, 0xfb, 0xc0, 0x3c, 0x89,
    0xfd, 0xc0, 0x1e, 0xbb, 0xfe, 0x70, 0xf, 0x77,
    0xff, 0xe9, 0x0, 0xf0, 0x80, 0x7f, 0xf6, 0x51,
    0x99, 0xa0, 0x20, 0x1f, 0xe3, 0x99, 0x2b, 0x80,
    0x0,

    /* U+809D "肝" */
    0x0, 0x19, 0xf8, 0x3, 0xff, 0x85, 0xd9, 0x9c,
    0x1d, 0xff, 0xf9, 0x80, 0x33, 0x6e, 0xa0, 0x0,
    0xce, 0xe6, 0x3, 0x77, 0x94, 0x3, 0x71, 0x14,
    0x0, 0x88, 0xc1, 0x71, 0x11, 0x80, 0x7f, 0xf3,
    0x35, 0x55, 0x80, 0x1f, 0xfc, 0x45, 0xaa, 0x30,
    0x7, 0xff, 0x11, 0xff, 0xd4, 0x1, 0xff, 0xc4,
    0xf0, 0xc, 0xd9, 0x98, 0x27, 0x33, 0x0, 0x46,
    0x1, 0xfc, 0x20, 0x1f, 0xec, 0x77, 0x78, 0x36,
    0x65, 0xa1, 0x39, 0x98, 0x2, 0x14, 0x88, 0x28,
    0x7, 0xff, 0x12, 0xff, 0xd4, 0x1, 0xff, 0xc2,
    0x10, 0x60, 0xf, 0xfe, 0x2a, 0x81, 0x0, 0x7f,
    0xf1, 0x4c, 0x40, 0x3f, 0xf8, 0xd8, 0x80, 0x1f,
    0xfc, 0x51, 0x4f, 0x6, 0x99, 0x0, 0x7f, 0xf0,
    0x8d, 0x0, 0x8, 0x14, 0x1, 0xff, 0xc0, 0x1c,
    0x10, 0x6d, 0xc5, 0x0, 0xc3, 0xee, 0x1, 0xc0,

    /* U+80BE "肾" */
    0x0, 0xd2, 0x40, 0x23, 0xf1, 0x0, 0x29, 0x40,
    0x59, 0x89, 0xdd, 0xf6, 0xb8, 0x21, 0x0, 0x65,
    0x61, 0xcc, 0xca, 0x2e, 0x1, 0xf0, 0xc0, 0x59,
    0x99, 0xd6, 0x40, 0x3f, 0x86, 0xdd, 0xc9, 0x6a,
    0xe0, 0x1f, 0xe5, 0x88, 0x5a, 0x50, 0x7, 0xfc,
    0xd2, 0x0, 0x48, 0x20, 0xf, 0xd7, 0xf2, 0x5b,
    0xca, 0xfb, 0xa8, 0xf7, 0x0, 0x13, 0x9a, 0xe6,
    0x8, 0x6b, 0x18, 0xf8, 0x44, 0x8b, 0x2f, 0x9c,
    0xe8, 0x99, 0xe7, 0x98, 0x1a, 0xea, 0xbf, 0xae,
    0xc2, 0x1, 0xdd, 0xdf, 0xd4, 0x1, 0xf7, 0xff,
    0xf5, 0x0, 0x7d, 0xdd, 0xfd, 0x20, 0x1f, 0x22,
    0x7f, 0x78, 0x7, 0xd3, 0x3f, 0xc8, 0x1, 0xf6,
    0x67, 0xf4, 0x0, 0x7f, 0xf0, 0x44, 0xcd, 0xa0,
    0x1f, 0xfc, 0x13, 0xcc, 0x33, 0x4, 0x0,

    /* U+80BF "肿" */
    0x0, 0xff, 0xe0, 0x12, 0x80, 0x78, 0x7f, 0xf8,
    0xc0, 0x32, 0x50, 0x80, 0x7d, 0x17, 0x20, 0x1f,
    0xfc, 0x44, 0x48, 0x3, 0xff, 0x92, 0x93, 0x35,
    0x4, 0x4c, 0xc6, 0x1, 0x5a, 0xa8, 0x0, 0x6c,
    0xee, 0x20, 0x77, 0x99, 0x40, 0x27, 0xa8, 0x0,
    0x87, 0xb9, 0x1, 0xfd, 0xc0, 0xe, 0xcf, 0xd0,
    0xf, 0xff, 0x41, 0x84, 0xca, 0x0, 0x21, 0x55,
    0x60, 0x3a, 0xb0, 0x4, 0x20, 0xea, 0xe0, 0x1a,
    0xa8, 0xa1, 0x35, 0x20, 0x13, 0x86, 0xe7, 0x80,
    0x43, 0xdc, 0x80, 0xde, 0xd0, 0x8, 0x84, 0x3,
    0x96, 0x84, 0x60, 0x31, 0x2c, 0x70, 0xf3, 0x0,
    0xe2, 0x40, 0xf, 0x8c, 0x41, 0x58, 0x3, 0xff,
    0x88, 0x27, 0x82, 0xd4, 0x2, 0x1, 0xff, 0x28,
    0x20, 0x4b, 0xa9, 0x0, 0x7f, 0xc9, 0x6, 0x3f,
    0xea, 0x0, 0xff, 0xe0, 0xb8, 0x7, 0xf9, 0xbc,
    0x40, 0x30,

    /* U+80E1 "胡" */
    0x0, 0x87, 0x14, 0x3, 0xff, 0x88, 0x66, 0x0,
    0xc8, 0xef, 0xe2, 0x0, 0xff, 0x64, 0x4c, 0xe8,
    0x60, 0xf, 0xf8, 0x7b, 0xac, 0x0, 0x5e, 0x64,
    0x11, 0x99, 0x8, 0x7, 0xe3, 0x44, 0x81, 0x51,
    0x21, 0x0, 0x11, 0x4c, 0x0, 0x88, 0xc1, 0xb1,
    0x10, 0x0, 0x77, 0x6b, 0x0, 0xff, 0xe0, 0x8e,
    0xed, 0x60, 0x1f, 0xfc, 0x1, 0x2, 0x29, 0x80,
    0x2c, 0xc6, 0x85, 0xe6, 0x8, 0x0, 0x60, 0x1f,
    0x18, 0x2b, 0x23, 0x98, 0x81, 0x99, 0x9a, 0x50,
    0xd, 0x53, 0x34, 0x0, 0x4c, 0x33, 0x34, 0x0,
    0x7f, 0xf0, 0xd, 0xff, 0xed, 0x0, 0xff, 0x8c,
    0x30, 0x3, 0xf7, 0xa2, 0x60, 0x5, 0x82, 0x0,
    0x7e, 0x6b, 0xba, 0x1, 0xd9, 0x40, 0x3f, 0xa7,
    0xff, 0xb4, 0x60, 0x0, 0xcc, 0xa0, 0xa, 0x50,
    0x3, 0x13, 0x49, 0x0, 0x36, 0x59, 0x50, 0x18,
    0x80, 0x31, 0x73, 0x0, 0x57, 0xfd, 0x40,

    /* U+80F0 "胰" */
    0x0, 0xff, 0xe0, 0x2e, 0x0, 0x7e, 0xff, 0xe2,
    0x0, 0xc4, 0x60, 0x1f, 0xcf, 0x70, 0x3, 0xff,
    0xa0, 0x3f, 0xf6, 0x80, 0x6c, 0x44, 0x0, 0xdd,
    0xe6, 0xb, 0xbd, 0xc0, 0x1f, 0xca, 0xcd, 0x8,
    0x33, 0x63, 0x0, 0xda, 0xb6, 0x0, 0x4d, 0xd9,
    0xc3, 0x77, 0x10, 0x6, 0x6a, 0x70, 0x2, 0xff,
    0xd0, 0x1f, 0xeb, 0x0, 0xf5, 0x7e, 0x0, 0x48,
    0x97, 0x2, 0x20, 0x80, 0x3c, 0x20, 0x18, 0xee,
    0xe6, 0xb, 0xb4, 0x80, 0x7f, 0xcc, 0x1f, 0xe8,
    0x1f, 0xfc, 0x40, 0x1b, 0x5a, 0xc0, 0x4, 0x28,
    0x8c, 0x4, 0x4c, 0x60, 0x1, 0x6, 0x97, 0x0,
    0x70, 0xdd, 0x90, 0x6e, 0xf4, 0x0, 0x8, 0x37,
    0xf0, 0x1, 0x3f, 0xee, 0x0, 0x77, 0xf9, 0x4,
    0x0, 0xc0, 0x40, 0x1f, 0x30, 0xc, 0x0, 0x18,
    0x80, 0x4, 0x40, 0xf, 0x8a, 0x1a, 0xda, 0x3c,
    0x2c, 0x1, 0x8e, 0x1, 0xe3, 0xc2, 0x95, 0x53,
    0xd6, 0x98, 0xa, 0x79, 0x35, 0x80, 0x23, 0xf,
    0x0, 0x14, 0xb5, 0x6a, 0x6, 0x2a, 0x12, 0xea,
    0xce, 0xed, 0x10, 0xa, 0xa8, 0xdc, 0x5, 0xc0,
    0x5f, 0xea, 0x4f, 0x80, 0xf, 0x2e, 0xd8, 0x0,

    /* U+810F "脏" */
    0x0, 0x8, 0xf0, 0x7, 0x2d, 0x0, 0x7c, 0x5d,
    0xdc, 0x20, 0x19, 0xd6, 0x0, 0x3f, 0x5f, 0x50,
    0x7, 0x89, 0xc8, 0x3, 0xf3, 0x8b, 0x0, 0x1b,
    0xff, 0x3a, 0xff, 0xe0, 0xf, 0xfa, 0x26, 0x68,
    0x84, 0xcc, 0x1, 0x91, 0x50, 0x3, 0x3b, 0x35,
    0x2, 0xcd, 0x0, 0x68, 0xa8, 0x0, 0xff, 0xe2,
    0xe7, 0xe0, 0x7, 0xff, 0x34, 0x46, 0x1, 0x18,
    0x2, 0x10, 0x10, 0xf, 0xbb, 0xa0, 0x8e, 0xe3,
    0x80, 0x6c, 0xdd, 0x0, 0x4, 0x1, 0x99, 0x3,
    0x66, 0x18, 0x0, 0xe1, 0x36, 0xc0, 0xf, 0x0,
    0x19, 0xc1, 0xe6, 0x61, 0x0, 0xce, 0xd6, 0x0,
    0x12, 0x0, 0xff, 0x88, 0x40, 0x38, 0xc4, 0x3,
    0xfe, 0xe2, 0x0, 0xe7, 0x50, 0xf, 0xf8, 0xd4,
    0x3, 0x11, 0x30, 0x3, 0xfe, 0x4d, 0x4, 0xb0,
    0xb0, 0x47, 0x7c, 0x1a, 0xef, 0x1, 0x82, 0x7,
    0xba, 0x82, 0xd, 0x44, 0x40, 0x91, 0x10, 0x1f,
    0x0, 0x2f, 0xea, 0x2c, 0x37, 0xff, 0xf0, 0x0,

    /* U+82B3 "芳" */
    0x0, 0xc3, 0x88, 0x1, 0xd8, 0xa0, 0x1f, 0xe3,
    0x10, 0xc, 0x26, 0x60, 0xe, 0xaf, 0xfb, 0x82,
    0xbf, 0xf7, 0x4, 0xff, 0xe0, 0x9a, 0xaa, 0x41,
    0xaa, 0xb4, 0x82, 0xd5, 0x60, 0x35, 0x59, 0xc3,
    0x14, 0x5, 0x5c, 0x31, 0x57, 0x0, 0x70, 0xda,
    0x7, 0xd0, 0xd, 0xb8, 0x7, 0xf9, 0x4, 0x24,
    0x54, 0x10, 0x40, 0x39, 0xbf, 0xfe, 0xc0, 0xaf,
    0xff, 0x70, 0x2c, 0x46, 0x70, 0x48, 0x8f, 0xf0,
    0x1b, 0xbe, 0xc0, 0xe7, 0x7f, 0xe6, 0x0, 0xf1,
    0x0, 0x80, 0x7f, 0xf1, 0x34, 0x2f, 0xff, 0xec,
    0x0, 0xf8, 0x50, 0xee, 0xfe, 0x16, 0x0, 0xfa,
    0x42, 0x11, 0x3e, 0x12, 0x0, 0xf2, 0xba, 0x20,
    0x3, 0xc4, 0x1a, 0x1, 0xc9, 0x43, 0x40, 0x1f,
    0x20, 0x38, 0x4, 0x75, 0x65, 0xe2, 0x1, 0x2a,
    0xcd, 0x4, 0x40, 0x9, 0x52, 0x34, 0x40, 0x36,
    0x55, 0x24, 0xe4, 0x3, 0x37, 0x38, 0x7, 0xa7,
    0xfe, 0xd4, 0x0, 0xc0,

    /* U+82CF "苏" */
    0x0, 0xc7, 0xa6, 0x1, 0x8b, 0x50, 0x3, 0xfc,
    0x4e, 0x1, 0x84, 0x80, 0x3d, 0x5f, 0xf6, 0x5,
    0xff, 0xec, 0xb, 0xff, 0xb8, 0x3a, 0x66, 0x60,
    0x69, 0x9c, 0xe0, 0xd3, 0x34, 0x2, 0x33, 0x54,
    0x1a, 0xcd, 0xac, 0x35, 0x9b, 0x0, 0x70, 0xab,
    0x24, 0x0, 0x5, 0x5c, 0x3, 0xf8, 0xa8, 0xb5,
    0xc0, 0x5, 0x46, 0x1, 0xe2, 0x77, 0xe5, 0x7,
    0x7e, 0x40, 0xe, 0x78, 0x8e, 0x30, 0x88, 0xed,
    0x0, 0xe5, 0xff, 0xe1, 0x6f, 0xfc, 0x2, 0x1,
    0xf3, 0x0, 0x8, 0x7c, 0x2, 0x10, 0x3, 0x88,
    0x6, 0x49, 0x30, 0x40, 0x40, 0x8, 0xc3, 0xe6,
    0x0, 0x34, 0xa9, 0x85, 0x99, 0x0, 0x42, 0x5,
    0x6c, 0x40, 0xb, 0x3b, 0x6, 0x28, 0x0, 0xce,
    0x2, 0xa5, 0x0, 0x4b, 0xa2, 0x92, 0x88, 0x0,
    0xc4, 0xe, 0x14, 0xc0, 0x5c, 0x6d, 0x65, 0x40,
    0x1d, 0xe0, 0x60, 0xf8, 0x0, 0x5c, 0x95, 0xd1,
    0x0, 0x2a, 0x2b, 0x98, 0x7, 0x15, 0x3d, 0xd0,
    0x6, 0x8b, 0xa3, 0xf0, 0xe, 0x2f, 0xb4, 0x0,
    0xed, 0xff, 0x69, 0x80, 0x70,

    /* U+82D7 "苗" */
    0x0, 0xc7, 0x64, 0x1, 0x92, 0xc4, 0x3, 0xf3,
    0xa0, 0x7, 0xa, 0x0, 0x73, 0x3b, 0xda, 0x14,
    0xef, 0xbc, 0x25, 0xde, 0x68, 0x8c, 0xc0, 0xf1,
    0x19, 0x41, 0xe2, 0x2a, 0xef, 0xfa, 0xc3, 0x7f,
    0xf5, 0x7, 0x7f, 0xd8, 0x1, 0xff, 0xca, 0x5c,
    0x30, 0xc, 0x98, 0x1, 0xf7, 0xfb, 0xb3, 0xbf,
    0xf7, 0x67, 0x7f, 0x80, 0x39, 0x6a, 0xb0, 0xa5,
    0x56, 0x50, 0xf, 0x6a, 0xae, 0x32, 0x55, 0xc4,
    0x1, 0xff, 0xcc, 0xd6, 0x6c, 0x6a, 0xcd, 0x8c,
    0x3, 0xcb, 0x33, 0x84, 0xe6, 0x72, 0x0, 0x7a,
    0x3f, 0xf1, 0x37, 0xfe, 0x70, 0xf, 0xfe, 0xf6,
    0x33, 0x63, 0x56, 0x6c, 0x60, 0x1e, 0x48, 0x8c,
    0x5, 0x11, 0x90, 0x3, 0xd1, 0xdd, 0xfe, 0x70,
    0x8,

    /* U+82E5 "若" */
    0x0, 0xe4, 0xe2, 0x0, 0xc7, 0xc6, 0x1, 0xfe,
    0x11, 0x0, 0x70, 0x80, 0x7a, 0xff, 0xeb, 0xc,
    0xff, 0xd8, 0x19, 0xff, 0x60, 0x74, 0x44, 0xc0,
    0xd1, 0x19, 0x81, 0xa2, 0x2a, 0x5, 0x77, 0xb4,
    0x29, 0x15, 0xdd, 0x41, 0x4e, 0xf3, 0x0, 0x72,
    0xc9, 0x77, 0x80, 0xa, 0x48, 0x3, 0xf8, 0x58,
    0x89, 0x40, 0x1, 0x61, 0x0, 0xee, 0xff, 0xec,
    0x8, 0xff, 0xfe, 0x8, 0x99, 0xcc, 0xb, 0x33,
    0xfe, 0x6, 0x6c, 0xe8, 0x54, 0xcd, 0xfe, 0x0,
    0xea, 0x29, 0x0, 0xff, 0xe1, 0xc2, 0x5, 0xff,
    0xff, 0x18, 0x6, 0xa7, 0x3, 0x99, 0xfc, 0xc0,
    0x18, 0xf9, 0x60, 0x95, 0x9b, 0xf6, 0x80, 0x43,
    0x81, 0x8e, 0x1, 0xff, 0xc2, 0x1c, 0xf3, 0x0,
    0xff, 0xe2, 0x18, 0x80, 0x4d, 0xff, 0xfa, 0xc0,
    0x3f, 0x8e, 0x67, 0xf3, 0x0, 0x7f, 0x2b, 0x37,
    0xed, 0x0, 0x80,

    /* U+82F1 "英" */
    0x0, 0xe4, 0xc1, 0x0, 0xc5, 0x88, 0x1, 0xfe,
    0x13, 0x0, 0xf1, 0x88, 0x7, 0xa7, 0xfe, 0xa0,
    0xef, 0xfd, 0xa1, 0x5f, 0xf4, 0x0, 0x2a, 0x66,
    0x60, 0x89, 0x9c, 0xe0, 0xd3, 0x35, 0x80, 0xd,
    0x9a, 0xc0, 0x66, 0x8, 0x35, 0x6, 0x33, 0x46,
    0x1, 0xe7, 0x81, 0xa, 0xd0, 0x38, 0x70, 0xf,
    0xc4, 0x62, 0x86, 0x73, 0x99, 0x20, 0x99, 0x80,
    0x3d, 0xd9, 0x9c, 0x27, 0x99, 0xda, 0x1, 0xf2,
    0xf7, 0x62, 0x4e, 0xec, 0xc0, 0x1f, 0xc2, 0x38,
    0x0, 0x23, 0xc0, 0x1f, 0xfc, 0xd6, 0x72, 0x77,
    0xe2, 0x67, 0x7c, 0x82, 0xec, 0x0, 0xa8, 0x12,
    0x88, 0xc0, 0x51, 0x18, 0xc2, 0x20, 0x0, 0xcf,
    0xff, 0x20, 0x11, 0xff, 0xfb, 0x80, 0x3f, 0x42,
    0x47, 0x9d, 0x0, 0x7f, 0xf0, 0xa, 0xdd, 0x9c,
    0xa9, 0x70, 0x80, 0x3f, 0x25, 0xea, 0xcc, 0x80,
    0xb, 0x85, 0xb6, 0x80, 0x1a, 0xfe, 0xd6, 0x39,
    0x80, 0x31, 0xf4, 0x2d, 0xfe, 0x10, 0x6b, 0xe7,
    0x38, 0x7, 0xe7, 0xec, 0x8b, 0x20,

    /* U+8303 "范" */
    0x0, 0xc7, 0x84, 0x1, 0x8b, 0x10, 0x3, 0xf9,
    0x8d, 0x80, 0x33, 0x19, 0x0, 0x76, 0x7f, 0xd4,
    0x17, 0xff, 0xac, 0x27, 0xfe, 0xe0, 0x8a, 0xa9,
    0xc2, 0x2a, 0xb4, 0x3, 0x55, 0x56, 0x8, 0xab,
    0x60, 0x22, 0xae, 0x40, 0xc5, 0x5c, 0x1, 0x30,
    0x2d, 0x98, 0x6, 0x3b, 0x40, 0xf, 0x24, 0xea,
    0x20, 0x2f, 0xff, 0x5f, 0x7f, 0x9c, 0x2, 0x4e,
    0x7a, 0x90, 0x0, 0xc4, 0x78, 0x3, 0xc3, 0x57,
    0x60, 0x1, 0x3b, 0xf8, 0x3, 0x25, 0x10, 0x21,
    0x0, 0x7f, 0xf0, 0x9f, 0x68, 0x80, 0x3f, 0xf8,
    0x49, 0xb2, 0x88, 0x0, 0xf1, 0x33, 0x1c, 0x4,
    0x3, 0x37, 0x3b, 0x0, 0x7a, 0x66, 0x47, 0x0,
    0xf6, 0xc0, 0x7, 0x17, 0xfb, 0xac, 0x40, 0x3a,
    0xcf, 0x40, 0x3f, 0xc7, 0x62, 0x0, 0xb4, 0xb3,
    0x0, 0x8, 0x7, 0xca, 0x80, 0x38, 0x94, 0x80,
    0x2, 0x24, 0x3b, 0xfa, 0x8, 0x4c, 0xa9, 0x40,
    0x2b, 0x47, 0x88, 0xf1, 0xf0, 0x17, 0xa8, 0x6,
    0x2b, 0xff, 0xfb, 0x4c, 0x0,

    /* U+836F "药" */
    0x0, 0xc3, 0x88, 0x1, 0x8b, 0x8, 0x3, 0x9,
    0x14, 0xa6, 0x45, 0xce, 0x6e, 0x45, 0xaf, 0x76,
    0xb0, 0x9d, 0xdd, 0x41, 0x5b, 0xb6, 0x5e, 0xed,
    0x61, 0x1b, 0xba, 0x42, 0xb7, 0x6c, 0x12, 0x20,
    0xb, 0x21, 0x14, 0x9d, 0x8, 0x45, 0x80, 0x29,
    0x89, 0x30, 0xa, 0x9, 0xc4, 0x3, 0xca, 0x92,
    0x1, 0x98, 0x4d, 0x57, 0x88, 0x6, 0xdd, 0x6,
    0xcc, 0x2c, 0x1a, 0xab, 0x90, 0x70, 0xa4, 0xb5,
    0x8e, 0x4b, 0x3f, 0xf7, 0x1, 0xc1, 0x1f, 0x69,
    0x61, 0xb3, 0x98, 0x7, 0xd7, 0x6d, 0x61, 0xc1,
    0x3a, 0x8c, 0x90, 0x8, 0xc0, 0x49, 0x29, 0xf0,
    0x80, 0xa, 0x1e, 0xca, 0x0, 0x10, 0x71, 0xb7,
    0x59, 0xce, 0x80, 0x1, 0xb4, 0x0, 0x18, 0x5,
    0xd0, 0x80, 0xaa, 0x92, 0x1, 0x59, 0x98, 0xc,
    0x9, 0xbf, 0x6e, 0x59, 0x4, 0x2, 0x2e, 0x30,
    0xe0, 0x8, 0x91, 0xa6, 0xfb, 0x40, 0x3e, 0x32,
    0xa, 0xdb, 0x82, 0x38, 0xe0, 0xc, 0xcc, 0x84,
    0x50, 0x8c, 0xfe, 0xb8, 0x63, 0x0, 0xd5, 0x2e,
    0x72, 0x4, 0x60, 0x1f, 0xec, 0xff, 0x60, 0x80,

    /* U+83AB "莫" */
    0x0, 0xe2, 0xb2, 0x0, 0xc3, 0x66, 0x1, 0xe4,
    0x66, 0xa9, 0x29, 0x9b, 0x92, 0x99, 0xa5, 0x0,
    0x74, 0xcc, 0xe0, 0xf3, 0x3a, 0x1, 0xa6, 0x70,
    0x2, 0xbf, 0xec, 0xc, 0xff, 0xda, 0x17, 0xff,
    0x60, 0x6, 0x12, 0x75, 0x72, 0x2c, 0xc8, 0x24,
    0x40, 0xf, 0x4e, 0xda, 0xde, 0xee, 0xb4, 0xad,
    0xe0, 0xf, 0x8b, 0xff, 0xfc, 0xa0, 0x1f, 0x8c,
    0xff, 0xe1, 0x0, 0xfc, 0x3d, 0xdf, 0xe4, 0x0,
    0xfc, 0x5b, 0xbf, 0xe5, 0x0, 0xfc, 0x5d, 0xdf,
    0xe5, 0x0, 0xfa, 0x73, 0x77, 0x11, 0x37, 0x76,
    0x70, 0x7, 0x84, 0xcf, 0x89, 0x4c, 0xf8, 0x80,
    0x36, 0x7f, 0xfc, 0x2d, 0xff, 0xf7, 0x0, 0x22,
    0xab, 0xa4, 0x8, 0xc2, 0x2a, 0xba, 0xc0, 0x8,
    0xab, 0x9a, 0x83, 0xf4, 0xa8, 0x55, 0x78, 0x3,
    0x13, 0x5e, 0xe, 0x90, 0xe3, 0xde, 0x39, 0x0,
    0x6c, 0xfd, 0x90, 0xad, 0x20, 0x0, 0xd5, 0xb4,
    0x6f, 0xe8, 0x85, 0x4e, 0x7d, 0xa8, 0x7, 0x92,
    0xbf, 0x26, 0x4,

    /* U+8431 "萱" */
    0x0, 0xc7, 0x44, 0x1, 0x8a, 0x88, 0x3, 0x1a,
    0xad, 0x6a, 0xbf, 0xfc, 0x4, 0x9a, 0xa9, 0xc2,
    0x2a, 0xb4, 0x4, 0x55, 0x53, 0x5f, 0xf5, 0x86,
    0xfd, 0x77, 0xe0, 0x67, 0xfd, 0xa0, 0x19, 0xa0,
    0xc6, 0xac, 0xa, 0x8, 0x3, 0x1e, 0xed, 0xf5,
    0x98, 0x5, 0xdc, 0xac, 0xdd, 0x90, 0xa, 0x3b,
    0xbb, 0x31, 0xdd, 0xd2, 0x42, 0x0, 0x4b, 0xff,
    0xff, 0x4a, 0x80, 0xa, 0x86, 0xe2, 0x3f, 0xd2,
    0x34, 0x82, 0xa0, 0x4c, 0xdf, 0xe2, 0x5, 0x10,
    0xa, 0x77, 0xff, 0xf6, 0xc0, 0x7, 0xc3, 0xbb,
    0xf8, 0x80, 0x3f, 0xf, 0x77, 0xe2, 0x0, 0xfc,
    0x3d, 0xdf, 0x88, 0x3, 0xf0, 0xe6, 0x7e, 0x20,
    0xf, 0xa7, 0x3f, 0xff, 0x65, 0x80, 0x48, 0x92,
    0xbb, 0xff, 0x99, 0x12, 0x8b, 0xbf, 0xfe, 0x25,
    0x0,

    /* U+8463 "董" */
    0x0, 0xc3, 0x46, 0x1, 0x92, 0x80, 0x38, 0xd1,
    0x32, 0xda, 0x26, 0xd5, 0x52, 0x24, 0x7f, 0x77,
    0x50, 0x3d, 0xde, 0x60, 0xab, 0xbb, 0xf3, 0xfe,
    0xe0, 0xaf, 0xfd, 0x21, 0xdc, 0xff, 0x60, 0x1b,
    0xc4, 0x13, 0xea, 0x97, 0x96, 0x1f, 0x92, 0x1,
    0x11, 0x37, 0x5f, 0x32, 0x70, 0xdd, 0x7f, 0x6c,
    0x80, 0x2f, 0xee, 0xd5, 0x4d, 0xd1, 0x27, 0xf7,
    0x7b, 0x27, 0x77, 0xe2, 0x4d, 0xdf, 0xb8, 0x8e,
    0x7f, 0xf8, 0x97, 0xff, 0xa0, 0xc8, 0x0, 0xcc,
    0xdd, 0xc4, 0xbb, 0xb9, 0x98, 0x1, 0xc9, 0x55,
    0x89, 0x6a, 0xb2, 0x0, 0x79, 0x26, 0x71, 0x2c,
    0xce, 0x40, 0xf, 0x8, 0xf0, 0x0, 0x47, 0x0,
    0x79, 0x2, 0x23, 0x12, 0xc4, 0x61, 0x40, 0x8,
    0x6e, 0x23, 0x89, 0x62, 0x3a, 0x84, 0x0, 0x9f,
    0xfe, 0x25, 0xff, 0xf3, 0x81, 0x3f, 0x77, 0x89,
    0x7b, 0xbc, 0x85, 0x9b, 0xbf, 0x12, 0x6e, 0xfd,
    0x80,

    /* U+848B "蒋" */
    0x0, 0xf6, 0x28, 0x6, 0x5c, 0x0, 0xf2, 0x2a,
    0xcc, 0x78, 0xab, 0xbc, 0xd5, 0x78, 0x22, 0xaa,
    0x90, 0x6a, 0xac, 0xa1, 0x55, 0xac, 0x33, 0xff,
    0x4, 0xff, 0xe9, 0xf, 0xfd, 0xc0, 0x18, 0x4f,
    0x1c, 0x2, 0x43, 0xc0, 0xf, 0x84, 0x1b, 0xc,
    0x40, 0xd, 0x7e, 0x6, 0x70, 0x5, 0x3a, 0x1,
    0xc5, 0x52, 0xb, 0x99, 0xa0, 0x1, 0x66, 0xa0,
    0x15, 0x68, 0x67, 0xfd, 0xa2, 0xb0, 0x0, 0x25,
    0x90, 0x8, 0xae, 0x31, 0x41, 0xb1, 0xe8, 0x3,
    0x71, 0xf8, 0x2, 0x10, 0xa6, 0xb6, 0xb6, 0x40,
    0x39, 0x3b, 0xc0, 0x5a, 0xb6, 0x1f, 0xf0, 0xb0,
    0xc0, 0x3d, 0x60, 0xd, 0x38, 0xdb, 0x13, 0x43,
    0x43, 0x30, 0x1, 0x7c, 0x80, 0x91, 0xab, 0x33,
    0x50, 0x46, 0x70, 0x55, 0x26, 0x40, 0x7f, 0xec,
    0xaf, 0xfb, 0x2, 0xbf, 0x41, 0xe9, 0xc0, 0x3a,
    0xa8, 0x80, 0x1, 0x1, 0x0, 0xb5, 0x40, 0x3d,
    0x29, 0x62, 0x1, 0xff, 0xc4, 0xa2, 0x20, 0x7,
    0xff, 0x10, 0x75, 0xd5, 0x40, 0xe0, 0x1f, 0xfc,
    0x23, 0xa9, 0x53, 0x0, 0x0,

    /* U+8521 "蔡" */
    0x0, 0xe1, 0xb4, 0x0, 0xc9, 0x62, 0x1, 0xe4,
    0x55, 0x9d, 0x35, 0x57, 0x6a, 0x3a, 0xae, 0x0,
    0x45, 0x55, 0x20, 0xd5, 0x59, 0x82, 0x6a, 0xab,
    0x0, 0x67, 0xfd, 0xc1, 0x3f, 0xfa, 0x83, 0xbf,
    0xee, 0x0, 0xe8, 0xca, 0x40, 0x4, 0x2b, 0xd0,
    0x80, 0x7e, 0x57, 0x2a, 0xdf, 0xcf, 0xac, 0xbe,
    0xea, 0x80, 0x33, 0xd4, 0x5f, 0x68, 0x5b, 0x8a,
    0x6e, 0xa4, 0x7c, 0x2, 0xb8, 0xa3, 0xa9, 0x90,
    0xb8, 0x5a, 0xb8, 0xc3, 0xa8, 0x5, 0xb7, 0x2f,
    0xec, 0x9a, 0x0, 0x57, 0xbc, 0x58, 0x0, 0xcc,
    0x93, 0xba, 0x17, 0x72, 0x25, 0x84, 0x38, 0x1,
    0xf0, 0x81, 0x23, 0xdd, 0xf3, 0x32, 0x6c, 0xc0,
    0x24, 0xbb, 0x2f, 0xdf, 0xff, 0xae, 0x64, 0xb9,
    0x60, 0x9, 0x75, 0xd4, 0x55, 0xfe, 0x38, 0x87,
    0x80, 0x37, 0x12, 0x2e, 0xf5, 0x52, 0xef, 0xa1,
    0x90, 0x3, 0x77, 0x36, 0xbb, 0x8a, 0x5d, 0xcb,
    0xce, 0xe0, 0x80, 0x79, 0x33, 0xc0, 0x38, 0x67,
    0x5c, 0x3, 0xe8, 0xb4, 0xb0, 0xe, 0x1c, 0x88,
    0x58, 0x80, 0x45, 0xcf, 0x16, 0x8, 0x87, 0x0,
    0xcf, 0x8b, 0x82, 0x0, 0x28, 0xd7, 0x0, 0x4d,
    0x9d, 0x80, 0x63, 0xcb, 0x10,

    /* U+859B "薛" */
    0x0, 0xc3, 0x88, 0x1, 0x97, 0x0, 0x3c, 0x8a,
    0xb3, 0x9e, 0xaa, 0xef, 0x36, 0x55, 0xc1, 0x15,
    0x54, 0x83, 0x55, 0x65, 0x9, 0xaa, 0xac, 0x33,
    0xfe, 0xe0, 0xaf, 0xfd, 0x21, 0xdf, 0xf7, 0x0,
    0x66, 0xb9, 0x70, 0xc, 0xa4, 0xa0, 0x1f, 0xac,
    0x58, 0x80, 0x31, 0x1c, 0x0, 0x70, 0xee, 0x89,
    0x77, 0x48, 0xdf, 0xee, 0x13, 0xff, 0xa4, 0x0,
    0x4b, 0x57, 0x4, 0x2f, 0x47, 0x57, 0x6a, 0x39,
    0xb0, 0xb, 0x15, 0x60, 0x0, 0xa8, 0xea, 0x23,
    0x49, 0x88, 0x2, 0xd7, 0x78, 0x3, 0x51, 0x80,
    0xbc, 0x0, 0x72, 0x66, 0x48, 0x1f, 0xe8, 0x4f,
    0xe0, 0x9f, 0xf1, 0x0, 0x26, 0xef, 0x2d, 0x56,
    0x22, 0x55, 0x62, 0x0, 0x45, 0xde, 0xa5, 0x5c,
    0x2c, 0xab, 0x80, 0x26, 0x33, 0x81, 0xc9, 0x56,
    0x16, 0x55, 0x8c, 0x2, 0xe8, 0x8b, 0x41, 0x2a,
    0xa2, 0x25, 0x56, 0x0, 0xfe, 0x6f, 0xf8, 0xd3,
    0xfe, 0x90, 0xa, 0xff, 0xe9, 0x0, 0xff, 0xe1,
    0x4e, 0x64, 0xe0, 0x1f, 0xfc, 0x12, 0x53, 0x3a,
    0x34, 0x3, 0xfe,

    /* U+8840 "血" */
    0x0, 0xfc, 0x96, 0x80, 0x1f, 0xfc, 0x5d, 0x47,
    0x0, 0xff, 0xe2, 0xba, 0x18, 0x7, 0xff, 0x11,
    0x87, 0xc0, 0x3f, 0xf8, 0x5, 0xff, 0xa4, 0x2f,
    0xff, 0xe5, 0x0, 0xf2, 0xc4, 0x4, 0xe2, 0x8,
    0x11, 0x6, 0x0, 0xfd, 0xce, 0xe3, 0x57, 0x76,
    0xb, 0xba, 0xc0, 0x3f, 0xff, 0xe0, 0x1f, 0xff,
    0xf0, 0xf, 0xfe, 0xb1, 0x7e, 0x85, 0xff, 0x89,
    0xbf, 0xd0, 0x3f, 0xed, 0xa, 0xf3, 0x33, 0xbf,
    0xff, 0x18, 0x80,

    /* U+8881 "袁" */
    0x0, 0xfe, 0x98, 0x0, 0xff, 0xe0, 0x11, 0x79,
    0xc, 0x8b, 0x84, 0x3, 0x8b, 0x77, 0xc4, 0x9b,
    0xbe, 0x0, 0xe2, 0xff, 0xf1, 0x27, 0xff, 0x60,
    0x6, 0x34, 0x4f, 0x81, 0xd1, 0x3e, 0x0, 0xa6,
    0xef, 0xe2, 0x3b, 0xbf, 0x8c, 0x1, 0x5f, 0xff,
    0xfc, 0x43, 0x0, 0xcb, 0xff, 0xff, 0xc0, 0x20,
    0xf, 0x18, 0x5e, 0x67, 0xe8, 0x0, 0xff, 0x29,
    0x9f, 0xf0, 0x7, 0xf9, 0xd5, 0x7f, 0x60, 0x7,
    0xe3, 0x2b, 0x8b, 0xaa, 0xae, 0x20, 0xa4, 0x1,
    0xf2, 0xee, 0xa0, 0xcb, 0xc, 0xb7, 0x6e, 0xf4,
    0x0, 0xe2, 0x7d, 0xaa, 0x69, 0xf9, 0xc0, 0x3e,
    0x3a, 0x80, 0xa, 0x77, 0x54, 0x6, 0xe0, 0x3,
    0x77, 0x64, 0xd5, 0x4, 0x0, 0x44, 0xad, 0xd3,
    0x80, 0x74, 0x39, 0xba, 0x80, 0x75, 0xb9, 0x0,
    0x81, 0x35, 0x69, 0xc4, 0x1b, 0x98, 0x3, 0xe4,
    0x41, 0xec, 0x5, 0x90, 0x3e, 0xac, 0xfd, 0x0,
    0x73, 0xa4, 0x67, 0x53, 0x8, 0x0, 0xaf, 0x63,
    0x80,

    /* U+8981 "要" */
    0x9f, 0xff, 0xfe, 0x24, 0xd4, 0xce, 0x80, 0x79,
    0x92, 0x84, 0xcf, 0x51, 0xb3, 0x65, 0xc, 0x66,
    0x68, 0xb3, 0x71, 0x84, 0xff, 0xda, 0x17, 0xfe,
    0x81, 0xff, 0xd6, 0x1, 0x15, 0xda, 0x42, 0x2e,
    0xca, 0x17, 0x71, 0x80, 0x61, 0x44, 0x80, 0xd1,
    0x1a, 0x28, 0x93, 0x80, 0x7f, 0xf2, 0x8f, 0xfd,
    0xa1, 0x7f, 0xe8, 0x1f, 0xf9, 0x0, 0x2b, 0xbe,
    0x60, 0xab, 0xbf, 0xa0, 0x0, 0x48, 0x99, 0xd1,
    0x51, 0x3e, 0x30, 0xef, 0xfe, 0x14, 0xff, 0xfe,
    0xeb, 0xaa, 0x94, 0x1a, 0xab, 0x88, 0x6a, 0xab,
    0x55, 0x9d, 0x52, 0x55, 0x71, 0x94, 0x2a, 0xe0,
    0xb, 0xc1, 0xe1, 0x44, 0x22, 0x59, 0x80, 0x1f,
    0x7d, 0x2a, 0x57, 0x7b, 0x94, 0x0, 0x7e, 0x36,
    0xe6, 0x10, 0x43, 0x2e, 0xd8, 0x30, 0x4, 0x6f,
    0xf6, 0x48, 0x47, 0x5e, 0x75, 0x3b, 0xb3, 0x4a,
    0xea, 0x97, 0xdc, 0xa6, 0x10, 0x0, 0xad, 0x7d,
    0x49, 0x0,

    /* U+8983 "覃" */
    0x0, 0xff, 0xe4, 0xf7, 0xff, 0xff, 0x14, 0x1,
    0xfd, 0xda, 0xc3, 0x3b, 0x98, 0x17, 0xdd, 0xc0,
    0x1, 0x9d, 0xda, 0x43, 0xb7, 0x5c, 0x13, 0xbb,
    0x40, 0x80, 0x44, 0x11, 0xb, 0x8, 0x8c, 0x17,
    0x10, 0x2, 0x0, 0xe7, 0x78, 0x2, 0x77, 0x0,
    0x4e, 0xe0, 0xf, 0x1a, 0xee, 0xa0, 0x6f, 0x75,
    0x63, 0x1b, 0xa2, 0x10, 0xd, 0x3d, 0xff, 0xff,
    0xc1, 0xa0, 0xe, 0x6e, 0xef, 0xfe, 0x4, 0x80,
    0x7e, 0xff, 0xff, 0x8, 0x7, 0xf7, 0xff, 0xf8,
    0x40, 0x3f, 0xbf, 0xff, 0xc2, 0x1, 0xfc, 0x89,
    0xfe, 0x10, 0xf, 0x8c, 0xd1, 0x1a, 0xed, 0x11,
    0x8f, 0x80, 0x31, 0x11, 0xfb, 0xb8, 0xcd, 0xdd,
    0xc8, 0x44, 0x0, 0x6e, 0xfe, 0x33, 0x6e, 0xfe,
    0x10, 0xff, 0xfc, 0x69, 0xff, 0xf8, 0x40, 0x3f,
    0xfb, 0x80,

    /* U+8BB0 "记" */
    0x0, 0x88, 0x3, 0xff, 0x8c, 0x9a, 0xe0, 0x11,
    0xbb, 0xfe, 0x60, 0xc, 0x8f, 0x10, 0x0, 0x5c,
    0x47, 0xf0, 0x7, 0x43, 0xb9, 0x82, 0x3f, 0xfe,
    0x60, 0xf, 0xa1, 0xdc, 0x1, 0xff, 0xc6, 0x81,
    0x0, 0xff, 0xe0, 0x8c, 0xce, 0x50, 0xf, 0xfe,
    0x1a, 0x24, 0xda, 0x1, 0xff, 0xc2, 0x1d, 0xd8,
    0x40, 0x26, 0xff, 0xf9, 0x80, 0x3f, 0xe1, 0x7,
    0x88, 0xe3, 0x0, 0xff, 0xe0, 0xcb, 0xbf, 0x4b,
    0x0, 0x7f, 0xf1, 0x96, 0x0, 0x3f, 0xfa, 0x26,
    0x1, 0xfc, 0x2c, 0x1, 0xe2, 0xac, 0xf0, 0xf,
    0xc5, 0x28, 0x1, 0x8, 0x95, 0x2b, 0xc0, 0x3f,
    0x30, 0x30, 0x5, 0x0, 0xbe, 0xa4, 0x16, 0xec,
    0xd9, 0xe0, 0x88, 0x1, 0x64, 0xd0, 0x82, 0xb2,
    0x44, 0xce, 0x80, 0xe0,

    /* U+8BB8 "许" */
    0x0, 0xfe, 0x49, 0x10, 0xf, 0xf2, 0x69, 0x0,
    0x6d, 0x61, 0x0, 0xff, 0x20, 0xe9, 0x80, 0x4e,
    0x80, 0x1f, 0xfc, 0xc, 0x3d, 0x20, 0x21, 0x77,
    0xfc, 0x60, 0x1d, 0xae, 0x40, 0xa0, 0x71, 0x1f,
    0x28, 0x7, 0xc, 0x80, 0x25, 0x3f, 0xd0, 0x1f,
    0xf9, 0x80, 0xe, 0xf9, 0x1, 0xc6, 0x0, 0x3f,
    0xc3, 0x11, 0xb0, 0x3d, 0x8c, 0x3, 0xfc, 0x3f,
    0xf0, 0x80, 0x22, 0x40, 0x3f, 0xf8, 0xc6, 0x89,
    0xb8, 0x11, 0x38, 0x3, 0xf6, 0xdd, 0xe6, 0xb,
    0xbe, 0x20, 0xf, 0xb3, 0x77, 0x30, 0x66, 0xee,
    0x20, 0xf, 0x88, 0xbb, 0x80, 0xc8, 0xb0, 0x7,
    0xff, 0x3c, 0xec, 0x3, 0xff, 0x88, 0x2b, 0x82,
    0x1, 0xff, 0xc3, 0x40, 0x29, 0xa0, 0xf, 0xfe,
    0x18, 0x96, 0x30, 0x7, 0xff, 0x11, 0x70, 0xc0,
    0x3f, 0xf8, 0x40,

    /* U+8BD7 "诗" */
    0x0, 0x84, 0x3, 0xf3, 0xc8, 0x7, 0xe8, 0xf2,
    0x0, 0xfb, 0x54, 0x3, 0xf4, 0x96, 0x18, 0x0,
    0x8c, 0xe1, 0x11, 0x9e, 0x0, 0xc3, 0xa7, 0xa0,
    0xc, 0xcc, 0x85, 0x99, 0x90, 0x3, 0xe, 0x58,
    0x3, 0x37, 0x64, 0x2d, 0xdc, 0x80, 0x1c, 0x2a,
    0x0, 0x22, 0xc2, 0x22, 0x2c, 0x1, 0x44, 0x61,
    0x12, 0x27, 0x8, 0x91, 0x38, 0x44, 0xcc, 0x77,
    0x1a, 0xdd, 0xf2, 0x15, 0xdf, 0x10, 0xf7, 0x2c,
    0x0, 0x9d, 0xdf, 0x81, 0xfb, 0x86, 0x1, 0xf0,
    0x8f, 0xf0, 0x8, 0x80, 0x3f, 0x33, 0xbf, 0xc2,
    0x6e, 0xe0, 0xf, 0xd5, 0x11, 0xf0, 0x24, 0x40,
    0x40, 0x3e, 0xcf, 0xae, 0xff, 0xc2, 0xff, 0xe1,
    0x0, 0xfe, 0xbd, 0x0, 0xff, 0xe1, 0x36, 0x28,
    0x51, 0xb8, 0x7, 0xfc, 0x21, 0x64, 0xc0, 0x8b,
    0x2, 0x1, 0xfe, 0xf0, 0x3f, 0x30, 0x4, 0x40,
    0x40, 0x3f, 0x89, 0x5b, 0x4, 0x2, 0x27, 0x56,
    0x71, 0xf0, 0xe, 0x2b, 0x90, 0xf, 0xb2, 0x60,
    0xd4, 0x2,

    /* U+8BDD "话" */
    0x0, 0xff, 0xe1, 0x8a, 0x88, 0x6, 0xa9, 0x0,
    0xe1, 0x35, 0x7a, 0xde, 0xab, 0x0, 0xde, 0xd4,
    0x0, 0x9f, 0xec, 0xa8, 0x45, 0xae, 0xa0, 0xc,
    0xb6, 0xb2, 0x15, 0x4c, 0xef, 0x42, 0x85, 0x10,
    0xf, 0x24, 0xd0, 0x1a, 0x98, 0x80, 0x7f, 0xf0,
    0x58, 0xc0, 0x3f, 0xf8, 0x6a, 0xb8, 0x0, 0xce,
    0xf9, 0x89, 0xdf, 0x80, 0xaa, 0xb0, 0x85, 0x44,
    0x62, 0x18, 0x8e, 0x12, 0xee, 0x48, 0x5, 0x9f,
    0xf9, 0xf, 0xff, 0x84, 0x4, 0x46, 0x1, 0xff,
    0xe0, 0xbf, 0xf9, 0xf, 0xfe, 0xe0, 0xf, 0xf3,
    0x94, 0xcf, 0x8c, 0x3, 0xf9, 0x48, 0x19, 0xbf,
    0x0, 0x7e, 0x9a, 0x40, 0xf, 0xfe, 0x19, 0x3,
    0xb9, 0x80, 0x3f, 0xf8, 0x43, 0x41, 0x50, 0x0,
    0x66, 0xfc, 0x1, 0xc6, 0x6b, 0x50, 0x8, 0xa6,
    0x7c, 0x60, 0x1c, 0x5c, 0x80, 0x19, 0x3f, 0xfc,
    0xc6, 0x0,

    /* U+8BF7 "请" */
    0x0, 0x84, 0x3, 0xf4, 0x48, 0x7, 0xe9, 0xf2,
    0x0, 0x9, 0x9e, 0x44, 0x19, 0xe1, 0x0, 0xa4,
    0xb0, 0xc1, 0x33, 0x31, 0x96, 0x66, 0x90, 0xd,
    0x85, 0xc0, 0xbf, 0xf9, 0xf, 0xff, 0x40, 0x7,
    0x67, 0x80, 0x37, 0xfe, 0x43, 0xff, 0xc0, 0x1f,
    0x10, 0x3, 0x37, 0x63, 0x36, 0xee, 0x0, 0xb,
    0xbe, 0x20, 0x45, 0x66, 0x80, 0x59, 0xb2, 0x1,
    0xc4, 0x66, 0x9, 0x9e, 0x10, 0x99, 0xe2, 0x27,
    0xfb, 0x40, 0x2d, 0xdf, 0xfe, 0x1, 0x0, 0x7e,
    0x8f, 0xff, 0xd2, 0x1, 0xff, 0xe, 0xef, 0x88,
    0x3, 0xff, 0x82, 0x67, 0xe0, 0xf, 0xfe, 0x8,
    0xf7, 0x78, 0x80, 0x3f, 0xc4, 0x3, 0xff, 0xe2,
    0x0, 0xfd, 0x9b, 0x0, 0x39, 0x9e, 0x20, 0xf,
    0x8, 0x38, 0xd8, 0xc, 0x47, 0x84, 0x3, 0xc8,
    0x9, 0x82, 0x0, 0x44, 0xf1, 0x80, 0x7a, 0x56,
    0xc0, 0x3e, 0x25, 0x51, 0x0, 0x7a, 0xa8, 0x1,
    0xfd, 0x76, 0x3b, 0x0, 0x0,

    /* U+8C22 "谢" */
    0x0, 0xfe, 0x20, 0xf, 0x84, 0x3, 0x30, 0x7,
    0xb5, 0xc0, 0x39, 0xfc, 0x2, 0x29, 0x80, 0xc,
    0x60, 0xa0, 0x1f, 0xe2, 0xa7, 0x40, 0x15, 0xa0,
    0x75, 0x0, 0xff, 0x2b, 0x50, 0x2d, 0x21, 0x5d,
    0x10, 0x7, 0xfa, 0x64, 0x1, 0x6e, 0xb0, 0x5,
    0x56, 0xd1, 0x51, 0x0, 0xce, 0x1, 0x7f, 0xb4,
    0x1e, 0xee, 0x50, 0xb3, 0x29, 0x99, 0x0, 0x2d,
    0xd5, 0x83, 0x77, 0x50, 0x3c, 0x42, 0xee, 0x62,
    0x0, 0xfc, 0x62, 0x1, 0xc7, 0xdc, 0x10, 0xd,
    0xba, 0xb0, 0x7, 0x30, 0x7, 0xff, 0x7, 0xfd,
    0xa0, 0xa, 0xa0, 0x7, 0xf8, 0x8c, 0x11, 0x20,
    0x3, 0x11, 0x80, 0x7f, 0x24, 0x5, 0xda, 0x40,
    0x2, 0x48, 0x1, 0xfc, 0xdf, 0xf2, 0x10, 0x5,
    0x8, 0x1, 0xfc, 0x44, 0x8, 0x5e, 0x0, 0x94,
    0xc0, 0x3e, 0x1d, 0xd3, 0xbd, 0xa2, 0x1, 0xff,
    0x18, 0x24, 0xfc, 0x51, 0x80, 0x7f, 0xf0, 0x20,
    0x73, 0x93, 0x50, 0xd0, 0xc, 0x15, 0x34, 0x3,
    0xa7, 0xe, 0x3c, 0x89, 0x92, 0x82, 0x13, 0x69,
    0x20, 0x18, 0x88, 0x0, 0x10, 0x3f, 0xf5, 0x80,
    0x33, 0xf9, 0xc0, 0x0,

    /* U+8C2D "谭" */
    0x0, 0xff, 0xe5, 0x65, 0x0, 0x13, 0xff, 0xff,
    0x80, 0x60, 0x8, 0x5c, 0x5, 0xcc, 0x9c, 0x72,
    0x82, 0xf3, 0x23, 0x0, 0x26, 0x1c, 0x8a, 0x7f,
    0x94, 0x7e, 0x2, 0x3f, 0xcc, 0x1, 0x8e, 0xe0,
    0x38, 0x21, 0x46, 0x2c, 0x26, 0xc, 0x80, 0x39,
    0x4, 0x0, 0xe9, 0xc6, 0x88, 0x5, 0x40, 0x8,
    0x6e, 0xf0, 0x80, 0x13, 0x60, 0xb7, 0xc3, 0x74,
    0x1, 0x84, 0x4e, 0x80, 0xb, 0xce, 0xdc, 0xee,
    0x67, 0x73, 0x18, 0x6, 0xa9, 0x0, 0x11, 0xff,
    0xff, 0x40, 0x80, 0x7f, 0x1d, 0x7f, 0xf9, 0x50,
    0x3, 0xff, 0x80, 0x23, 0xf0, 0x7, 0xff, 0x2,
    0xfb, 0xbc, 0xc0, 0x1f, 0xfc, 0x9, 0xdd, 0xf4,
    0x80, 0x7f, 0xf0, 0x2f, 0xbb, 0xd0, 0x20, 0x1f,
    0x1b, 0x8f, 0xfe, 0x36, 0xff, 0xb8, 0x3, 0x84,
    0x32, 0x3f, 0xf8, 0xdb, 0xff, 0x80, 0x37, 0x1,
    0x6e, 0xf8, 0x93, 0x77, 0x80, 0x24, 0x42, 0xe1,
    0x17, 0x84, 0x8b, 0xc0, 0x12, 0x4d, 0x0, 0x7f,
    0xf0, 0xc0,

    /* U+8D3A "贺" */
    0x0, 0xcb, 0x80, 0x1f, 0xfc, 0x22, 0x44, 0x79,
    0xa2, 0x60, 0x9a, 0xaf, 0x0, 0x16, 0xec, 0xa1,
    0x77, 0x81, 0xd8, 0xce, 0x65, 0x0, 0x3f, 0x70,
    0x57, 0xb8, 0xc2, 0x0, 0xb9, 0x9a, 0x80, 0x30,
    0x90, 0xf8, 0x88, 0xc, 0x3, 0xff, 0x81, 0xc4,
    0xa0, 0x2, 0x60, 0xf, 0xf2, 0x69, 0x72, 0x4c,
    0x90, 0xc0, 0x11, 0xff, 0x48, 0x0, 0x68, 0x70,
    0xdc, 0x1, 0x10, 0xb, 0xaa, 0xf0, 0xf, 0xe1,
    0xab, 0x66, 0x9, 0x54, 0x1, 0xca, 0xa0, 0x0,
    0x80, 0x2a, 0xbf, 0xf8, 0x2, 0x1, 0xf4, 0x7f,
    0xdb, 0xaf, 0xfa, 0x0, 0x3f, 0xf8, 0x3d, 0x60,
    0x1f, 0xfc, 0x51, 0x0, 0xff, 0xe2, 0x89, 0x78,
    0x7, 0xff, 0x12, 0xc1, 0x10, 0x1, 0xff, 0x73,
    0x95, 0xad, 0x2d, 0xf4, 0x9f, 0x88, 0x7, 0x92,
    0xb5, 0xb1, 0x5f, 0xa5, 0x2f, 0x58, 0x2, 0x2c,
    0xfa, 0x1a, 0xd3, 0x0, 0xb, 0xee, 0x3c, 0xe8,
    0x0, 0xaa, 0x9d, 0x6a, 0x1, 0xf1, 0xd6, 0xc8,
    0x0,

    /* U+8D3E "贾" */
    0xe, 0xff, 0xff, 0xe2, 0x40, 0x55, 0xde, 0x80,
    0xab, 0xb2, 0x15, 0xdf, 0x50, 0x22, 0xae, 0x10,
    0x65, 0x50, 0x89, 0x57, 0x88, 0x1, 0xbd, 0xd4,
    0x86, 0x77, 0x14, 0xfb, 0xb4, 0x80, 0x66, 0xff,
    0x58, 0x77, 0xf9, 0x8f, 0xfe, 0x10, 0xf, 0xfe,
    0x63, 0x7f, 0xac, 0x3b, 0xfc, 0xc7, 0xff, 0x8,
    0x6, 0xdd, 0xff, 0xe1, 0xc8, 0x4, 0x20, 0xef,
    0xff, 0xc0, 0x21, 0x0, 0xcb, 0x55, 0xff, 0xc0,
    0x10, 0xf, 0xf, 0xff, 0xf5, 0x80, 0x7f, 0xf0,
    0x7, 0x94, 0x3, 0xff, 0x88, 0x82, 0xe0, 0x1f,
    0xfc, 0x4f, 0x12, 0x0, 0xff, 0x8d, 0xc0, 0xc,
    0xb0, 0xb6, 0xc2, 0xec, 0x1, 0xe4, 0x95, 0xb9,
    0x76, 0x7c, 0xbe, 0x8c, 0x10, 0x0, 0xcd, 0xef,
    0xd0, 0xe4, 0x1, 0x3e, 0xe1, 0x57, 0x40, 0x8,
    0x1d, 0xe7, 0xd1, 0x80, 0x71, 0xcf, 0xce, 0x80,

    /* U+8D75 "赵" */
    0x0, 0xeb, 0x30, 0xf, 0xfe, 0x32, 0x30, 0x7,
    0xf3, 0x30, 0x2, 0x26, 0x68, 0x31, 0x98, 0x40,
    0x40, 0x1a, 0x30, 0x2, 0x79, 0x98, 0x1a, 0x64,
    0xf3, 0x82, 0x0, 0x41, 0xf0, 0x9, 0x7f, 0xe0,
    0xaf, 0xf2, 0xc0, 0x50, 0x3, 0x81, 0x40, 0x3f,
    0xf8, 0x3, 0xa8, 0xe0, 0xaa, 0x0, 0xca, 0xb3,
    0x6, 0x2a, 0xc0, 0x6f, 0x12, 0x12, 0x1, 0xae,
    0xa9, 0x20, 0xd5, 0x4b, 0x0, 0x41, 0x31, 0x98,
    0x3, 0x77, 0xfc, 0x6d, 0xfe, 0xe0, 0xa, 0xc1,
    0x80, 0x3d, 0x6a, 0x1, 0xfd, 0x60, 0xa6, 0x1,
    0xc8, 0x60, 0x2, 0x55, 0x18, 0x2, 0xa, 0xcb,
    0x80, 0x30, 0x81, 0x80, 0x12, 0xaa, 0x2, 0x76,
    0x49, 0x27, 0x0, 0x88, 0x34, 0x0, 0xdf, 0xe9,
    0x1c, 0x19, 0x4, 0x44, 0x88, 0x1, 0xc1, 0x80,
    0x38, 0x70, 0x74, 0x2, 0x81, 0x50, 0x1, 0x9,
    0xc8, 0x6, 0x30, 0xb3, 0x0, 0x8f, 0x90, 0x1,
    0x8b, 0xcc, 0x60, 0x11, 0x6a, 0x0, 0x70, 0x80,
    0x4b, 0x87, 0x42, 0xd9, 0x2e, 0xe6, 0x6e, 0x77,
    0x85, 0x81, 0x81, 0x7e, 0x59, 0x26, 0x26, 0x7a,
    0x21, 0x22, 0xd6, 0x20, 0x1, 0x6a, 0xde, 0xff,
    0xfd, 0xc0,

    /* U+8D77 "起" */
    0x0, 0xc5, 0x84, 0x1, 0xff, 0xc6, 0x31, 0x0,
    0x8b, 0x33, 0xe1, 0x0, 0x1b, 0x32, 0x82, 0xd9,
    0x86, 0xa, 0xbc, 0x6, 0x1, 0x5c, 0xc9, 0xc1,
    0xe6, 0x48, 0x53, 0x3e, 0x0, 0xd1, 0xfe, 0xd0,
    0xcf, 0xf3, 0x80, 0x7f, 0xf4, 0xea, 0xa9, 0x8,
    0xaa, 0x81, 0x13, 0xb4, 0x3, 0xe1, 0x6, 0x0,
    0xd7, 0x7c, 0xe0, 0x1a, 0xab, 0x12, 0xd5, 0x40,
    0x9, 0xff, 0xb5, 0xc4, 0x2, 0xb4, 0x0, 0xff,
    0xe0, 0x14, 0x0, 0x42, 0x82, 0x0, 0x35, 0x52,
    0x0, 0x7f, 0xc6, 0x2, 0x0, 0x4a, 0xa4, 0x0,
    0x7c, 0x30, 0x0, 0x10, 0x20, 0x3, 0xff, 0xb0,
    0x3, 0xe2, 0x72, 0x7, 0xb, 0x0, 0xfd, 0xc0,
    0x19, 0x0, 0x80, 0x80, 0x9c, 0x3, 0xc6, 0xff,
    0xfa, 0x14, 0x1, 0xe7, 0x30, 0x40, 0x1d, 0x97,
    0x55, 0xae, 0x80, 0x8, 0xad, 0x0, 0xf9, 0x30,
    0xec, 0x46, 0x7c, 0xe4, 0x85, 0xa0, 0xfd, 0xe,
    0x8d, 0x13, 0x3e, 0x88, 0x12, 0x42, 0x0, 0x5,
    0xef, 0x7b, 0xff, 0xf8, 0x0,

    /* U+8F69 "轩" */
    0x0, 0x86, 0x8c, 0x3, 0xff, 0x8a, 0x4a, 0xe0,
    0x19, 0xe2, 0x3e, 0x50, 0x3, 0x32, 0x43, 0x19,
    0xa1, 0x97, 0x7f, 0xbc, 0x1, 0x12, 0xa0, 0xf3,
    0x31, 0x77, 0xfa, 0x3, 0xbf, 0xd4, 0x0, 0xef,
    0x17, 0xff, 0xc6, 0x1, 0xff, 0xc0, 0x31, 0xb9,
    0xb0, 0xf, 0xfe, 0x1a, 0x9, 0x99, 0xc0, 0x3f,
    0xf8, 0x74, 0xc0, 0x1f, 0xfc, 0x55, 0x2f, 0x46,
    0x14, 0x4a, 0xee, 0xa0, 0xab, 0xb8, 0x43, 0x42,
    0x2c, 0xca, 0xec, 0x4c, 0xd1, 0x82, 0xb3, 0x40,
    0x9, 0xde, 0xe2, 0x97, 0x71, 0xb7, 0x69, 0xf,
    0xdd, 0x84, 0x4, 0x84, 0x40, 0x23, 0x0, 0x7f,
    0xf0, 0xc4, 0x45, 0x38, 0xc0, 0x1f, 0xf5, 0x67,
    0xf2, 0x9, 0xda, 0x0, 0x7f, 0xf0, 0x16, 0x71,
    0xe, 0x9c, 0x80, 0x3f, 0xea, 0x96, 0x31, 0x0,
    0xff, 0xf7, 0xd6, 0x0, 0x79, 0xf8, 0x40, 0x30,

    /* U+8F89 "辉" */
    0x0, 0x86, 0x84, 0x3, 0xff, 0x86, 0x82, 0xa,
    0x62, 0xcc, 0xff, 0xfe, 0xc0, 0x7, 0xb8, 0x4,
    0x90, 0x3, 0x33, 0xf1, 0x80, 0x59, 0x80, 0xb,
    0x1c, 0x0, 0xcc, 0xd3, 0x66, 0x94, 0x2, 0x37,
    0x0, 0x93, 0x49, 0x0, 0xd0, 0x3, 0x72, 0x80,
    0x14, 0x8c, 0x1c, 0xd1, 0x1b, 0x5e, 0x1f, 0x55,
    0x6c, 0x80, 0x6, 0xcc, 0x1b, 0x40, 0x31, 0x98,
    0x3, 0xe1, 0xfb, 0xe0, 0xcc, 0x78, 0xbf, 0x87,
    0x69, 0xd5, 0x40, 0x1, 0x84, 0x18, 0x15, 0x81,
    0x9, 0x52, 0xe4, 0x0, 0xf3, 0xe2, 0xb9, 0xe3,
    0x82, 0x1c, 0x80, 0x7f, 0xbc, 0x3, 0xd2, 0x19,
    0xec, 0x5f, 0xf4, 0x0, 0x42, 0x20, 0xe, 0x89,
    0x95, 0x18, 0xd5, 0x56, 0x1, 0x11, 0x0, 0x39,
    0x59, 0x8a, 0xa3, 0x55, 0x8c, 0x2, 0x6e, 0x0,
    0xc, 0xba, 0x26, 0x20, 0x44, 0xc0, 0x1, 0x24,
    0x3, 0x85, 0xeb, 0xbc, 0x85, 0x77, 0x8c, 0x1c,
    0x48, 0xc5, 0xb2, 0x7b, 0xb2, 0x97, 0x76, 0x31,
    0x89, 0x2, 0x89, 0x0, 0x8, 0xe3, 0x1, 0x1c,
    0x2, 0xce, 0x2, 0xe0, 0x1f, 0xfc, 0x20,

    /* U+8FB0 "辰" */
    0x0, 0xbf, 0xff, 0xf8, 0x74, 0x1, 0xc6, 0xef,
    0xff, 0xc1, 0xf0, 0xe, 0x48, 0x8f, 0xfe, 0xa,
    0x80, 0x7c, 0x67, 0xff, 0x8, 0x7, 0xec, 0xcf,
    0xf9, 0x80, 0x3f, 0x66, 0x7f, 0xcc, 0x1, 0xf8,
    0xcf, 0xfe, 0x10, 0xf, 0x1b, 0xbf, 0xff, 0x8,
    0x40, 0x32, 0x44, 0x7f, 0xf0, 0x8c, 0x0, 0x21,
    0x3f, 0x1, 0xfe, 0x81, 0xef, 0xfb, 0xab, 0xc8,
    0x0, 0x40, 0x40, 0x1c, 0xe3, 0x20, 0x2, 0xcb,
    0x20, 0x9, 0x81, 0x80, 0x3c, 0xee, 0x25, 0xd1,
    0xf2, 0x0, 0xb4, 0x8, 0x3, 0xd0, 0x59, 0x51,
    0x82, 0x1, 0x8c, 0x40, 0x3f, 0x70, 0x9b, 0x0,
    0x79, 0x1c, 0x3, 0xc7, 0x5, 0x67, 0xe8, 0x1,
    0x98, 0x30, 0x1, 0xc1, 0x5d, 0x8a, 0x9, 0xa7,
    0x78, 0xa0, 0xb, 0x15, 0x0, 0x30, 0x23, 0x66,
    0x88, 0x16, 0xc8, 0xd1, 0x5, 0xd8, 0x2, 0x9c,
    0xe8, 0x30, 0xe, 0x6d, 0xd1, 0x0,

    /* U+8FC7 "过" */
    0x0, 0xff, 0xe1, 0x24, 0x0, 0x71, 0x73, 0x0,
    0x7f, 0x8d, 0xc0, 0x38, 0x9a, 0x5c, 0x3, 0xff,
    0x8b, 0xd, 0xa, 0x6, 0x7f, 0x70, 0x19, 0x88,
    0x3, 0x4a, 0x9, 0xe6, 0x7c, 0xc1, 0x98, 0xe0,
    0xe, 0xb4, 0x3c, 0xcf, 0x98, 0x33, 0x1c, 0x1,
    0xf8, 0xcf, 0xee, 0x3, 0x31, 0x0, 0x11, 0x30,
    0x80, 0xf3, 0x80, 0x7f, 0xd7, 0x78, 0x80, 0x66,
    0x10, 0x3, 0xfd, 0xdc, 0xb0, 0xc, 0xe9, 0x42,
    0x1, 0xfc, 0x22, 0x70, 0xe, 0x91, 0x90, 0xf,
    0xfe, 0x29, 0x64, 0x0, 0x7f, 0xf1, 0x8c, 0x3,
    0xff, 0x8e, 0x2e, 0xf5, 0x80, 0x7e, 0xa0, 0x40,
    0xc, 0x33, 0x10, 0x19, 0x0, 0xe1, 0xd6, 0x48,
    0xa2, 0x0, 0xbb, 0xfd, 0xac, 0x1, 0xd8, 0x59,
    0x78, 0xfb, 0x90, 0xec, 0xd3, 0xba, 0x2a, 0xcc,
    0x6, 0x4c, 0xf, 0x6d, 0x99, 0x13, 0x34, 0x41,
    0xd1, 0x8c, 0x35, 0x80, 0x32, 0x57, 0x7f, 0xfd,
    0xda, 0x0,

    /* U+8FDC "远" */
    0x1, 0x60, 0xc, 0x4c, 0xdf, 0xc8, 0x1, 0x24,
    0xe1, 0x0, 0x12, 0x67, 0xfb, 0x80, 0x25, 0xc1,
    0xd5, 0x6, 0xff, 0xfe, 0xa0, 0xc, 0x7a, 0xa2,
    0x1, 0xff, 0xc6, 0xa4, 0x12, 0x2f, 0xfe, 0x0,
    0x7, 0xd5, 0xbb, 0xff, 0x60, 0x17, 0xfe, 0xa,
    0xee, 0x48, 0x67, 0x38, 0x77, 0x5e, 0x5, 0x32,
    0x50, 0x0, 0x8e, 0x3, 0x1f, 0x1, 0x1c, 0x0,
    0x66, 0x60, 0x7, 0x70, 0x80, 0x7f, 0xf1, 0x91,
    0x40, 0x3f, 0xf8, 0xa4, 0x4d, 0x0, 0xf1, 0xb8,
    0x7, 0xf7, 0x8b, 0x80, 0x79, 0xa4, 0x3, 0xe3,
    0xc2, 0xa1, 0x0, 0x8, 0x2a, 0x79, 0x0, 0x78,
    0x74, 0x6d, 0x0, 0x24, 0x1a, 0xb5, 0xa0, 0x9,
    0xa0, 0x32, 0x35, 0x0, 0x31, 0x77, 0x5e, 0xc0,
    0xa, 0x99, 0x7d, 0xcf, 0x53, 0xb2, 0xa9, 0x98,
    0xed, 0x12, 0x40, 0xd0, 0xe0, 0xdf, 0x3, 0x32,
    0xaa, 0x4c, 0xd0, 0xc8, 0x41, 0xae, 0x1, 0x9a,
    0xfb, 0xff, 0xee, 0xd0,

    /* U+9047 "遇" */
    0x0, 0xf8, 0x48, 0xbf, 0x84, 0x3, 0x38, 0x6,
    0x9d, 0xdf, 0xe4, 0x0, 0x92, 0x34, 0xc0, 0x23,
    0xff, 0x50, 0x7f, 0xc0, 0x1c, 0x9a, 0x38, 0xa0,
    0x1, 0x44, 0x68, 0x2a, 0x28, 0x7, 0x8b, 0x13,
    0x40, 0x5, 0x10, 0x50, 0x98, 0x90, 0xf, 0xd7,
    0x0, 0x3, 0xcc, 0x40, 0x66, 0x40, 0x1f, 0xfc,
    0x3, 0xff, 0x50, 0x7f, 0xc0, 0x1d, 0xdf, 0xf0,
    0x2, 0x77, 0x68, 0xc, 0xdd, 0x90, 0x2, 0x75,
    0x30, 0x0, 0xab, 0x35, 0xe0, 0xcd, 0x94, 0x40,
    0x13, 0x54, 0x0, 0x3d, 0xde, 0x70, 0xab, 0xbc,
    0xa0, 0x1f, 0xdf, 0xf5, 0x7, 0xc7, 0xe8, 0x7,
    0xff, 0x10, 0xb1, 0xc0, 0x3f, 0xf8, 0x9, 0xfe,
    0xa0, 0xd4, 0x90, 0xf, 0xfe, 0x3, 0x45, 0x5e,
    0x77, 0x93, 0x0, 0x7f, 0xc4, 0xea, 0x86, 0x21,
    0x8e, 0x1, 0xcb, 0x1, 0x9e, 0x60, 0x1e, 0x4f,
    0xc2, 0x50, 0x4, 0xd3, 0xe2, 0xb1, 0x53, 0xb2,
    0xa9, 0x8a, 0x20, 0xb0, 0x20, 0xaf, 0x27, 0x3b,
    0x2d, 0x32, 0xaa, 0x4c, 0xa2, 0xc, 0xa2, 0x1b,
    0x0, 0x11, 0x3e, 0x77, 0xff, 0xdd, 0x80,

    /* U+9093 "邓" */
    0x3, 0x44, 0xf1, 0x80, 0x2a, 0xef, 0xc6, 0x1d,
    0x77, 0xec, 0x0, 0x23, 0x8, 0xce, 0x88, 0xf,
    0xdd, 0xe5, 0x20, 0x9, 0x6a, 0xa5, 0x17, 0x2,
    0x2f, 0x33, 0x80, 0x78, 0x5a, 0x40, 0x3f, 0x1e,
    0x0, 0x79, 0x85, 0xc0, 0xd, 0xa2, 0x0, 0x30,
    0x50, 0xf, 0x4c, 0x80, 0x27, 0xd, 0x0, 0x50,
    0x98, 0x7, 0x30, 0xb8, 0x4, 0x3e, 0x74, 0xe,
    0xc0, 0x1e, 0x30, 0x60, 0xc, 0x54, 0xb6, 0x36,
    0x1, 0xe5, 0xa9, 0x40, 0xc, 0xb0, 0x84, 0x60,
    0x1f, 0x2b, 0x50, 0x7, 0x18, 0x18, 0x80, 0x7e,
    0xb1, 0x40, 0xd, 0x44, 0x14, 0x1, 0xf8, 0x80,
    0x80, 0x29, 0x1e, 0xb4, 0x60, 0xf, 0x84, 0xc,
    0x0, 0xac, 0xe6, 0xaa, 0x80, 0xc, 0x95, 0x4f,
    0x4, 0x6, 0xa3, 0x80, 0x4, 0x40, 0x3, 0x33,
    0x49, 0x82, 0x72, 0x5a, 0x1, 0x13, 0x0, 0x62,
    0xcc, 0x51, 0x81, 0xbe, 0x8, 0x7, 0xff, 0x12,
    0x4, 0x3, 0xff, 0x88,

    /* U+90B1 "邱" */
    0x0, 0xf8, 0x99, 0xc0, 0x3f, 0xf8, 0x7, 0x15,
    0xbf, 0xb3, 0x44, 0x1d, 0xff, 0xda, 0x20, 0x4,
    0x71, 0x59, 0xbf, 0xd2, 0x0, 0x24, 0x44, 0x26,
    0x20, 0x10, 0xdc, 0x32, 0x0, 0x76, 0x3b, 0x94,
    0x64, 0x3, 0xff, 0x8b, 0x62, 0xe0, 0x1f, 0xfc,
    0x41, 0x69, 0x0, 0xe1, 0x66, 0xf8, 0x3, 0x30,
    0x38, 0x7, 0xa6, 0x7d, 0x0, 0x1a, 0x5c, 0x3,
    0xc3, 0xff, 0x50, 0x7f, 0x0, 0x42, 0x6, 0x1,
    0xff, 0xc5, 0x1f, 0x6b, 0x0, 0xff, 0xe2, 0x8f,
    0xa3, 0x0, 0x7f, 0xf1, 0x49, 0x6c, 0x3, 0xff,
    0x8d, 0x84, 0x1, 0xff, 0xc6, 0xf0, 0xf, 0xc3,
    0xa1, 0x38, 0xa1, 0xf3, 0x2b, 0x65, 0x0, 0x2e,
    0xe, 0x7f, 0x38, 0x3b, 0x98, 0x3c, 0xd5, 0xdd,
    0x40, 0xa, 0x40, 0x15, 0x8b, 0xee, 0x59, 0x80,
    0x2b, 0x31, 0x0, 0x15, 0x67, 0xed, 0x3a, 0x8,
    0x7, 0xff, 0x1, 0x4c, 0x3, 0xff, 0x8a,

    /* U+90B5 "邵" */
    0xd, 0xee, 0xfc, 0xc7, 0xdd, 0xe8, 0xb, 0x88,
    0x19, 0xa2, 0x12, 0x26, 0x2, 0xf3, 0x27, 0x12,
    0x6, 0x68, 0xd5, 0x98, 0xa0, 0x20, 0xa, 0x77,
    0x70, 0x40, 0x4, 0x43, 0xa0, 0x6, 0x7, 0x0,
    0xe9, 0x42, 0x0, 0xac, 0x54, 0x0, 0x20, 0x40,
    0x19, 0x46, 0x0, 0x23, 0x69, 0x0, 0xb4, 0x4,
    0x3, 0x4a, 0x18, 0x0, 0xf4, 0xdc, 0x8c, 0xca,
    0x80, 0x19, 0xe, 0x0, 0xb, 0x87, 0xa0, 0xf9,
    0x82, 0xf0, 0xc, 0xe1, 0x60, 0x5, 0x8d, 0x10,
    0x5d, 0xd7, 0xa0, 0x6, 0x3c, 0x77, 0x0, 0x15,
    0x9b, 0x22, 0x19, 0x80, 0x1c, 0x71, 0x2, 0x6,
    0x99, 0xfc, 0x1, 0xe7, 0xa, 0x0, 0xbb, 0xff,
    0x40, 0x7, 0xe2, 0x20, 0x7, 0xff, 0x14, 0xcc,
    0x1, 0xff, 0xc2, 0x78, 0xc1, 0xc0, 0xf, 0xfe,
    0x17, 0x28, 0x4a, 0x80, 0x5d, 0xff, 0xa0, 0x3,
    0xa7, 0x71, 0x80, 0x33, 0xcc, 0xe4, 0x0, 0xff,
    0xe0, 0xcb, 0x36, 0xbf, 0x0, 0xff, 0x27, 0x88,
    0x7, 0xc7, 0xe6, 0x1, 0xc0,

    /* U+90B9 "邹" */
    0x0, 0xd5, 0x20, 0x1f, 0xfc, 0x52, 0x51, 0x0,
    0xf5, 0xe6, 0x6d, 0x90, 0xd, 0x60, 0xff, 0xf6,
    0x0, 0x14, 0x55, 0x4c, 0x48, 0x1, 0xb, 0x25,
    0x52, 0x41, 0x80, 0x24, 0x99, 0x82, 0xc0, 0x2a,
    0xa, 0x55, 0x8, 0x40, 0x7, 0xa4, 0x58, 0x0,
    0xc9, 0x22, 0x0, 0x96, 0x20, 0xe, 0x15, 0x90,
    0x1, 0x4a, 0xb0, 0x2, 0x42, 0x0, 0x3d, 0x22,
    0xe0, 0x2, 0x85, 0xee, 0x98, 0x7f, 0xa0, 0x3,
    0x33, 0x80, 0x67, 0x89, 0x9a, 0x21, 0x22, 0x20,
    0xc, 0xcc, 0x30, 0xc, 0xef, 0xf0, 0x80, 0x74,
    0x27, 0x0, 0x7f, 0xf1, 0xa4, 0x98, 0x2, 0x47,
    0x7f, 0x8, 0x7, 0x88, 0xf4, 0x2, 0xd8, 0x8f,
    0x0, 0x7e, 0x66, 0x0, 0x53, 0xff, 0xe1, 0x0,
    0xf9, 0x98, 0x1, 0xff, 0xc3, 0x7a, 0xd3, 0xd0,
    0x8, 0x47, 0xf0, 0x6, 0x21, 0x69, 0x60, 0x2,
    0x77, 0x7c, 0x1, 0xcb, 0x76, 0x60, 0x9, 0x6e,
    0xfe, 0x0, 0xff, 0xe0, 0xa, 0x27, 0xc7, 0xc0,
    0x1f, 0xc0,

    /* U+90D1 "郑" */
    0x0, 0xa4, 0xc0, 0x22, 0xb3, 0x0, 0xff, 0xe0,
    0x17, 0x0, 0x54, 0x84, 0x15, 0xff, 0xd8, 0x20,
    0x14, 0x93, 0x80, 0x19, 0x82, 0x2, 0x51, 0x11,
    0x18, 0x80, 0x44, 0xe6, 0xe, 0x30, 0x1, 0x33,
    0xb9, 0x89, 0xc0, 0x9, 0xfe, 0x7b, 0xf8, 0xe,
    0xf2, 0x0, 0xcc, 0x12, 0x0, 0x59, 0x9a, 0x1,
    0xa6, 0x63, 0x0, 0xd4, 0xa2, 0x0, 0x16, 0x69,
    0x43, 0x59, 0xa1, 0x0, 0x94, 0xa0, 0x3, 0xff,
    0x8b, 0x28, 0x40, 0x1f, 0x8, 0x38, 0x7, 0xd6,
    0x86, 0x1, 0x7f, 0xec, 0xc, 0xff, 0xa8, 0x2,
    0x76, 0xd1, 0x0, 0x4c, 0xe3, 0x9, 0x9d, 0xc0,
    0x1a, 0x42, 0x0, 0xc, 0xd8, 0x5, 0x9b, 0x20,
    0x7, 0x3b, 0x80, 0x38, 0x8c, 0x70, 0x3, 0xfb,
    0xc4, 0x3, 0xac, 0x2c, 0xf0, 0x3, 0xf7, 0x0,
    0x71, 0x33, 0x12, 0xce, 0xc0, 0x31, 0x4d, 0x3a,
    0x0, 0x6f, 0x18, 0x4, 0xa4, 0x90, 0x8, 0xdd,
    0xcb, 0x40, 0x15, 0x95, 0x8, 0x1, 0x59, 0x82,
    0x0, 0x1e, 0xda, 0x10, 0x5, 0xa4, 0x20, 0x6,
    0x9c, 0x10, 0xf, 0xec, 0x87, 0x0, 0xf1, 0x80,
    0x7f, 0x0,

    /* U+90DD "郝" */
    0x0, 0xe3, 0xb1, 0x0, 0xff, 0xe2, 0xba, 0x18,
    0x6, 0x7e, 0xee, 0xc1, 0x0, 0x22, 0xab, 0x1,
    0x56, 0x40, 0xf1, 0x99, 0x8c, 0x44, 0x0, 0xaa,
    0x9c, 0x22, 0xa9, 0x20, 0x1, 0x77, 0x31, 0x50,
    0x5, 0xdf, 0xeb, 0xd, 0xff, 0x68, 0x7, 0x38,
    0x30, 0x7, 0xff, 0x16, 0x98, 0x40, 0xc, 0xdb,
    0x42, 0x99, 0xa4, 0x0, 0x8c, 0xd4, 0x1, 0x44,
    0xcc, 0xc0, 0xf3, 0x36, 0x80, 0x52, 0x66, 0x0,
    0xbb, 0xfc, 0xaa, 0xf5, 0x57, 0xfa, 0x40, 0x2f,
    0x34, 0x0, 0xcc, 0x62, 0x60, 0x12, 0x98, 0x6,
    0x57, 0xa1, 0x0, 0xa5, 0xdc, 0x20, 0x16, 0xc0,
    0x7, 0x40, 0x48, 0x0, 0xc1, 0x7, 0xc0, 0x2a,
    0x41, 0x0, 0xe7, 0x50, 0x4, 0xa8, 0x11, 0x0,
    0x22, 0x23, 0x80, 0x77, 0x10, 0xa, 0xc1, 0x3,
    0x80, 0x64, 0xc0, 0xe, 0xe2, 0x1, 0xd2, 0x70,
    0x20, 0xd, 0x14, 0x0, 0x29, 0xa6, 0x40, 0x1,
    0x7, 0x28, 0x7, 0x8, 0x4, 0x4a, 0xcf, 0x0,
    0x11, 0xa7, 0x0, 0x7f, 0xb3, 0x10, 0x20, 0x2,
    0xd4, 0x41, 0xab, 0x98, 0x7, 0xff, 0x4, 0xa8,
    0x16, 0x83, 0x40, 0x3f, 0xf8, 0x5, 0x82, 0xd,
    0xfa, 0x80, 0x14, 0x70, 0x7, 0x80,

    /* U+90ED "郭" */
    0x0, 0xea, 0x50, 0xf, 0xfe, 0x31, 0xc0, 0x7,
    0x5d, 0xf6, 0x40, 0x3, 0xbf, 0xe6, 0x2f, 0xfc,
    0xa8, 0xc2, 0x31, 0xa8, 0x2, 0xea, 0xbf, 0x9c,
    0x2a, 0xa8, 0xb, 0x0, 0x2b, 0xbf, 0xe5, 0x20,
    0xd, 0x40, 0xc0, 0x17, 0x6e, 0xfc, 0x60, 0x1c,
    0xce, 0x1, 0xcf, 0xff, 0xb4, 0x3, 0xcc, 0x32,
    0x1, 0xc2, 0x45, 0x9c, 0x3, 0xd6, 0xc2, 0x1,
    0x9d, 0xb7, 0x75, 0x0, 0x7c, 0xa0, 0x1d, 0x7f,
    0xff, 0x18, 0x6, 0xc1, 0xa0, 0x8, 0x7f, 0xfe,
    0xe1, 0x0, 0xc3, 0xca, 0x80, 0x1, 0xcc, 0xd4,
    0x22, 0xb1, 0x0, 0xe3, 0x37, 0x0, 0x46, 0x73,
    0x53, 0xfa, 0x80, 0x7c, 0xae, 0x0, 0x67, 0x74,
    0x48, 0x1d, 0x5e, 0x20, 0x7, 0x18, 0x80, 0x22,
    0xad, 0x4, 0xc, 0x8e, 0xd8, 0x0, 0x6f, 0x2a,
    0xa0, 0x7, 0x6e, 0x62, 0x82, 0x65, 0xe, 0x40,
    0x7, 0x87, 0x59, 0x0, 0xff, 0xe1, 0xa7, 0xf5,
    0x0, 0x72, 0x23, 0x4, 0x3, 0xff, 0x89, 0xb4,
    0xd2, 0x1, 0xff, 0xc1,

    /* U+9192 "醒" */
    0xe, 0xef, 0xca, 0xdf, 0xff, 0x20, 0x2, 0xec,
    0x85, 0x21, 0x76, 0x70, 0x6, 0x66, 0xb0, 0xc,
    0xaa, 0xd5, 0x43, 0x55, 0x10, 0x9, 0x16, 0x60,
    0xc, 0x25, 0xe6, 0xc6, 0x44, 0x0, 0xf, 0x76,
    0xd0, 0xd, 0x5a, 0xeb, 0x43, 0xba, 0x20, 0x1f,
    0xfd, 0xc0, 0x1c, 0xd2, 0x94, 0x9a, 0x1, 0x9,
    0x9e, 0x40, 0xe, 0xe2, 0x11, 0x88, 0x0, 0x61,
    0x99, 0xa8, 0x3, 0xc4, 0x40, 0xe, 0x54, 0xac,
    0x2e, 0xff, 0x20, 0x6, 0xcd, 0x1, 0x20, 0x1,
    0xa3, 0x39, 0x0, 0x7d, 0x6e, 0xaa, 0xf, 0x1,
    0x90, 0xcb, 0xe, 0xff, 0x50, 0x4, 0xb8, 0x3,
    0x7a, 0x16, 0xb3, 0x70, 0x15, 0x76, 0x80, 0x8,
    0x99, 0xde, 0x80, 0x27, 0x64, 0x30, 0x44, 0x88,
    0x2, 0x6d, 0xdc, 0x41, 0x17, 0xdc, 0xa0, 0xfe,
    0xe2, 0x0, 0x55, 0x5e, 0x0, 0x15, 0xd9, 0x82,
    0x2e, 0xca, 0x1, 0x78, 0x8e, 0x20, 0x0, 0xaa,
    0xb0, 0x1d, 0x54, 0x20, 0x13, 0xf7, 0x6d, 0x6,
    0x55, 0xb0, 0x1d, 0x56, 0x10, 0x3, 0xf7, 0x6d,
    0x2, 0x88, 0x94, 0xae, 0x22, 0x20,

    /* U+91D1 "金" */
    0x0, 0xff, 0xe8, 0xaf, 0xa0, 0x7, 0xff, 0x10,
    0xa8, 0xc, 0x3, 0xff, 0x86, 0x98, 0x4f, 0x10,
    0x0, 0xff, 0xe0, 0xb5, 0x9e, 0x44, 0xbe, 0x10,
    0x7, 0xf1, 0xe4, 0xa6, 0x8, 0x35, 0x96, 0xb8,
    0x7, 0x92, 0xb0, 0xe6, 0xc4, 0x2, 0x4e, 0x68,
    0xe7, 0x10, 0x6, 0xda, 0xb0, 0x4f, 0xff, 0xcc,
    0xc5, 0x8e, 0x50, 0x87, 0xe9, 0x9e, 0x30, 0x99,
    0xd7, 0x6c, 0x75, 0x5, 0x81, 0x6, 0x6c, 0xa0,
    0xcd, 0x88, 0xe, 0x0, 0x3f, 0xf9, 0x66, 0xef,
    0xe5, 0x7, 0x7f, 0x80, 0x32, 0x4c, 0xf8, 0xc2,
    0x67, 0xe0, 0xc, 0xfd, 0x57, 0xdd, 0x30, 0x77,
    0x5b, 0x3d, 0xc0, 0xf, 0x15, 0x10, 0x7, 0xd1,
    0x40, 0x1f, 0x98, 0xa4, 0x3, 0xc8, 0x89, 0x0,
    0xfe, 0x84, 0x20, 0xe, 0xa7, 0x40, 0xe, 0x25,
    0x58, 0xdd, 0xca, 0xa0, 0x55, 0x37, 0x2a, 0xe0,
    0x2, 0x55, 0x52, 0xf5, 0x43, 0xa, 0xa3, 0xcd,
    0x55, 0x60,

    /* U+949F "钟" */
    0x0, 0x8c, 0x80, 0x3f, 0x31, 0x0, 0x7d, 0xb2,
    0x1, 0xfa, 0x50, 0x3, 0xcc, 0x24, 0xcd, 0x8,
    0x7, 0xfc, 0x30, 0xd, 0x33, 0x18, 0x7, 0xfd,
    0x81, 0xdf, 0xf8, 0xe2, 0x30, 0x6c, 0x44, 0x84,
    0x4d, 0x10, 0xc, 0x6e, 0xca, 0xc0, 0xab, 0x3e,
    0x16, 0xc7, 0xfe, 0xd0, 0x6, 0x6f, 0x4, 0x6e,
    0x84, 0x0, 0x5f, 0x20, 0x93, 0x0, 0x1f, 0xfc,
    0x14, 0x61, 0x36, 0x50, 0xf, 0xfe, 0x9e, 0x6e,
    0x85, 0xf7, 0x48, 0xa, 0xa6, 0xc, 0x55, 0x8,
    0x2, 0xea, 0x80, 0x75, 0x42, 0x8, 0xa9, 0x5,
    0xaa, 0x0, 0x4e, 0xf0, 0xa3, 0xb9, 0x82, 0xfb,
    0x42, 0x3b, 0x82, 0x1, 0xfc, 0x56, 0x82, 0x40,
    0x23, 0x64, 0x80, 0x7c, 0x22, 0x40, 0xf, 0x88,
    0x40, 0x38, 0x5f, 0x94, 0x3, 0xff, 0x82, 0x42,
    0xd0, 0xe8, 0x1, 0xff, 0xc1, 0x90, 0x4d, 0x80,
    0xf, 0xfe, 0x17, 0x55, 0x90, 0x7, 0xff, 0x0,

    /* U+94B1 "钱" */
    0x0, 0x99, 0x0, 0x3c, 0xd4, 0x4, 0x1, 0xe1,
    0x93, 0x0, 0xf7, 0x20, 0xe6, 0xa0, 0x6, 0x80,
    0xf7, 0x73, 0x0, 0x5e, 0x3, 0xcb, 0x64, 0x0,
    0x36, 0x7, 0x88, 0x50, 0x6, 0x10, 0x4, 0x60,
    0x0, 0x74, 0xbf, 0xf6, 0x0, 0x9e, 0x85, 0x6f,
    0xe6, 0x1, 0x43, 0xc0, 0x38, 0xfb, 0x14, 0x1,
    0x54, 0xce, 0x4, 0xcc, 0x7f, 0xe8, 0x3c, 0xeb,
    0x8, 0x75, 0x30, 0x8, 0xa2, 0x41, 0xa6, 0xc0,
    0xc5, 0x80, 0x40, 0x51, 0xcc, 0x0, 0xcc, 0xc,
    0x63, 0x0, 0x12, 0x7, 0x75, 0x74, 0xc0, 0x1f,
    0xa3, 0xf6, 0x40, 0x63, 0x3f, 0x54, 0x3b, 0xfc,
    0x15, 0xfe, 0xda, 0xdf, 0x35, 0x63, 0x1d, 0x50,
    0x89, 0x90, 0x2c, 0xc9, 0x54, 0x40, 0xa8, 0x0,
    0xd0, 0x50, 0x66, 0x83, 0xd9, 0x80, 0x1b, 0xc8,
    0x98, 0x5e, 0x1, 0xff, 0xc1, 0x70, 0xd1, 0xc2,
    0x0, 0xf9, 0x74, 0x80, 0x29, 0x0, 0x61, 0x8,
    0x80, 0x21, 0xb, 0xa5, 0x21, 0x7e, 0x66, 0x3,
    0x82, 0x68, 0x5, 0x60, 0xbb, 0x10, 0xe8, 0x7f,
    0x94, 0x98, 0x95, 0x0, 0x8a, 0xac, 0x82, 0xe3,
    0xa4, 0x42, 0xd9, 0xc6, 0xc0,

    /* U+94ED "铭" */
    0x0, 0x91, 0x40, 0x3e, 0x75, 0x0, 0xfd, 0x5c,
    0x1, 0xe2, 0x80, 0xf, 0xcc, 0x24, 0xab, 0x0,
    0x52, 0x6, 0xcd, 0x28, 0x0, 0xa0, 0x1a, 0xaa,
    0x10, 0x64, 0x9, 0x9d, 0x42, 0x2f, 0xd, 0xee,
    0xc2, 0x92, 0xff, 0xf8, 0x94, 0x48, 0x9a, 0x42,
    0x39, 0x6d, 0x60, 0x2, 0x62, 0x90, 0x3d, 0xff,
    0xe9, 0xc6, 0xfe, 0x40, 0x29, 0x63, 0x0, 0x14,
    0xc8, 0x4e, 0x76, 0x64, 0xaa, 0xb7, 0xf1, 0x80,
    0xc, 0xac, 0x4c, 0xc4, 0x0, 0xad, 0xa0, 0xb4,
    0x40, 0x3f, 0xf8, 0x24, 0xa1, 0x66, 0x1, 0xaa,
    0xec, 0x69, 0x76, 0x10, 0x5c, 0x35, 0x26, 0x68,
    0x2, 0x11, 0x80, 0x44, 0xf9, 0x42, 0xb, 0x33,
    0x88, 0x2a, 0xa2, 0x4a, 0xa1, 0x3a, 0xf, 0xfe,
    0xb0, 0xf, 0xf2, 0x5e, 0x0, 0x7f, 0xf0, 0xcc,
    0x80, 0x3f, 0xf8, 0x44, 0xd7, 0x8e, 0x1, 0xff,
    0xc1, 0x51, 0x36, 0xb5, 0x0, 0xf, 0xfe, 0xb0,
    0xe, 0xe0, 0x7d, 0x40, 0xd, 0x33, 0x98, 0x3,
    0xa2, 0xe0, 0x3, 0x85, 0x9b, 0x68, 0x80,

    /* U+95EB "闫" */
    0x3, 0xa0, 0xf, 0xfe, 0x2a, 0xd0, 0x3, 0x7f,
    0xff, 0xc6, 0x7, 0x2a, 0xe1, 0x73, 0x3f, 0x9c,
    0x3, 0x32, 0x41, 0x33, 0x7f, 0x58, 0x7, 0x53,
    0x10, 0x7, 0xff, 0x0, 0xf0, 0x45, 0x4, 0x5f,
    0x84, 0x3, 0x39, 0x98, 0x23, 0x77, 0xf8, 0x3,
    0xf4, 0x77, 0x7e, 0xd0, 0xf, 0xc2, 0x3f, 0xe0,
    0xf, 0xe4, 0x55, 0xf8, 0x3, 0xfd, 0x35, 0x5f,
    0x0, 0x7f, 0xb7, 0xff, 0xe0, 0xf, 0xfe, 0x7a,
    0xaf, 0xf8, 0x3, 0xe2, 0xaa, 0xff, 0x10, 0x7,
    0x8b, 0xff, 0xfc, 0x40, 0x1f, 0xfc, 0x34, 0x76,
    0xa0, 0x10, 0xf, 0xfe, 0x1, 0x44, 0xbb, 0x10,
    0x7, 0xff, 0x1, 0xbf, 0xdd, 0x20,

    /* U+963F "阿" */
    0x5e, 0xed, 0xaa, 0xcd, 0xff, 0x8, 0xc, 0x41,
    0x4c, 0xa6, 0x7f, 0xe2, 0x0, 0x33, 0x1d, 0xef,
    0xff, 0xc2, 0xfe, 0x60, 0x11, 0x1d, 0x0, 0x7f,
    0xf1, 0x14, 0x8c, 0x8, 0xcf, 0x80, 0x3f, 0xa9,
    0x40, 0x19, 0x9e, 0x0, 0xfe, 0x55, 0x0, 0x51,
    0xdc, 0x80, 0xf, 0xf4, 0x4, 0x0, 0x8, 0x44,
    0x40, 0x1f, 0xf5, 0x30, 0x7, 0xff, 0x14, 0xc4,
    0x3, 0xff, 0x8a, 0xe0, 0x21, 0xa6, 0x6d, 0x0,
    0xfe, 0x26, 0xf1, 0x10, 0x3e, 0x61, 0xc0, 0x3f,
    0xd0, 0x14, 0x0, 0x9f, 0xfc, 0x1, 0xf8, 0xbb,
    0x10, 0x19, 0x40, 0x3f, 0xf8, 0xb0, 0x60, 0x1f,
    0xfd, 0xc5, 0x59, 0x87, 0xc0, 0x3f, 0xf8, 0x3f,
    0x54, 0x84, 0x60, 0x0,

    /* U+9646 "陆" */
    0x0, 0xff, 0x93, 0x4, 0x3, 0x9b, 0xff, 0x8c,
    0x3, 0x9, 0x98, 0x3, 0xeb, 0xb2, 0x81, 0x80,
    0x7f, 0xf0, 0x45, 0x10, 0xee, 0x5, 0xff, 0xa8,
    0x37, 0xfd, 0xc0, 0x1c, 0x85, 0x40, 0xf3, 0x33,
    0x3, 0xcc, 0xa0, 0x3, 0xb9, 0x48, 0x9, 0x9a,
    0xc0, 0xa6, 0x68, 0x3, 0xa, 0xf0, 0x7, 0xff,
    0x10, 0x56, 0x0, 0x3f, 0xf8, 0xb4, 0x50, 0x7f,
    0xfa, 0x83, 0x7f, 0xf1, 0x0, 0x68, 0x62, 0x99,
    0xcc, 0xf, 0x33, 0x88, 0x3, 0x20, 0x9b, 0x36,
    0xc0, 0xa6, 0x6c, 0x1, 0xc2, 0x0, 0x13, 0x0,
    0xf8, 0xc4, 0x2, 0x47, 0xf1, 0x29, 0xd0, 0xf,
    0xb1, 0xc0, 0x21, 0xa7, 0xa0, 0xf, 0xfe, 0x1a,
    0xed, 0xa0, 0x7, 0xff, 0x70, 0x7f, 0xd4, 0x1b,
    0xfe, 0x0, 0xff, 0x5c, 0xcf, 0xe0, 0xf, 0xf1,
    0xb3, 0x7e, 0x13, 0x0,

    /* U+9648 "陈" */
    0x0, 0xff, 0x6c, 0x0, 0x7c, 0xdd, 0xdb, 0x44,
    0x0, 0x65, 0xe0, 0x1f, 0x86, 0x20, 0xa4, 0x2,
    0x24, 0x3, 0x11, 0xf0, 0x4, 0xcc, 0x75, 0xbe,
    0xe4, 0x5, 0xf7, 0x77, 0x80, 0x61, 0x3f, 0x8b,
    0xa0, 0x6b, 0xbf, 0x68, 0x6, 0x40, 0x52, 0x43,
    0xb, 0x44, 0xf1, 0x80, 0x6f, 0x50, 0xb, 0x4c,
    0x96, 0x40, 0x3f, 0x84, 0x2, 0x24, 0x90, 0xd7,
    0x0, 0xfe, 0xa5, 0x50, 0x40, 0xa8, 0x7, 0xff,
    0x0, 0x56, 0x49, 0x47, 0xfc, 0xe3, 0xff, 0x8c,
    0x3, 0xb0, 0xc9, 0xe2, 0x64, 0x81, 0x33, 0x88,
    0x3, 0x8c, 0x1, 0xe, 0xcc, 0x31, 0x66, 0xc2,
    0x1, 0xb, 0xc0, 0x80, 0x2d, 0x0, 0x31, 0x60,
    0x80, 0x61, 0x91, 0xa0, 0x64, 0x70, 0xc, 0x44,
    0x90, 0xe, 0xec, 0x40, 0xb4, 0x30, 0xe, 0x97,
    0x10, 0xf, 0x9c, 0xa0, 0x3, 0xce, 0x12, 0x1,
    0xe2, 0x86, 0x30, 0xf, 0x99, 0xc4, 0x3, 0x8d,
    0x64, 0x19, 0xd0, 0xc0, 0x2b, 0x81, 0x0, 0xe1,
    0xa0, 0x6, 0x48, 0xc0, 0x4, 0x4e, 0x0,

    /* U+9662 "院" */
    0x0, 0xff, 0x1e, 0x90, 0x7, 0x9b, 0xff, 0x71,
    0x0, 0x44, 0x48, 0x0, 0xfd, 0x54, 0x40, 0x2,
    0x24, 0xa8, 0xaa, 0x44, 0x8c, 0x0, 0x2a, 0xa6,
    0x63, 0xdd, 0xe4, 0xa, 0xbb, 0xbc, 0x3, 0x19,
    0x50, 0xf, 0xff, 0xe5, 0x0, 0xea, 0x42, 0x0,
    0xff, 0xe2, 0x3e, 0x2, 0x6f, 0x7f, 0xfd, 0xdc,
    0x0, 0xd1, 0x22, 0x23, 0xba, 0xaf, 0x90, 0x80,
    0x33, 0x1c, 0x80, 0x15, 0x7f, 0x0, 0x7d, 0x4a,
    0x4, 0x5f, 0xe1, 0x0, 0xe3, 0x25, 0xdd, 0xff,
    0x60, 0x7, 0xcf, 0x98, 0x33, 0x65, 0x84, 0x66,
    0x38, 0x2, 0x25, 0x81, 0x23, 0x30, 0xa9, 0xa8,
    0x19, 0xe0, 0xd, 0x61, 0x40, 0x1, 0x2f, 0x0,
    0xff, 0x17, 0x62, 0x0, 0x24, 0x1c, 0x3, 0x85,
    0x0, 0x3f, 0x2b, 0xb0, 0x80, 0x71, 0x58, 0x80,
    0x71, 0xd5, 0x12, 0x40, 0x36, 0xa5, 0x80, 0x80,
    0x74, 0xa4, 0xd8, 0x4, 0x28, 0xd6, 0xee, 0x7,
    0xd0, 0xa, 0xb9, 0x80, 0x3a, 0xff, 0xe8, 0x0,

    /* U+9676 "陶" */
    0x0, 0xfc, 0xd2, 0x1, 0xf9, 0xbf, 0xf7, 0x18,
    0x41, 0x80, 0x7f, 0xaa, 0x8a, 0x24, 0x83, 0xe0,
    0x1f, 0xc2, 0xaa, 0x15, 0x1f, 0xa, 0xff, 0xfb,
    0x0, 0x32, 0x71, 0xa3, 0xd5, 0xdf, 0x90, 0x3,
    0x29, 0x27, 0x1c, 0x40, 0x91, 0x38, 0x5c, 0x2,
    0xea, 0xa1, 0x7a, 0x90, 0x2a, 0xc8, 0x1, 0xe2,
    0xbe, 0xa2, 0xb2, 0xba, 0x99, 0x78, 0x7, 0xa4,
    0x4d, 0x68, 0xf6, 0x47, 0x31, 0x60, 0x22, 0x0,
    0xd5, 0x40, 0xd8, 0x22, 0x1, 0x14, 0x20, 0x1e,
    0x32, 0x18, 0xad, 0x91, 0xdd, 0x9c, 0x3, 0xfb,
    0x23, 0xec, 0x7f, 0x61, 0x9c, 0xc0, 0x5, 0x54,
    0x11, 0x35, 0x0, 0x66, 0x90, 0x10, 0x8, 0x81,
    0xf0, 0x3, 0xfe, 0x10, 0xa, 0xa4, 0x80, 0x5,
    0xf6, 0x3f, 0x60, 0x3, 0xf0, 0xf, 0x93, 0x33,
    0xe0, 0x11, 0x0, 0x7e, 0x33, 0xf1, 0x10, 0x8,
    0x3, 0xff, 0x80, 0x28, 0x8b, 0x5, 0x0, 0xff,
    0xe0, 0x1d, 0xd9, 0xe0, 0x5b, 0x80, 0x3f, 0xc5,
    0xfe, 0xe7, 0x0,

    /* U+96E8 "雨" */
    0x78, 0x8f, 0xfe, 0x2c, 0xbb, 0xff, 0xf1, 0x1b,
    0xbf, 0xfe, 0x25, 0xff, 0xfb, 0x80, 0x3f, 0xf8,
    0xec, 0xdf, 0x1b, 0x37, 0xe0, 0x4, 0xcf, 0xc2,
    0x73, 0x3f, 0x0, 0x53, 0xff, 0xc4, 0xbf, 0xfd,
    0x20, 0x1c, 0x70, 0x1, 0xc5, 0x22, 0x1, 0xfc,
    0xba, 0x60, 0x19, 0x79, 0xc0, 0x3e, 0x3d, 0x4c,
    0x50, 0x1, 0x64, 0xc4, 0x80, 0x7e, 0x9b, 0x50,
    0xc, 0xdb, 0x0, 0x1e, 0x44, 0x2, 0x0, 0x48,
    0xc0, 0x42, 0x1, 0xe3, 0xba, 0x0, 0xc3, 0x18,
    0x40, 0x1f, 0x3e, 0x3e, 0x98, 0x1, 0x7d, 0xf5,
    0x80, 0x3e, 0x3c, 0x42, 0x0, 0x86, 0xe1, 0x0,
    0x3f, 0xc, 0x88, 0x7, 0x39, 0x0, 0x7f, 0xf0,
    0xd1, 0xdd, 0xa0, 0x1f, 0xe7, 0x20, 0x0, 0xcd,
    0x3c, 0x80,

    /* U+96EA "雪" */
    0x4, 0xff, 0xff, 0xe1, 0x40, 0x1, 0x73, 0x3c,
    0xb, 0x99, 0xe9, 0x1, 0x57, 0x7f, 0x0, 0x1d,
    0xfc, 0xa6, 0xf7, 0x7f, 0x2, 0xdd, 0xfd, 0x0,
    0x3f, 0xfe, 0x17, 0xff, 0xf2, 0x80, 0x43, 0xff,
    0x84, 0x0, 0x3f, 0xf9, 0x40, 0x30, 0xf7, 0x61,
    0x0, 0xf, 0x76, 0x50, 0x3, 0x7b, 0xe6, 0x61,
    0x0, 0xe, 0x66, 0xba, 0xb0, 0x15, 0xee, 0xc2,
    0x0, 0x1e, 0xed, 0x0, 0x18, 0xc4, 0x71, 0x65,
    0x10, 0x8e, 0x20, 0xd, 0x7b, 0xbf, 0xfc, 0x10,
    0xd, 0x7d, 0xdf, 0xf2, 0x0, 0x70, 0x91, 0x7f,
    0xce, 0x1, 0xc7, 0x99, 0xff, 0x18, 0x7, 0x1f,
    0xff, 0xfc, 0x80, 0x1c, 0x89, 0xff, 0xc0, 0x70,
    0xe, 0xbb, 0xff, 0xe0, 0x18, 0x7, 0x7f, 0xff,
    0xf0, 0x10, 0x2,

    /* U+96F7 "雷" */
    0x4, 0xff, 0xff, 0xe1, 0x40, 0x1, 0x73, 0x3c,
    0xb, 0x99, 0xe9, 0x1, 0x57, 0x7f, 0x0, 0x1d,
    0xfc, 0xa6, 0xf7, 0x7f, 0x2, 0xdd, 0xfd, 0x0,
    0x3f, 0xfe, 0x17, 0xff, 0xf2, 0x80, 0x43, 0xff,
    0x84, 0x0, 0x3f, 0xf9, 0x40, 0x30, 0xf7, 0x61,
    0x0, 0xf, 0x76, 0x50, 0x3, 0x7b, 0xe6, 0x61,
    0x0, 0xe, 0x66, 0xbb, 0x50, 0xb, 0x77, 0x61,
    0x0, 0xf, 0x76, 0x81, 0x10, 0x0, 0xc0, 0x31,
    0xde, 0x18, 0x7, 0xf4, 0xe6, 0x75, 0x5e, 0x67,
    0x80, 0x39, 0x7f, 0xf0, 0xbf, 0xfe, 0x80, 0xf,
    0x9, 0x9e, 0x12, 0x33, 0xdc, 0x1, 0xe4, 0xcc,
    0xc0, 0xb9, 0x99, 0x80, 0x3c, 0xbf, 0xf8, 0x5f,
    0xff, 0x40, 0x7, 0x84, 0xcf, 0x9, 0x19, 0xee,
    0x0, 0xf2, 0x66, 0x60, 0x5c, 0xcc, 0xc0, 0x1e,
    0x5f, 0xff, 0xf4, 0x90, 0x0,

    /* U+9700 "需" */
    0x0, 0x19, 0xff, 0xf0, 0x84, 0x0, 0x59, 0x9f,
    0xfc, 0x26, 0x0, 0x17, 0xff, 0x98, 0xff, 0xfc,
    0xe0, 0x9b, 0xbf, 0x31, 0xee, 0xfd, 0x2, 0x53,
    0x3e, 0x42, 0x99, 0xf0, 0x90, 0x1, 0x1d, 0xf2,
    0x90, 0xa3, 0xbe, 0x47, 0x0, 0xdf, 0xf9, 0x40,
    0x3, 0xff, 0x8c, 0x0, 0xbe, 0x1b, 0xb9, 0x0,
    0x3, 0xbb, 0x8a, 0xe8, 0x0, 0xbf, 0xf9, 0x40,
    0x5, 0xff, 0xa8, 0x0, 0x22, 0x4f, 0xfc, 0x9b,
    0x7, 0xff, 0xa8, 0x45, 0x3d, 0xdf, 0x5d, 0xbb,
    0xbe, 0xf8, 0xee, 0xf8, 0x57, 0xbb, 0xef, 0x1,
    0x55, 0xe7, 0x12, 0x55, 0xf1, 0x8, 0x2, 0xef,
    0xa4, 0x1e, 0xef, 0xde, 0x1, 0xa7, 0xfc, 0xc7,
    0xfe, 0xd0, 0xcf, 0xf2, 0x80, 0x7f, 0xf9, 0xc8,
    0xd8, 0x3, 0xf0, 0xb0, 0x4, 0x40, 0xf8, 0x54,
    0x1, 0x7b, 0x0, 0x22, 0x80, 0x5, 0xa6, 0xbf,
    0xcc, 0x0,

    /* U+9709 "霉" */
    0x0, 0x8, 0xff, 0xf0, 0x80, 0x32, 0x77, 0x7f,
    0xf0, 0x94, 0x2, 0x4f, 0xff, 0x1a, 0x7f, 0xf9,
    0x40, 0xd, 0xfd, 0xde, 0x34, 0xee, 0xf7, 0xc0,
    0x0, 0x7b, 0x33, 0x71, 0xa7, 0x66, 0x6e, 0x10,
    0xc, 0x31, 0x18, 0x80, 0x7, 0x11, 0x84, 0x2,
    0x7c, 0x71, 0x1c, 0x1, 0x84, 0x73, 0x64, 0x80,
    0x93, 0xe3, 0x7c, 0x94, 0x79, 0xcc, 0xe6, 0x21,
    0x0, 0x8e, 0xa, 0x7b, 0x22, 0x19, 0xdd, 0xb7,
    0x14, 0x0, 0x98, 0x59, 0xdf, 0xff, 0xf2, 0x2,
    0xd9, 0x57, 0x77, 0xfc, 0x86, 0x20, 0xb1, 0x9c,
    0x19, 0x86, 0x1a, 0xcc, 0xc4, 0x1, 0x85, 0x85,
    0x1c, 0x45, 0x73, 0x76, 0x11, 0x80, 0x2, 0x20,
    0xcf, 0xe2, 0x4d, 0xd7, 0xd8, 0xbe, 0xeb, 0x82,
    0x3f, 0xc1, 0xbd, 0x61, 0xba, 0xc7, 0x26, 0xbd,
    0xd5, 0x6, 0xf7, 0x0, 0x2c, 0x8, 0xba, 0x37,
    0x68, 0xbb, 0x48, 0x4d, 0xa8, 0x5, 0x76, 0xff,
    0xe9, 0xbe, 0xd3, 0x37, 0xf9, 0x0, 0x23, 0x44,
    0xfa, 0x6a, 0x4f, 0xd1, 0x2, 0x1, 0xff, 0x67,
    0xfb, 0x4c, 0x3, 0x0,

    /* U+971E "霞" */
    0x4, 0xff, 0xff, 0xe1, 0x20, 0x4, 0x9d, 0xde,
    0x16, 0xee, 0xf2, 0x0, 0x1b, 0x73, 0x3c, 0x2f,
    0x99, 0xed, 0x50, 0x12, 0xee, 0xf0, 0x27, 0x77,
    0x88, 0xc0, 0x2, 0x7b, 0xb8, 0x84, 0x87, 0x76,
    0xe3, 0x0, 0x91, 0x83, 0xbb, 0x8, 0x0, 0xbb,
    0xad, 0x7, 0x50, 0x38, 0x5d, 0xdc, 0x1, 0x16,
    0xee, 0x48, 0x30, 0x0, 0xa6, 0x66, 0x1e, 0x83,
    0xcc, 0xca, 0x20, 0x15, 0x77, 0xfe, 0xe5, 0x56,
    0x67, 0x75, 0x80, 0x64, 0xee, 0xc0, 0x5, 0xdd,
    0xe4, 0x0, 0xe4, 0xee, 0xc0, 0x6, 0xff, 0xe4,
    0x0, 0xe4, 0xff, 0xdc, 0xad, 0xdd, 0xea, 0x0,
    0xc9, 0xbb, 0xc1, 0x5d, 0xcf, 0xfb, 0xb8, 0x1,
    0x8f, 0xff, 0x82, 0xc5, 0xfb, 0x96, 0x10, 0x1,
    0x9c, 0x8b, 0x80, 0x6d, 0xe1, 0xa9, 0x98, 0x1,
    0x93, 0xbb, 0x88, 0x15, 0xdd, 0x25, 0x60, 0x1c,
    0x9f, 0xfc, 0x97, 0xee, 0xae, 0x7b, 0xd2, 0x1,
    0xfd, 0xa1, 0x1d, 0x51, 0xd2, 0x80, 0x0,

    /* U+9752 "青" */
    0x0, 0xfd, 0x4c, 0x1, 0xfc, 0x46, 0x7e, 0x4d,
    0x33, 0xf1, 0x0, 0x2f, 0x77, 0xc2, 0x9b, 0xbe,
    0xb0, 0x4, 0xf7, 0x78, 0x5b, 0xbb, 0xd2, 0x1,
    0x77, 0xff, 0xb, 0x7f, 0xf5, 0x80, 0x6d, 0xcc,
    0xe1, 0x4c, 0xce, 0x90, 0x1, 0x98, 0x3, 0xff,
    0x82, 0x26, 0x5b, 0x99, 0xf0, 0xa6, 0x67, 0xd1,
    0xdf, 0xff, 0xfc, 0x4a, 0x0, 0xf, 0xff, 0xff,
    0x0, 0x3, 0xe7, 0xcc, 0xfc, 0xc0, 0x1f, 0xbc,
    0x8b, 0xf0, 0x80, 0x7e, 0x8e, 0xef, 0xce, 0x1,
    0xfa, 0xbf, 0xff, 0x40, 0x7, 0xea, 0xff, 0xfd,
    0x0, 0x1f, 0xa3, 0xbb, 0xf3, 0x80, 0x7e, 0x21,
    0x1f, 0xde, 0x1, 0xff, 0xc2, 0x24, 0x46, 0x80,
    0x7f, 0xf0, 0x9a, 0xa8, 0xd0, 0x1, 0x0,

    /* U+9759 "静" */
    0x0, 0xc7, 0x42, 0x1, 0xce, 0xa0, 0x1f, 0xe6,
    0x53, 0x0, 0xc5, 0x0, 0x1f, 0xaf, 0xfd, 0x41,
    0xbf, 0xe9, 0x9, 0xa, 0xff, 0x68, 0x6, 0xbf,
    0xf5, 0x87, 0x7f, 0xa5, 0x92, 0xf7, 0x1, 0x40,
    0x32, 0x77, 0x28, 0x3f, 0xb8, 0xf2, 0xe8, 0x52,
    0x50, 0x1, 0x97, 0x31, 0x21, 0x59, 0x81, 0x2,
    0xaa, 0x28, 0xd5, 0x8, 0x0, 0x60, 0x1f, 0x23,
    0xa2, 0x14, 0x9, 0x54, 0x20, 0x3b, 0xb4, 0x5,
    0xee, 0xba, 0x3b, 0x83, 0x1d, 0xc0, 0x8, 0x7f,
    0xff, 0x60, 0x7, 0x8c, 0x3, 0xbb, 0xff, 0xb1,
    0xff, 0xe1, 0x8f, 0xd0, 0xc7, 0x0, 0x9f, 0x76,
    0x60, 0x6c, 0xc8, 0x1b, 0x28, 0x25, 0x80, 0x30,
    0x8c, 0x60, 0x26, 0x70, 0xf1, 0xa0, 0x28, 0x80,
    0x4d, 0xdd, 0x20, 0x0, 0xd1, 0x3, 0xa8, 0xe0,
    0x1e, 0x8d, 0xd9, 0x80, 0x17, 0x10, 0x4, 0x8a,
    0x0, 0xf4, 0xff, 0xce, 0x0, 0x8c, 0xc0, 0xce,
    0x6b, 0x88, 0x6, 0x8e, 0xe9, 0x80, 0x3f, 0xc,
    0x10, 0x6, 0x11, 0xe0, 0xf, 0xfe, 0x29, 0x19,
    0x80, 0x4, 0xaa, 0x11, 0x0, 0x7f, 0x93, 0x16,
    0x80, 0x15, 0x43, 0x70, 0xf, 0xb9, 0x81, 0xbf,
    0x98, 0xb, 0xfd, 0x82, 0x1, 0xc0,

    /* U+97E6 "韦" */
    0x0, 0xfc, 0x88, 0x0, 0xff, 0xe2, 0x44, 0x0,
    0x3f, 0x95, 0x9b, 0xc4, 0x46, 0x6f, 0x84, 0x26,
    0x7e, 0x11, 0x4c, 0xfc, 0x61, 0x9f, 0xfe, 0x33,
    0x7f, 0xfc, 0x40, 0x1f, 0xfc, 0x85, 0x66, 0xe2,
    0x23, 0x37, 0x84, 0x2, 0x89, 0x9e, 0x11, 0x4c,
    0xf8, 0x80, 0x2d, 0xff, 0xe3, 0x37, 0xff, 0x8c,
    0x3, 0xff, 0x8e, 0x2e, 0xff, 0x11, 0x1d, 0xfe,
    0x53, 0x88, 0xf8, 0x45, 0x11, 0xf7, 0x97, 0xff,
    0xc6, 0x6f, 0xff, 0x9, 0x0, 0x7f, 0xf1, 0x7,
    0xc0, 0x3f, 0xf8, 0x66, 0x6, 0x1, 0xff, 0xc0,
    0x35, 0x54, 0x2, 0x0, 0x7f, 0xf0, 0x1a, 0xa8,
    0x92, 0x1, 0xff, 0xc1, 0x5f, 0xf9, 0x80, 0x3f,
    0xf8, 0xe0,

    /* U+97E9 "韩" */
    0x0, 0xca, 0x80, 0x1f, 0x29, 0x0, 0x7f, 0x4f,
    0x0, 0x7d, 0x4a, 0x1, 0xee, 0xe8, 0xd7, 0xb9,
    0x66, 0x89, 0x6, 0xa2, 0x46, 0x0, 0x88, 0x88,
    0xe2, 0x1d, 0x37, 0x70, 0x2d, 0xdd, 0xc0, 0x6,
    0x68, 0x59, 0xa5, 0xbe, 0xe8, 0x1f, 0xba, 0xc0,
    0x3, 0x77, 0xd, 0x7b, 0x8a, 0x23, 0x83, 0xc4,
    0x70, 0x0, 0x42, 0xea, 0x96, 0x26, 0x55, 0x50,
    0x55, 0x60, 0xc, 0x6a, 0xb8, 0x0, 0xca, 0xb0,
    0x12, 0xac, 0x1, 0x8b, 0xff, 0x0, 0x13, 0xfe,
    0x8, 0xff, 0x80, 0x30, 0xee, 0xe0, 0xf, 0xfe,
    0x20, 0x8e, 0x0, 0x45, 0x54, 0x15, 0x5c, 0x20,
    0x22, 0xcc, 0xc0, 0x1, 0x66, 0x80, 0xd9, 0x8e,
    0xa0, 0x6, 0xff, 0x1a, 0xff, 0x9a, 0x73, 0x20,
    0x9c, 0xc4, 0x80, 0x89, 0x12, 0x16, 0x44, 0x80,
    0x3f, 0x10, 0x0, 0xae, 0xe2, 0x3b, 0xb8, 0x3,
    0xf7, 0x10, 0x1f, 0xfc, 0x6b, 0xff, 0x0, 0x79,
    0x59, 0x88, 0x1, 0xff, 0xc4, 0x2b, 0x5b, 0x0,
    0xff, 0xe2, 0x3e, 0xd9, 0x0, 0x7f, 0xf3, 0x76,
    0xc0, 0x3e, 0xf7, 0x0, 0xe0,

    /* U+987B "须" */
    0x0, 0xc6, 0x40, 0x1f, 0xfc, 0x43, 0xc9, 0x2f,
    0xff, 0xf6, 0x80, 0x45, 0xa7, 0x67, 0x11, 0x88,
    0x22, 0x35, 0x80, 0x17, 0x4f, 0x40, 0x5d, 0xf1,
    0xab, 0xbe, 0x60, 0x5a, 0x4c, 0x10, 0x0, 0xbb,
    0xa0, 0x44, 0xef, 0x80, 0xb, 0x56, 0x20, 0x11,
    0x44, 0x1c, 0x12, 0x23, 0x0, 0x4a, 0x0, 0x4e,
    0x30, 0x6, 0x7f, 0xf3, 0x80, 0x79, 0x2d, 0xc,
    0x3, 0x1d, 0x8, 0x7, 0xcd, 0x69, 0x40, 0x1c,
    0xca, 0x60, 0x1c, 0x37, 0x2d, 0x60, 0x1f, 0xfc,
    0x24, 0x5a, 0x90, 0xf, 0xfe, 0x1a, 0xf2, 0x80,
    0x8, 0x3, 0xff, 0x8a, 0x39, 0x40, 0x18, 0x80,
    0x80, 0x3f, 0xa8, 0x6c, 0x3, 0x61, 0x0, 0x7f,
    0x5a, 0x58, 0x9f, 0x19, 0x25, 0xb2, 0x47, 0x80,
    0x43, 0x89, 0x48, 0x0, 0x11, 0x79, 0x37, 0xdd,
    0x8, 0x1, 0xf8, 0xed, 0x40, 0x25, 0xf0, 0xf0,
    0x9b, 0x4f, 0x50, 0x14, 0xe4, 0x0, 0x37, 0x53,
    0xe1, 0x0, 0x13, 0xd6, 0x91, 0xac, 0x40, 0x24,
    0x6d, 0x91, 0x0, 0xc3, 0x72, 0x80,

    /* U+987E "顾" */
    0x0, 0x7f, 0xfd, 0x31, 0xdd, 0xf8, 0x3, 0x3d,
    0xdf, 0x55, 0xc4, 0x24, 0x5e, 0x22, 0x0, 0xda,
    0x89, 0xc6, 0x66, 0x60, 0x84, 0xb3, 0x40, 0x1c,
    0x28, 0x98, 0x41, 0xdd, 0x44, 0xef, 0x10, 0x7,
    0x25, 0xde, 0x51, 0x8b, 0x76, 0xcc, 0x43, 0x80,
    0x78, 0x7f, 0xc2, 0x1, 0x75, 0xde, 0x0, 0xff,
    0xe2, 0xe, 0x10, 0x7, 0xff, 0x18, 0xc0, 0x3f,
    0xf9, 0xc2, 0x2, 0x1, 0xff, 0xca, 0x4e, 0x16,
    0x0, 0x8c, 0x3, 0xe3, 0x7, 0x0, 0x25, 0x69,
    0x0, 0x42, 0x6, 0x1, 0xc2, 0x4, 0x1, 0x21,
    0x0, 0x65, 0x11, 0x0, 0x73, 0x0, 0x80, 0x63,
    0x1, 0xf2, 0xa7, 0x20, 0xf5, 0x0, 0x69, 0x81,
    0x82, 0xe6, 0x4, 0x0, 0xe7, 0x5f, 0x40, 0x19,
    0x14, 0x30, 0x69, 0x38, 0x41, 0x62, 0x4f, 0x1f,
    0x44, 0x8, 0xf4, 0x19, 0xfa, 0x4, 0x57, 0x50,
    0xc0, 0x3a, 0x38, 0x4, 0xe8, 0x19, 0x2, 0x0,
    0x12, 0xc7, 0x0, 0xd9, 0x0,

    /* U+98CE "风" */
    0x0, 0xb3, 0xff, 0xff, 0x81, 0x40, 0x1f, 0x14,
    0x47, 0xf8, 0x44, 0x1, 0xf3, 0x3b, 0xff, 0x88,
    0x40, 0x3f, 0x88, 0x3, 0xf, 0xa8, 0x7, 0xfc,
    0x3b, 0x20, 0x13, 0x82, 0x0, 0x7f, 0x8, 0xc,
    0xb3, 0x0, 0x16, 0xa2, 0x1, 0xff, 0xc0, 0x66,
    0x4a, 0x29, 0x48, 0x7, 0xfc, 0x20, 0x9, 0x3b,
    0x84, 0x30, 0x8, 0x40, 0x3c, 0x66, 0x0, 0xb4,
    0x4a, 0x0, 0x27, 0x0, 0xf8, 0x44, 0x1, 0x18,
    0x84, 0x80, 0x7f, 0x84, 0x38, 0x2, 0xf1, 0x75,
    0x60, 0x0, 0xb8, 0x7, 0x28, 0x10, 0x2, 0x8b,
    0x61, 0x24, 0x80, 0xc4, 0x3, 0xb4, 0x10, 0x2d,
    0x60, 0xc2, 0x83, 0x80, 0x4c, 0x8, 0x2, 0x44,
    0x6, 0x24, 0x38, 0x0, 0x64, 0xdb, 0x84, 0x24,
    0xc1, 0xb, 0x1, 0x25, 0xc0, 0x33, 0x43, 0xa8,
    0x1b, 0x80, 0x24, 0x5c, 0x21, 0x80, 0x3c, 0xe2,
    0x63, 0xc6, 0x40, 0x30, 0x1, 0xff, 0xc1, 0xa3,
    0x51, 0xc, 0x60, 0xf, 0xfe, 0xa, 0x75, 0x0,

    /* U+98DE "飞" */
    0x69, 0x9f, 0xf8, 0x40, 0x3d, 0x8c, 0xdf, 0xf1,
    0x0, 0x7a, 0xbf, 0xff, 0xac, 0x3, 0x27, 0x20,
    0x7, 0xff, 0x5, 0xc1, 0x2d, 0x50, 0x3, 0xfe,
    0x70, 0x2, 0x5a, 0x58, 0x7, 0xff, 0x0, 0x43,
    0xed, 0xac, 0x3, 0xff, 0x82, 0x60, 0x8d, 0x20,
    0x1f, 0xfc, 0x21, 0x0, 0x34, 0x88, 0x7, 0xff,
    0x8, 0x5a, 0x5f, 0xd4, 0x3, 0xff, 0x82, 0x4a,
    0xde, 0x95, 0x0, 0x1f, 0xfc, 0x6, 0x20, 0x1a,
    0xa6, 0x0, 0x7f, 0xf0, 0x34, 0x48, 0x0, 0xa8,
    0x1, 0xff, 0xc0, 0x40, 0x50, 0xa, 0x80, 0x3f,
    0xf8, 0x6, 0x56, 0x0, 0x15, 0x20, 0xf, 0xfe,
    0x5, 0x1b, 0x81, 0x1, 0x0, 0x7f, 0xf0, 0x1c,
    0xe2, 0xfc, 0xc0, 0x3f, 0xf8, 0x58, 0xca, 0x50,
    0x0,

    /* U+9A6C "马" */
    0x3, 0x77, 0xff, 0xa1, 0x0, 0x32, 0xc4, 0x7f,
    0xcf, 0x80, 0x19, 0xbf, 0xff, 0xe0, 0xe0, 0xf,
    0x34, 0x80, 0x7c, 0x40, 0x60, 0x1e, 0xc4, 0x0,
    0xf9, 0x81, 0x80, 0x3c, 0x2c, 0x1, 0xf1, 0x1,
    0x0, 0x79, 0x84, 0x3, 0xee, 0x1, 0x0, 0xf1,
    0x90, 0x7, 0xc4, 0x40, 0xf, 0x85, 0xff, 0xfe,
    0x52, 0xff, 0x90, 0x0, 0x31, 0x1f, 0xfc, 0x5,
    0x6, 0x0, 0xb, 0xbf, 0xff, 0x3, 0x0, 0xc0,
    0x3f, 0xf8, 0x7c, 0x3, 0xdf, 0xff, 0xfc, 0x2,
    0x2, 0x20, 0x44, 0xcf, 0xff, 0x0, 0xc1, 0x98,
    0xc, 0xdf, 0xfc, 0x11, 0x3, 0x20, 0xf, 0xfe,
    0x1a, 0x6, 0x0, 0x7f, 0xc8, 0xca, 0xd2, 0x8,
    0x1, 0xff, 0xc, 0xd4, 0x9d, 0x8, 0x7, 0xfc,
    0xbf, 0xf7, 0x28, 0x0,

    /* U+9AD8 "高" */
    0x0, 0xff, 0xe6, 0x97, 0x28, 0x7, 0xff, 0xc,
    0x83, 0x80, 0x3f, 0x6f, 0x77, 0xc2, 0x9d, 0xdf,
    0x4c, 0x5d, 0xfd, 0x54, 0xbb, 0xfa, 0x95, 0x67,
    0x7f, 0xf9, 0x15, 0x46, 0x1, 0x66, 0xef, 0xfb,
    0x0, 0x3e, 0x6f, 0xff, 0xc8, 0x1, 0xf8, 0xc8,
    0xbf, 0x38, 0x7, 0xc6, 0xbb, 0xbf, 0x8c, 0x40,
    0x3d, 0xbf, 0xff, 0xec, 0x0, 0x8b, 0xff, 0xff,
    0x88, 0x1, 0x5f, 0xff, 0xff, 0x1, 0xc0, 0x33,
    0x83, 0xf7, 0x7e, 0x0, 0xff, 0xe, 0xef, 0x48,
    0x80, 0x7f, 0x84, 0xcf, 0x88, 0x3, 0xfe, 0x1e,
    0xee, 0xa0, 0xf, 0xfe, 0x6, 0xef, 0x66, 0x0,
    0x3f, 0x9b, 0xc, 0xff, 0x21, 0x80, 0x78, 0x4c,
    0x3, 0xeb, 0x97, 0x80,

    /* U+9B4F "魏" */
    0x0, 0xf8, 0x84, 0x3, 0x2a, 0x80, 0x3c, 0x6f,
    0x15, 0x9d, 0xb4, 0x1, 0xaf, 0x0, 0x3c, 0xd8,
    0x20, 0x7b, 0xf6, 0x2c, 0xc7, 0x10, 0x66, 0x84,
    0x0, 0xb7, 0x3e, 0x6, 0x0, 0x29, 0xba, 0x6,
    0xbb, 0x49, 0x0, 0x3b, 0xfd, 0x41, 0xff, 0x48,
    0x6e, 0x91, 0xb7, 0x0, 0x37, 0xf5, 0x80, 0x17,
    0xb9, 0x20, 0x86, 0xe4, 0x6a, 0x1, 0x84, 0xe8,
    0xc0, 0x18, 0x60, 0xb, 0xc3, 0x4c, 0xb0, 0xc,
    0x98, 0xf0, 0x14, 0xba, 0xe1, 0xfe, 0x27, 0xfe,
    0x0, 0x8a, 0xda, 0x40, 0x28, 0xc7, 0x0, 0x8b,
    0x80, 0x38, 0xb6, 0x0, 0xe8, 0x0, 0x60, 0xf,
    0xe0, 0x9e, 0xe0, 0x6, 0x65, 0x54, 0x62, 0xac,
    0x57, 0x66, 0x6, 0xa7, 0x92, 0x0, 0x45, 0x50,
    0x1a, 0xa9, 0x22, 0x88, 0x20, 0x64, 0x55, 0x8,
    0x3, 0x34, 0x2f, 0xfc, 0x56, 0x0, 0x15, 0x50,
    0x9, 0xa8, 0x80, 0x5c, 0x48, 0xc, 0x6c, 0x0,
    0x60, 0xe0, 0x64, 0xe9, 0x0, 0xa5, 0xbe, 0xa6,
    0xc4, 0xa, 0x1d, 0x83, 0x58, 0x54, 0x2, 0x5b,
    0x65, 0xf, 0x20, 0xe2, 0x80, 0x5, 0x64, 0xd8,
    0x0, 0x9f, 0x5e, 0xb4, 0x66, 0xcf, 0x80, 0x22,
    0x12, 0x91, 0xe, 0xaa, 0x7a, 0x95, 0xc3, 0x59,
    0x81, 0x13, 0x7b, 0x50, 0x43, 0x35, 0xc4, 0x2,
    0x3d, 0x40, 0xb, 0x7f, 0xeb, 0x0,

    /* U+9E23 "鸣" */
    0x0, 0xff, 0xa2, 0xc0, 0x3c, 0x23, 0xc0, 0x1c,
    0xc4, 0x1, 0xcf, 0xdd, 0xbc, 0x1b, 0xb9, 0xe2,
    0xdd, 0xd3, 0x0, 0x55, 0x45, 0x0, 0x86, 0xae,
    0xea, 0xa0, 0x98, 0x0, 0x55, 0x5a, 0x1, 0x93,
    0x9, 0x10, 0xa0, 0x1f, 0xfc, 0x1b, 0x88, 0x1,
    0x80, 0x80, 0x7f, 0xc7, 0xac, 0x42, 0xc, 0x1,
    0xff, 0xc0, 0x3d, 0x1a, 0x2, 0x0, 0xff, 0xe0,
    0xa6, 0xa4, 0x80, 0x7f, 0xf0, 0x9f, 0xb5, 0x80,
    0x3f, 0xef, 0xff, 0xd2, 0x1, 0xf3, 0xdd, 0xfe,
    0x10, 0x0, 0xe6, 0x28, 0x0, 0x28, 0x9f, 0x80,
    0x40, 0x4, 0x43, 0x30, 0xb3, 0x7e, 0x11, 0x78,
    0xf, 0x75, 0xa7, 0x11, 0xf8, 0x80, 0x52, 0xc0,
    0x31, 0x77, 0x7e, 0x10, 0x23, 0x50, 0xf, 0xf0,
    0x99, 0x50, 0x28, 0x7, 0xff, 0x7, 0x35, 0xdc,
    0x20, 0x1f, 0xfc, 0x1, 0xff, 0xa0, 0x0,

    /* U+9E4F "鹏" */
    0x0, 0x19, 0xe0, 0x33, 0xc0, 0x1, 0xd2, 0x0,
    0xc3, 0x99, 0x68, 0x66, 0x5a, 0x0, 0x70, 0x20,
    0xf, 0x7e, 0x80, 0x5f, 0x80, 0xe, 0x92, 0xff,
    0x8c, 0x3, 0xff, 0x80, 0x33, 0x99, 0x0, 0x80,
    0x7f, 0xf0, 0x46, 0x8c, 0x80, 0x39, 0x10, 0x1,
    0x22, 0x0, 0x22, 0x5a, 0x30, 0x30, 0xa, 0xe4,
    0x2, 0xb8, 0x0, 0x87, 0x19, 0x0, 0x40, 0x2f,
    0xd0, 0xb, 0xf0, 0x3, 0xb0, 0x4, 0x0, 0x60,
    0x18, 0x40, 0x3e, 0x4f, 0x96, 0x0, 0xff, 0xe1,
    0xa7, 0xfa, 0x0, 0x2, 0x1b, 0x80, 0x16, 0xe8,
    0x2, 0xad, 0xdd, 0x80, 0x14, 0x48, 0x18, 0x43,
    0x0, 0x2a, 0xe2, 0x27, 0x10, 0x72, 0x55, 0x0,
    0x5, 0x6c, 0x0, 0xab, 0xda, 0x20, 0x22, 0x0,
    0x84, 0xc0, 0x22, 0x55, 0xc9, 0xee, 0x4, 0xc0,
    0x13, 0x30, 0x2, 0x5b, 0xbd, 0x24, 0x21, 0xda,
    0x1, 0x11, 0x0, 0x27, 0xee, 0xda, 0x24, 0x8,
    0x69, 0x41, 0x98, 0x16, 0x0, 0xc2, 0x68, 0x8e,
    0x0, 0x21, 0xa4, 0x32, 0x6d, 0x30, 0x4, 0xb9,
    0x66, 0xc1, 0xa0, 0xf8, 0xda, 0x39, 0xf0, 0x1,
    0x27, 0xfb, 0x0,

    /* U+9EC4 "黄" */
    0x0, 0xee, 0x90, 0xd, 0x1e, 0x1, 0xff, 0xcc,
    0x7f, 0xf8, 0x5b, 0xff, 0x38, 0x7f, 0xd4, 0x0,
    0x5b, 0xb8, 0x12, 0xef, 0x28, 0x5d, 0xd2, 0x0,
    0x24, 0x48, 0x49, 0x13, 0x10, 0x22, 0x46, 0x1b,
    0xff, 0x85, 0xbf, 0xf3, 0x87, 0xfe, 0xeb, 0x99,
    0xf8, 0x4a, 0x67, 0xe8, 0x66, 0xfc, 0x4c, 0xdf,
    0xc0, 0xb, 0xff, 0xe3, 0x4f, 0xfe, 0xd0, 0xe,
    0x3d, 0xdc, 0x47, 0xbb, 0x94, 0x3, 0xce, 0x45,
    0x84, 0x8, 0xb0, 0x7, 0xc9, 0xff, 0x8c, 0xdf,
    0xf9, 0x40, 0x3c, 0x9f, 0xf8, 0xcd, 0xff, 0x94,
    0x3, 0xce, 0x45, 0x84, 0x8, 0xb0, 0x80, 0x78,
    0xf7, 0x71, 0x1e, 0xee, 0x40, 0xe, 0xbf, 0xf4,
    0xcb, 0xff, 0x4c, 0xbb, 0xf4, 0x3, 0x13, 0xf4,
    0xe0, 0x80, 0x43, 0x7d, 0x6a, 0x0, 0x5d, 0xd4,
    0xb6, 0xd0, 0x80, 0x4f, 0xb8, 0x35, 0xcc, 0x8b,
    0x9d, 0x4, 0x1, 0xf1, 0xd7, 0x4b, 0x80,

    /* U+9ECE "黎" */
    0x0, 0xf1, 0x33, 0x0, 0x29, 0x20, 0xf, 0x96,
    0x6f, 0x7f, 0x6b, 0x80, 0xa, 0xc6, 0x1, 0xfb,
    0xb6, 0x83, 0x31, 0x0, 0x9, 0x19, 0x88, 0xca,
    0x0, 0x64, 0x52, 0x6, 0x33, 0x12, 0x99, 0x23,
    0xa9, 0xbe, 0x0, 0x37, 0x31, 0x41, 0x59, 0x8e,
    0xa7, 0xcb, 0x1d, 0xb1, 0xe0, 0x7, 0x7e, 0x88,
    0x15, 0xfc, 0x24, 0xc, 0x48, 0x0, 0x44, 0x1,
    0xf, 0x90, 0x2d, 0xca, 0x58, 0x69, 0x38, 0x8,
    0x10, 0x0, 0xfd, 0xbc, 0x2b, 0x44, 0xa2, 0x8b,
    0xc0, 0x8, 0xc, 0x3, 0xa9, 0x62, 0x0, 0x2b,
    0xc7, 0xfc, 0x27, 0xea, 0x32, 0x1, 0xca, 0x3,
    0xa3, 0x7c, 0x67, 0xaa, 0x3, 0x5d, 0xb0, 0x2,
    0x20, 0x0, 0x8b, 0x26, 0xa2, 0x16, 0xdc, 0xea,
    0x80, 0x1e, 0x4c, 0xb7, 0xf5, 0xba, 0x4f, 0x79,
    0xe9, 0x30, 0xa, 0x7a, 0xd6, 0x6c, 0x40, 0x30,
    0xcc, 0x33, 0xe6, 0x80, 0x53, 0xd3, 0x58, 0x20,
    0x1d, 0x95, 0x3d, 0x50, 0x0, 0x97, 0x10, 0xc0,
    0x66, 0x2a, 0xa7, 0x43, 0x4, 0x15, 0x40, 0x1e,
    0x37, 0x8a, 0x2, 0x29, 0xd4, 0x3, 0xe2, 0x8d,
    0xc0, 0xcc, 0x2b, 0xde, 0x95, 0xe2, 0x0, 0x72,
    0x2d, 0x75, 0x9, 0xb0, 0x0, 0xa7, 0x96, 0xc8,
    0x3, 0x36, 0xb8, 0x85, 0x61, 0xf8, 0x4, 0x33,
    0xc4, 0x0,

    /* U+9F84 "龄" */
    0x0, 0xff, 0xe6, 0xdb, 0x80, 0x78, 0xf8, 0xc0,
    0x3d, 0x4c, 0xf, 0xe0, 0x1e, 0x91, 0x50, 0xf,
    0x30, 0x80, 0x9, 0x10, 0x20, 0x2, 0x50, 0x91,
    0x0, 0xfe, 0x5b, 0xb2, 0x0, 0x38, 0x74, 0x2c,
    0x3, 0xf9, 0xff, 0xca, 0x12, 0x76, 0x52, 0xaa,
    0x0, 0xff, 0xe0, 0x33, 0x15, 0x1, 0x92, 0x8c,
    0x7, 0x8e, 0x38, 0xdf, 0xb9, 0x92, 0x97, 0xf2,
    0x14, 0x58, 0x63, 0x57, 0x6a, 0x7a, 0xa5, 0xca,
    0xd8, 0xd3, 0x38, 0xe3, 0x18, 0x14, 0x22, 0x1d,
    0x92, 0x9a, 0x80, 0x9, 0xa, 0x3, 0x20, 0x10,
    0x81, 0x1, 0x80, 0x42, 0xab, 0x13, 0xab, 0x0,
    0x79, 0xc4, 0x3, 0x2d, 0x57, 0xa5, 0x80, 0x3b,
    0x44, 0x40, 0x12, 0x7f, 0xf2, 0x13, 0x0, 0x72,
    0x85, 0x80, 0x7e, 0x54, 0x90, 0xe, 0x33, 0x62,
    0xa0, 0x4, 0xca, 0x3, 0x6c, 0x80, 0x1d, 0xf2,
    0x70, 0x60, 0x10, 0xd4, 0x69, 0xc8, 0x7, 0xa1,
    0xc1, 0xdc, 0x1, 0x3d, 0xb9, 0xc8, 0x7, 0x8a,
    0xbb, 0xfe, 0x0, 0xc9, 0xa3, 0x22, 0x1, 0x96,
    0x6e, 0xb3, 0x78, 0x3, 0x8b, 0xc1, 0x80, 0x31,
    0xb2, 0xa1, 0x90, 0xf9, 0x80, 0x61, 0xc7, 0x0,
    0x80,

    /* U+9F99 "龙" */
    0x0, 0xfa, 0xa0, 0x2, 0x10, 0xf, 0xfe, 0x12,
    0x10, 0x5, 0xba, 0x30, 0xf, 0xfe, 0x0, 0x98,
    0x5, 0x8f, 0x8c, 0x1, 0xff, 0xc0, 0x10, 0xd,
    0x4f, 0x28, 0x1, 0xfc, 0x21, 0xe0, 0x1d, 0x18,
    0x80, 0x1b, 0xbf, 0xf7, 0x4, 0x7f, 0xfb, 0x3f,
    0xda, 0x0, 0xb9, 0x9c, 0xc0, 0xf2, 0x81, 0x33,
    0xe8, 0x0, 0x2b, 0x36, 0xe0, 0x96, 0xc0, 0x66,
    0xc6, 0xca, 0x1, 0xf6, 0x88, 0x80, 0x3c, 0xf4,
    0x80, 0x1f, 0x9d, 0x40, 0x3c, 0x50, 0xc8, 0x1,
    0xf1, 0x13, 0x0, 0x38, 0x7c, 0xa4, 0x3, 0xf5,
    0x83, 0x0, 0x61, 0xd2, 0xe0, 0xf, 0xe7, 0x41,
    0x0, 0xda, 0x78, 0x60, 0x1f, 0xa4, 0x7c, 0x3,
    0x8b, 0xc, 0x3, 0xf2, 0xb3, 0x10, 0x0, 0xd0,
    0x1a, 0x60, 0x10, 0xb0, 0x4, 0xb4, 0x52, 0x7,
    0x72, 0x20, 0x60, 0x19, 0x64, 0x82, 0x68, 0xbc,
    0x23, 0x1a, 0xa0, 0x21, 0x95, 0x4d, 0xe2, 0x40,
    0xa9, 0x84, 0x13, 0x2d, 0x57, 0x47, 0x9a, 0xa4,
    0xac, 0x0, 0x36, 0xc4, 0x0, 0x2c, 0x0, 0x1b,
    0xff, 0xee, 0x60,

    /* U+9F9A "龚" */
    0x0, 0xf3, 0x30, 0x2, 0x62, 0x0, 0xff, 0xa3,
    0xc0, 0x3, 0xfb, 0xa6, 0x0, 0x8d, 0x57, 0x84,
    0x15, 0x49, 0x94, 0xd0, 0xaa, 0x49, 0xbb, 0xd4,
    0xf, 0x75, 0x4b, 0xb2, 0x85, 0xda, 0x6b, 0xba,
    0xf1, 0x6e, 0xe3, 0x8f, 0x73, 0xdd, 0x3b, 0x40,
    0x35, 0x84, 0x0, 0x63, 0x9e, 0x4e, 0x0, 0xe9,
    0x5d, 0x10, 0x34, 0x1c, 0x3b, 0xd4, 0x24, 0x4,
    0xd7, 0xb0, 0xbf, 0xd1, 0xa, 0x97, 0x33, 0x5c,
    0xca, 0xd3, 0xd0, 0xbb, 0xaf, 0x48, 0xee, 0xcb,
    0x13, 0xd2, 0x21, 0xfa, 0x20, 0x57, 0x27, 0xdb,
    0xac, 0x50, 0x6e, 0xe8, 0x5f, 0xbb, 0x58, 0xe7,
    0x72, 0xc0, 0xb, 0x77, 0x2, 0x5d, 0xe7, 0x8,
    0xbb, 0x78, 0x0, 0x95, 0x61, 0x35, 0x5d, 0x80,
    0x8a, 0xa4, 0x4, 0x55, 0xc2, 0x6a, 0xbb, 0x1,
    0x15, 0x74, 0x55, 0x60, 0x4a, 0xac, 0xe1, 0x15,
    0x5b, 0x3f, 0xf5, 0x37, 0x7f, 0xcd, 0x3d, 0xff,
    0x80, 0x7, 0x1d, 0x4a, 0xa0, 0x0, 0x8a, 0xfb,
    0x18, 0x0, 0xfd, 0x8c, 0xf9, 0x84, 0x0, 0xc,
    0x6e, 0x2c, 0xfb, 0xb4, 0xe7, 0x49, 0x80, 0x7c,
    0x73, 0xd0, 0xc0,

    /* U+FF01 "！" */
    0x2f, 0xf0, 0x18, 0x7, 0xc2, 0x1, 0xc2, 0x1,
    0x18, 0x0, 0x44, 0x0, 0x37, 0x0, 0x8, 0x4,
    0xe2, 0x0, 0xab, 0x0, 0x8, 0x80, 0xa, 0xa0,
    0x3a, 0xa0, 0x90, 0x90, 0x8b, 0xb4, 0x0,

    /* U+FF05 "％" */
    0x0, 0x88, 0x40, 0x3e, 0x22, 0x0, 0x70, 0xee,
    0xba, 0xc0, 0x3d, 0x8c, 0x1, 0xda, 0xdf, 0xcd,
    0x0, 0x19, 0xd5, 0x0, 0x31, 0x1c, 0x0, 0xdb,
    0x80, 0x43, 0x30, 0x1, 0xce, 0x6, 0x0, 0x50,
    0x10, 0x4, 0xa1, 0x80, 0x71, 0x80, 0x61, 0x2,
    0x1, 0x78, 0x0, 0xf1, 0x0, 0x66, 0x2, 0x8,
    0x62, 0x1, 0x20, 0x9, 0x81, 0x0, 0x6, 0x22,
    0x26, 0x80, 0xbe, 0xdd, 0x10, 0x12, 0xc9, 0xa4,
    0xc8, 0x21, 0xc6, 0x1b, 0xbd, 0xb8, 0x1, 0x4f,
    0x94, 0xce, 0x69, 0x20, 0xf4, 0x21, 0x26, 0x60,
    0x5, 0x7f, 0x40, 0x44, 0x88, 0x80, 0xc0, 0x4,
    0xc, 0x1, 0xe4, 0x57, 0x3, 0x7, 0x0, 0xc6,
    0x1, 0xe8, 0x80, 0x0, 0xc1, 0xc0, 0x31, 0x80,
    0x72, 0x8b, 0x0, 0x4, 0xb0, 0x0, 0x80, 0xe0,
    0x1d, 0x10, 0x0, 0xd6, 0xea, 0x72, 0xa4, 0x1,
    0x98, 0x14, 0x3, 0x34, 0x43, 0x52, 0x80, 0x39,
    0xb4, 0x3, 0xcf, 0xbd, 0x20, 0x0,

    /* U+FF08 "（" */
    0x0, 0xff, 0xaa, 0xc0, 0x33, 0xaf, 0x80, 0x45,
    0x10, 0x40, 0xa, 0x5, 0xc0, 0x22, 0x58, 0x0,
    0xca, 0xe, 0x1, 0xad, 0x4, 0x3, 0x11, 0x80,
    0x70, 0xf8, 0x6, 0x10, 0x10, 0xc, 0x20, 0x20,
    0x1c, 0x3c, 0x1, 0xca, 0xa0, 0xe, 0xd3, 0x10,
    0xc, 0xe0, 0xc0, 0x18, 0x5a, 0x4, 0x3, 0x40,
    0xd8, 0x6, 0x1a, 0x56, 0x0, 0xc9, 0x1e, 0x0,

    /* U+FF09 "）" */
    0x0, 0xfd, 0x74, 0x1, 0xde, 0xae, 0x1, 0x92,
    0x20, 0x40, 0x19, 0xc6, 0x0, 0x3a, 0x14, 0x80,
    0x33, 0x82, 0x80, 0x61, 0x4b, 0x0, 0xe3, 0x20,
    0xe, 0xf1, 0x0, 0xe1, 0x1, 0x0, 0xc2, 0x2,
    0x1, 0xb8, 0x40, 0x39, 0x54, 0x1, 0x84, 0xf4,
    0x3, 0x30, 0x38, 0x4, 0x30, 0xe2, 0x1, 0x58,
    0xc8, 0x4, 0xcb, 0x42, 0x1, 0x7c, 0x20, 0x4,

    /* U+FF0C "，" */
    0x2, 0x97, 0x0, 0x43, 0x41, 0x6, 0x0, 0x10,
    0x1b, 0x80, 0x80, 0xe, 0x28, 0xf, 0x36, 0x9,
    0x56, 0xa0, 0x9a, 0x80, 0x0,

    /* U+FF1A "：" */
    0x2b, 0x80, 0xb4, 0x72, 0xc0, 0x22, 0x2f, 0xe8,
    0x7, 0xff, 0x34, 0xf2, 0x42, 0x4d, 0x8f, 0x84,
    0xcc, 0x9d, 0x80,

    /* U+FF1B "；" */
    0x2, 0xb8, 0x0, 0x5a, 0x39, 0x6, 0x1, 0x10,
    0x17, 0xf4, 0x3, 0xff, 0x9e, 0x7d, 0xa2, 0x16,
    0x24, 0xc1, 0x48, 0x1c, 0x5, 0x63, 0xc0, 0x4,
    0x15, 0x4, 0xb7, 0x22, 0x5c, 0x40, 0xb, 0xdc,
    0x0,

    /* U+FF1F "？" */
    0x0, 0xe1, 0x0, 0xf3, 0x6f, 0xf7, 0x1c, 0x2,
    0xa9, 0x68, 0x81, 0x44, 0x80, 0x6, 0x6d, 0xdd,
    0x84, 0xc0, 0xb, 0x60, 0xc, 0x80, 0x40, 0x1f,
    0x28, 0x10, 0x7, 0xa0, 0xe0, 0x3, 0xd0, 0xef,
    0x0, 0x72, 0xba, 0xc0, 0x7, 0xac, 0xa8, 0x3,
    0xc4, 0x2a, 0x1, 0xf1, 0x65, 0x0, 0x7e, 0x32,
    0x0, 0xfc, 0xc6, 0x1, 0xf3, 0x4e, 0x80, 0x7c,
    0xa0, 0x80, 0x1f, 0x1f, 0xd0, 0x6,

    /* U+FF5E "～" */
    0x0, 0xf0, 0x80, 0x7f, 0xf1, 0x1f, 0x7f, 0xb9,
    0x0, 0x1f, 0xfc, 0x1b, 0x80, 0x76, 0x27, 0xd2,
    0x0, 0xf5, 0xc8, 0x2, 0x91, 0xb6, 0x27, 0x28,
    0xb5, 0x80, 0x34, 0xa0, 0x4, 0x6b, 0x20, 0x19,
    0x74, 0xe7, 0x66, 0x5a, 0xc9, 0x20, 0x9, 0xa0,
    0xf, 0x16, 0x39, 0xb3, 0x2, 0x6c, 0x3, 0xff,
    0x83, 0x1d, 0xfe, 0xd6, 0x0, 0x80
};


/*---------------------
 *  GLYPH DESCRIPTION
 *--------------------*/

static const lv_font_fmt_txt_glyph_dsc_t glyph_dsc[] = {
    {.bitmap_index = 0, .adv_w = 0, .box_w = 0, .box_h = 0, .ofs_x = 0, .ofs_y = 0} /* id = 0 reserved */,
    {.bitmap_index = 0, .adv_w = 72, .box_w = 0, .box_h = 0, .ofs_x = 0, .ofs_y = 0},
    {.bitmap_index = 0, .adv_w = 103, .box_w = 4, .box_h = 14, .ofs_x = 1, .ofs_y = 0},
    {.bitmap_index = 24, .adv_w = 152, .box_w = 7, .box_h = 6, .ofs_x = 1, .ofs_y = 10},
    {.bitmap_index = 45, .adv_w = 178, .box_w = 11, .box_h = 14, .ofs_x = 0, .ofs_y = 0},
    {.bitmap_index = 120, .adv_w = 178, .box_w = 9, .box_h = 19, .ofs_x = 1, .ofs_y = -2},
    {.bitmap_index = 190, .adv_w = 295, .box_w = 18, .box_h = 14, .ofs_x = 0, .ofs_y = 0},
    {.bitmap_index = 302, .adv_w = 218, .box_w = 14, .box_h = 14, .ofs_x = 0, .ofs_y = 0},
    {.bitmap_index = 389, .adv_w = 89, .box_w = 3, .box_h = 6, .ofs_x = 1, .ofs_y = 10},
    {.bitmap_index = 399, .adv_w = 108, .box_w = 5, .box_h = 21, .ofs_x = 1, .ofs_y = -4},
    {.bitmap_index = 448, .adv_w = 108, .box_w = 5, .box_h = 21, .ofs_x = 0, .ofs_y = -4},
    {.bitmap_index = 498, .adv_w = 149, .box_w = 8, .box_h = 7, .ofs_x = 1, .ofs_y = 9},
    {.bitmap_index = 525, .adv_w = 178, .box_w = 11, .box_h = 10, .ofs_x = 0, .ofs_y = 2},
    {.bitmap_index = 553, .adv_w = 89, .box_w = 4, .box_h = 7, .ofs_x = 1, .ofs_y = -4},
    {.bitmap_index = 567, .adv_w = 111, .box_w = 7, .box_h = 3, .ofs_x = 0, .ofs_y = 4},
    {.bitmap_index = 575, .adv_w = 89, .box_w = 4, .box_h = 3, .ofs_x = 1, .ofs_y = 0},
    {.bitmap_index = 582, .adv_w = 125, .box_w = 8, .box_h = 19, .ofs_x = 0, .ofs_y = -3},
    {.bitmap_index = 638, .adv_w = 178, .box_w = 10, .box_h = 14, .ofs_x = 1, .ofs_y = 0},
    {.bitmap_index = 701, .adv_w = 178, .box_w = 9, .box_h = 14, .ofs_x = 1, .ofs_y = 0},
    {.bitmap_index = 727, .adv_w = 178, .box_w = 11, .box_h = 14, .ofs_x = 0, .ofs_y = 0},
    {.bitmap_index = 786, .adv_w = 178, .box_w = 10, .box_h = 14, .ofs_x = 0, .ofs_y = 0},
    {.bitmap_index = 847, .adv_w = 178, .box_w = 11, .box_h = 14, .ofs_x = 0, .ofs_y = 0},
    {.bitmap_index = 898, .adv_w = 178, .box_w = 11, .box_h = 14, .ofs_x = 0, .ofs_y = 0},
    {.bitmap_index = 960, .adv_w = 178, .box_w = 10, .box_h = 14, .ofs_x = 1, .ofs_y = 0},
    {.bitmap_index = 1027, .adv_w = 178, .box_w = 11, .box_h = 14, .ofs_x = 0, .ofs_y = 0},
    {.bitmap_index = 1076, .adv_w = 178, .box_w = 11, .box_h = 14, .ofs_x = 0, .ofs_y = 0},
    {.bitmap_index = 1150, .adv_w = 178, .box_w = 11, .box_h = 14, .ofs_x = 0, .ofs_y = 0},
    {.bitmap_index = 1223, .adv_w = 89, .box_w = 4, .box_h = 11, .ofs_x = 1, .ofs_y = 0},
    {.bitmap_index = 1240, .adv_w = 89, .box_w = 4, .box_h = 15, .ofs_x = 1, .ofs_y = -4},
    {.bitmap_index = 1265, .adv_w = 178, .box_w = 11, .box_h = 10, .ofs_x = 0, .ofs_y = 2},
    {.bitmap_index = 1311, .adv_w = 178, .box_w = 11, .box_h = 7, .ofs_x = 0, .ofs_y = 4},
    {.bitmap_index = 1332, .adv_w = 178, .box_w = 11, .box_h = 10, .ofs_x = 0, .ofs_y = 2},
    {.bitmap_index = 1379, .adv_w = 152, .box_w = 9, .box_h = 14, .ofs_x = 0, .ofs_y = 0},
    {.bitmap_index = 1431, .adv_w = 303, .box_w = 17, .box_h = 18, .ofs_x = 1, .ofs_y = -4},
    {.bitmap_index = 1568, .adv_w = 195, .box_w = 13, .box_h = 14, .ofs_x = 0, .ofs_y = 0},
    {.bitmap_index = 1640, .adv_w = 210, .box_w = 11, .box_h = 14, .ofs_x = 2, .ofs_y = 0},
    {.bitmap_index = 1705, .adv_w = 204, .box_w = 12, .box_h = 14, .ofs_x = 1, .ofs_y = 0},
    {.bitmap_index = 1769, .adv_w = 220, .box_w = 11, .box_h = 14, .ofs_x = 2, .ofs_y = 0},
    {.bitmap_index = 1827, .adv_w = 188, .box_w = 9, .box_h = 14, .ofs_x = 2, .ofs_y = 0},
    {.bitmap_index = 1858, .adv_w = 177, .box_w = 9, .box_h = 14, .ofs_x = 2, .ofs_y = 0},
    {.bitmap_index = 1883, .adv_w = 220, .box_w = 12, .box_h = 14, .ofs_x = 1, .ofs_y = 0},
    {.bitmap_index = 1954, .adv_w = 233, .box_w = 11, .box_h = 14, .ofs_x = 2, .ofs_y = 0},
    {.bitmap_index = 1975, .adv_w = 94, .box_w = 2, .box_h = 14, .ofs_x = 2, .ofs_y = 0},
    {.bitmap_index = 1980, .adv_w = 171, .box_w = 9, .box_h = 14, .ofs_x = 0, .ofs_y = 0},
    {.bitmap_index = 2005, .adv_w = 207, .box_w = 11, .box_h = 14, .ofs_x = 2, .ofs_y = 0},
    {.bitmap_index = 2064, .adv_w = 174, .box_w = 9, .box_h = 14, .ofs_x = 2, .ofs_y = 0},
    {.bitmap_index = 2078, .adv_w = 260, .box_w = 13, .box_h = 14, .ofs_x = 2, .ofs_y = 0},
    {.bitmap_index = 2147, .adv_w = 231, .box_w = 11, .box_h = 14, .ofs_x = 2, .ofs_y = 0},
    {.bitmap_index = 2200, .adv_w = 237, .box_w = 13, .box_h = 14, .ofs_x = 1, .ofs_y = 0},
    {.bitmap_index = 2277, .adv_w = 203, .box_w = 10, .box_h = 14, .ofs_x = 2, .ofs_y = 0},
    {.bitmap_index = 2322, .adv_w = 237, .box_w = 13, .box_h = 19, .ofs_x = 1, .ofs_y = -5},
    {.bitmap_index = 2426, .adv_w = 203, .box_w = 11, .box_h = 14, .ofs_x = 2, .ofs_y = 0},
    {.bitmap_index = 2485, .adv_w = 191, .box_w = 12, .box_h = 14, .ofs_x = 0, .ofs_y = 0},
    {.bitmap_index = 2556, .adv_w = 192, .box_w = 12, .box_h = 14, .ofs_x = 0, .ofs_y = 0},
    {.bitmap_index = 2576, .adv_w = 231, .box_w = 12, .box_h = 14, .ofs_x = 1, .ofs_y = 0},
    {.bitmap_index = 2617, .adv_w = 184, .box_w = 12, .box_h = 14, .ofs_x = 0, .ofs_y = 0},
    {.bitmap_index = 2687, .adv_w = 281, .box_w = 18, .box_h = 14, .ofs_x = 0, .ofs_y = 0},
    {.bitmap_index = 2802, .adv_w = 183, .box_w = 12, .box_h = 14, .ofs_x = 0, .ofs_y = 0},
    {.bitmap_index = 2874, .adv_w = 170, .box_w = 12, .box_h = 14, .ofs_x = -1, .ofs_y = 0},
    {.bitmap_index = 2925, .adv_w = 193, .box_w = 11, .box_h = 14, .ofs_x = 1, .ofs_y = 0},
    {.bitmap_index = 2978, .adv_w = 108, .box_w = 5, .box_h = 20, .ofs_x = 2, .ofs_y = -4},
    {.bitmap_index = 2994, .adv_w = 125, .box_w = 8, .box_h = 19, .ofs_x = 0, .ofs_y = -3},
    {.bitmap_index = 3047, .adv_w = 108, .box_w = 5, .box_h = 20, .ofs_x = 0, .ofs_y = -4},
    {.bitmap_index = 3062, .adv_w = 178, .box_w = 9, .box_h = 9, .ofs_x = 1, .ofs_y = 6},
    {.bitmap_index = 3099, .adv_w = 179, .box_w = 11, .box_h = 2, .ofs_x = 0, .ofs_y = -4},
    {.bitmap_index = 3105, .adv_w = 194, .box_w = 6, .box_h = 6, .ofs_x = 2, .ofs_y = 12},
    {.bitmap_index = 3120, .adv_w = 180, .box_w = 9, .box_h = 11, .ofs_x = 1, .ofs_y = 0},
    {.bitmap_index = 3169, .adv_w = 198, .box_w = 11, .box_h = 16, .ofs_x = 1, .ofs_y = 0},
    {.bitmap_index = 3223, .adv_w = 163, .box_w = 9, .box_h = 11, .ofs_x = 1, .ofs_y = 0},
    {.bitmap_index = 3267, .adv_w = 198, .box_w = 10, .box_h = 16, .ofs_x = 1, .ofs_y = 0},
    {.bitmap_index = 3319, .adv_w = 177, .box_w = 10, .box_h = 11, .ofs_x = 1, .ofs_y = 0},
    {.bitmap_index = 3368, .adv_w = 104, .box_w = 8, .box_h = 16, .ofs_x = 0, .ofs_y = 0},
    {.bitmap_index = 3399, .adv_w = 180, .box_w = 10, .box_h = 16, .ofs_x = 1, .ofs_y = -5},
    {.bitmap_index = 3475, .adv_w = 194, .box_w = 10, .box_h = 16, .ofs_x = 1, .ofs_y = 0},
    {.bitmap_index = 3505, .adv_w = 88, .box_w = 3, .box_h = 16, .ofs_x = 1, .ofs_y = 0},
    {.bitmap_index = 3518, .adv_w = 88, .box_w = 5, .box_h = 21, .ofs_x = -1, .ofs_y = -5},
    {.bitmap_index = 3542, .adv_w = 177, .box_w = 10, .box_h = 16, .ofs_x = 1, .ofs_y = 0},
    {.bitmap_index = 3588, .adv_w = 91, .box_w = 4, .box_h = 16, .ofs_x = 1, .ofs_y = 0},
    {.bitmap_index = 3598, .adv_w = 296, .box_w = 16, .box_h = 11, .ofs_x = 1, .ofs_y = 0},
    {.bitmap_index = 3645, .adv_w = 195, .box_w = 10, .box_h = 11, .ofs_x = 1, .ofs_y = 0},
    {.bitmap_index = 3673, .adv_w = 194, .box_w = 11, .box_h = 11, .ofs_x = 1, .ofs_y = 0},
    {.bitmap_index = 3730, .adv_w = 198, .box_w = 11, .box_h = 16, .ofs_x = 1, .ofs_y = -5},
    {.bitmap_index = 3787, .adv_w = 198, .box_w = 10, .box_h = 16, .ofs_x = 1, .ofs_y = -5},
    {.bitmap_index = 3841, .adv_w = 124, .box_w = 7, .box_h = 11, .ofs_x = 1, .ofs_y = 0},
    {.bitmap_index = 3862, .adv_w = 150, .box_w = 9, .box_h = 11, .ofs_x = 0, .ofs_y = 0},
    {.bitmap_index = 3909, .adv_w = 121, .box_w = 8, .box_h = 14, .ofs_x = 0, .ofs_y = 0},
    {.bitmap_index = 3942, .adv_w = 194, .box_w = 10, .box_h = 11, .ofs_x = 1, .ofs_y = 0},
    {.bitmap_index = 3969, .adv_w = 167, .box_w = 11, .box_h = 11, .ofs_x = 0, .ofs_y = 0},
    {.bitmap_index = 4022, .adv_w = 257, .box_w = 16, .box_h = 11, .ofs_x = 0, .ofs_y = 0},
    {.bitmap_index = 4107, .adv_w = 159, .box_w = 10, .box_h = 11, .ofs_x = 0, .ofs_y = 0},
    {.bitmap_index = 4158, .adv_w = 167, .box_w = 11, .box_h = 16, .ofs_x = 0, .ofs_y = -5},
    {.bitmap_index = 4228, .adv_w = 152, .box_w = 9, .box_h = 11, .ofs_x = 0, .ofs_y = 0},
    {.bitmap_index = 4268, .adv_w = 108, .box_w = 7, .box_h = 20, .ofs_x = 0, .ofs_y = -4},
    {.bitmap_index = 4320, .adv_w = 86, .box_w = 2, .box_h = 22, .ofs_x = 2, .ofs_y = -6},
    {.bitmap_index = 4325, .adv_w = 108, .box_w = 6, .box_h = 20, .ofs_x = 0, .ofs_y = -4},
    {.bitmap_index = 4378, .adv_w = 178, .box_w = 11, .box_h = 5, .ofs_x = 0, .ofs_y = 5},
    {.bitmap_index = 4403, .adv_w = 118, .box_w = 7, .box_h = 6, .ofs_x = 0, .ofs_y = 9},
    {.bitmap_index = 4422, .adv_w = 320, .box_w = 6, .box_h = 5, .ofs_x = 7, .ofs_y = 5},
    {.bitmap_index = 4436, .adv_w = 320, .box_w = 14, .box_h = 13, .ofs_x = 3, .ofs_y = 1},
    {.bitmap_index = 4512, .adv_w = 286, .box_w = 17, .box_h = 3, .ofs_x = 0, .ofs_y = 4},
    {.bitmap_index = 4524, .adv_w = 320, .box_w = 4, .box_h = 6, .ofs_x = 16, .ofs_y = 11},
    {.bitmap_index = 4537, .adv_w = 320, .box_w = 4, .box_h = 7, .ofs_x = 0, .ofs_y = 10},
    {.bitmap_index = 4552, .adv_w = 320, .box_w = 8, .box_h = 6, .ofs_x = 12, .ofs_y = 11},
    {.bitmap_index = 4577, .adv_w = 320, .box_w = 8, .box_h = 7, .ofs_x = 0, .ofs_y = 10},
    {.bitmap_index = 4606, .adv_w = 320, .box_w = 16, .box_h = 3, .ofs_x = 2, .ofs_y = 6},
    {.bitmap_index = 4628, .adv_w = 320, .box_w = 6, .box_h = 7, .ofs_x = 1, .ofs_y = -2},
    {.bitmap_index = 4649, .adv_w = 320, .box_w = 7, .box_h = 6, .ofs_x = 0, .ofs_y = -1},
    {.bitmap_index = 4670, .adv_w = 320, .box_w = 7, .box_h = 19, .ofs_x = 13, .ofs_y = -2},
    {.bitmap_index = 4715, .adv_w = 320, .box_w = 7, .box_h = 20, .ofs_x = 0, .ofs_y = -3},
    {.bitmap_index = 4762, .adv_w = 320, .box_w = 20, .box_h = 3, .ofs_x = 0, .ofs_y = 6},
    {.bitmap_index = 4775, .adv_w = 320, .box_w = 18, .box_h = 16, .ofs_x = 1, .ofs_y = -1},
    {.bitmap_index = 4815, .adv_w = 320, .box_w = 19, .box_h = 18, .ofs_x = 0, .ofs_y = -2},
    {.bitmap_index = 4925, .adv_w = 320, .box_w = 19, .box_h = 18, .ofs_x = 0, .ofs_y = -2},
    {.bitmap_index = 5033, .adv_w = 320, .box_w = 17, .box_h = 19, .ofs_x = 1, .ofs_y = -2},
    {.bitmap_index = 5102, .adv_w = 320, .box_w = 18, .box_h = 18, .ofs_x = 1, .ofs_y = -2},
    {.bitmap_index = 5194, .adv_w = 320, .box_w = 20, .box_h = 19, .ofs_x = 0, .ofs_y = -2},
    {.bitmap_index = 5317, .adv_w = 320, .box_w = 18, .box_h = 17, .ofs_x = 1, .ofs_y = -1},
    {.bitmap_index = 5372, .adv_w = 320, .box_w = 18, .box_h = 18, .ofs_x = 1, .ofs_y = -2},
    {.bitmap_index = 5474, .adv_w = 320, .box_w = 19, .box_h = 20, .ofs_x = 1, .ofs_y = -3},
    {.bitmap_index = 5610, .adv_w = 320, .box_w = 20, .box_h = 19, .ofs_x = 0, .ofs_y = -2},
    {.bitmap_index = 5719, .adv_w = 320, .box_w = 19, .box_h = 19, .ofs_x = 0, .ofs_y = -2},
    {.bitmap_index = 5825, .adv_w = 320, .box_w = 20, .box_h = 19, .ofs_x = 0, .ofs_y = -2},
    {.bitmap_index = 5931, .adv_w = 320, .box_w = 20, .box_h = 20, .ofs_x = 0, .ofs_y = -3},
    {.bitmap_index = 6059, .adv_w = 320, .box_w = 20, .box_h = 19, .ofs_x = 0, .ofs_y = -2},
    {.bitmap_index = 6167, .adv_w = 320, .box_w = 20, .box_h = 20, .ofs_x = 0, .ofs_y = -3},
    {.bitmap_index = 6270, .adv_w = 320, .box_w = 20, .box_h = 20, .ofs_x = 0, .ofs_y = -3},
    {.bitmap_index = 6414, .adv_w = 320, .box_w = 20, .box_h = 19, .ofs_x = 0, .ofs_y = -2},
    {.bitmap_index = 6530, .adv_w = 320, .box_w = 19, .box_h = 19, .ofs_x = 0, .ofs_y = -2},
    {.bitmap_index = 6665, .adv_w = 320, .box_w = 20, .box_h = 20, .ofs_x = 0, .ofs_y = -3},
    {.bitmap_index = 6811, .adv_w = 320, .box_w = 20, .box_h = 20, .ofs_x = 0, .ofs_y = -3},
    {.bitmap_index = 6980, .adv_w = 320, .box_w = 20, .box_h = 19, .ofs_x = 0, .ofs_y = -2},
    {.bitmap_index = 7107, .adv_w = 320, .box_w = 20, .box_h = 20, .ofs_x = 0, .ofs_y = -3},
    {.bitmap_index = 7226, .adv_w = 320, .box_w = 20, .box_h = 20, .ofs_x = 0, .ofs_y = -3},
    {.bitmap_index = 7398, .adv_w = 320, .box_w = 19, .box_h = 19, .ofs_x = 1, .ofs_y = -2},
    {.bitmap_index = 7520, .adv_w = 320, .box_w = 18, .box_h = 18, .ofs_x = 1, .ofs_y = -1},
    {.bitmap_index = 7597, .adv_w = 320, .box_w = 19, .box_h = 19, .ofs_x = 1, .ofs_y = -2},
    {.bitmap_index = 7722, .adv_w = 320, .box_w = 18, .box_h = 18, .ofs_x = 1, .ofs_y = -2},
    {.bitmap_index = 7823, .adv_w = 320, .box_w = 19, .box_h = 18, .ofs_x = 0, .ofs_y = -2},
    {.bitmap_index = 7952, .adv_w = 320, .box_w = 16, .box_h = 19, .ofs_x = 2, .ofs_y = -2},
    {.bitmap_index = 8013, .adv_w = 320, .box_w = 19, .box_h = 21, .ofs_x = 0, .ofs_y = -3},
    {.bitmap_index = 8145, .adv_w = 320, .box_w = 19, .box_h = 20, .ofs_x = 0, .ofs_y = -3},
    {.bitmap_index = 8270, .adv_w = 320, .box_w = 18, .box_h = 19, .ofs_x = 1, .ofs_y = -2},
    {.bitmap_index = 8413, .adv_w = 320, .box_w = 19, .box_h = 19, .ofs_x = 0, .ofs_y = -2},
    {.bitmap_index = 8556, .adv_w = 320, .box_w = 17, .box_h = 19, .ofs_x = 1, .ofs_y = -2},
    {.bitmap_index = 8681, .adv_w = 320, .box_w = 19, .box_h = 18, .ofs_x = 0, .ofs_y = -1},
    {.bitmap_index = 8827, .adv_w = 320, .box_w = 18, .box_h = 17, .ofs_x = 1, .ofs_y = -1},
    {.bitmap_index = 8921, .adv_w = 320, .box_w = 19, .box_h = 17, .ofs_x = 1, .ofs_y = -1},
    {.bitmap_index = 9032, .adv_w = 320, .box_w = 19, .box_h = 19, .ofs_x = 0, .ofs_y = -2},
    {.bitmap_index = 9141, .adv_w = 320, .box_w = 18, .box_h = 19, .ofs_x = 1, .ofs_y = -2},
    {.bitmap_index = 9220, .adv_w = 320, .box_w = 19, .box_h = 19, .ofs_x = 0, .ofs_y = -2},
    {.bitmap_index = 9315, .adv_w = 320, .box_w = 19, .box_h = 18, .ofs_x = 0, .ofs_y = -2},
    {.bitmap_index = 9443, .adv_w = 320, .box_w = 19, .box_h = 18, .ofs_x = 0, .ofs_y = -2},
    {.bitmap_index = 9537, .adv_w = 320, .box_w = 17, .box_h = 19, .ofs_x = 1, .ofs_y = -2},
    {.bitmap_index = 9601, .adv_w = 320, .box_w = 18, .box_h = 18, .ofs_x = 1, .ofs_y = -2},
    {.bitmap_index = 9676, .adv_w = 320, .box_w = 20, .box_h = 19, .ofs_x = 0, .ofs_y = -2},
    {.bitmap_index = 9790, .adv_w = 320, .box_w = 19, .box_h = 19, .ofs_x = 1, .ofs_y = -2},
    {.bitmap_index = 9859, .adv_w = 320, .box_w = 18, .box_h = 19, .ofs_x = 1, .ofs_y = -3},
    {.bitmap_index = 9954, .adv_w = 320, .box_w = 17, .box_h = 17, .ofs_x = 1, .ofs_y = -1},
    {.bitmap_index = 10025, .adv_w = 320, .box_w = 18, .box_h = 18, .ofs_x = 1, .ofs_y = -2},
    {.bitmap_index = 10099, .adv_w = 320, .box_w = 17, .box_h = 20, .ofs_x = 0, .ofs_y = -2},
    {.bitmap_index = 10204, .adv_w = 320, .box_w = 18, .box_h = 19, .ofs_x = 1, .ofs_y = -2},
    {.bitmap_index = 10291, .adv_w = 320, .box_w = 16, .box_h = 18, .ofs_x = 2, .ofs_y = -2},
    {.bitmap_index = 10353, .adv_w = 320, .box_w = 20, .box_h = 18, .ofs_x = 0, .ofs_y = -2},
    {.bitmap_index = 10465, .adv_w = 320, .box_w = 18, .box_h = 18, .ofs_x = 1, .ofs_y = -2},
    {.bitmap_index = 10568, .adv_w = 320, .box_w = 18, .box_h = 19, .ofs_x = 0, .ofs_y = -3},
    {.bitmap_index = 10688, .adv_w = 320, .box_w = 19, .box_h = 19, .ofs_x = 1, .ofs_y = -2},
    {.bitmap_index = 10815, .adv_w = 320, .box_w = 19, .box_h = 19, .ofs_x = 0, .ofs_y = -2},
    {.bitmap_index = 10935, .adv_w = 320, .box_w = 18, .box_h = 19, .ofs_x = 1, .ofs_y = -2},
    {.bitmap_index = 11064, .adv_w = 320, .box_w = 19, .box_h = 21, .ofs_x = 0, .ofs_y = -3},
    {.bitmap_index = 11203, .adv_w = 320, .box_w = 19, .box_h = 19, .ofs_x = 1, .ofs_y = -2},
    {.bitmap_index = 11318, .adv_w = 320, .box_w = 19, .box_h = 19, .ofs_x = 0, .ofs_y = -2},
    {.bitmap_index = 11449, .adv_w = 320, .box_w = 20, .box_h = 18, .ofs_x = 0, .ofs_y = -2},
    {.bitmap_index = 11589, .adv_w = 320, .box_w = 18, .box_h = 18, .ofs_x = 1, .ofs_y = -2},
    {.bitmap_index = 11685, .adv_w = 320, .box_w = 20, .box_h = 18, .ofs_x = 0, .ofs_y = -1},
    {.bitmap_index = 11801, .adv_w = 320, .box_w = 19, .box_h = 17, .ofs_x = 1, .ofs_y = -1},
    {.bitmap_index = 11926, .adv_w = 320, .box_w = 20, .box_h = 19, .ofs_x = 0, .ofs_y = -2},
    {.bitmap_index = 12061, .adv_w = 320, .box_w = 20, .box_h = 19, .ofs_x = 0, .ofs_y = -2},
    {.bitmap_index = 12192, .adv_w = 320, .box_w = 18, .box_h = 19, .ofs_x = 1, .ofs_y = -2},
    {.bitmap_index = 12312, .adv_w = 320, .box_w = 19, .box_h = 19, .ofs_x = 0, .ofs_y = -2},
    {.bitmap_index = 12439, .adv_w = 320, .box_w = 19, .box_h = 19, .ofs_x = 0, .ofs_y = -2},
    {.bitmap_index = 12567, .adv_w = 320, .box_w = 20, .box_h = 19, .ofs_x = 0, .ofs_y = -2},
    {.bitmap_index = 12712, .adv_w = 320, .box_w = 20, .box_h = 19, .ofs_x = 0, .ofs_y = -2},
    {.bitmap_index = 12875, .adv_w = 320, .box_w = 20, .box_h = 19, .ofs_x = 0, .ofs_y = -2},
    {.bitmap_index = 13020, .adv_w = 320, .box_w = 20, .box_h = 20, .ofs_x = 0, .ofs_y = -3},
    {.bitmap_index = 13194, .adv_w = 320, .box_w = 19, .box_h = 20, .ofs_x = 0, .ofs_y = -3},
    {.bitmap_index = 13338, .adv_w = 320, .box_w = 20, .box_h = 20, .ofs_x = 0, .ofs_y = -2},
    {.bitmap_index = 13490, .adv_w = 320, .box_w = 19, .box_h = 19, .ofs_x = 1, .ofs_y = -3},
    {.bitmap_index = 13572, .adv_w = 320, .box_w = 20, .box_h = 19, .ofs_x = 0, .ofs_y = -2},
    {.bitmap_index = 13685, .adv_w = 320, .box_w = 20, .box_h = 20, .ofs_x = 0, .ofs_y = -2},
    {.bitmap_index = 13819, .adv_w = 320, .box_w = 20, .box_h = 18, .ofs_x = 0, .ofs_y = -1},
    {.bitmap_index = 13924, .adv_w = 320, .box_w = 20, .box_h = 19, .ofs_x = 0, .ofs_y = -2},
    {.bitmap_index = 14061, .adv_w = 320, .box_w = 18, .box_h = 18, .ofs_x = 1, .ofs_y = -1},
    {.bitmap_index = 14147, .adv_w = 320, .box_w = 18, .box_h = 19, .ofs_x = 1, .ofs_y = -2},
    {.bitmap_index = 14277, .adv_w = 320, .box_w = 20, .box_h = 19, .ofs_x = 0, .ofs_y = -2},
    {.bitmap_index = 14405, .adv_w = 320, .box_w = 18, .box_h = 19, .ofs_x = 1, .ofs_y = -2},
    {.bitmap_index = 14496, .adv_w = 320, .box_w = 20, .box_h = 19, .ofs_x = 0, .ofs_y = -2},
    {.bitmap_index = 14617, .adv_w = 320, .box_w = 19, .box_h = 20, .ofs_x = 1, .ofs_y = -3},
    {.bitmap_index = 14772, .adv_w = 320, .box_w = 19, .box_h = 18, .ofs_x = 1, .ofs_y = -2},
    {.bitmap_index = 14871, .adv_w = 320, .box_w = 20, .box_h = 17, .ofs_x = 0, .ofs_y = -1},
    {.bitmap_index = 14999, .adv_w = 320, .box_w = 18, .box_h = 19, .ofs_x = 0, .ofs_y = -3},
    {.bitmap_index = 15135, .adv_w = 320, .box_w = 16, .box_h = 19, .ofs_x = 2, .ofs_y = -2},
    {.bitmap_index = 15243, .adv_w = 320, .box_w = 17, .box_h = 19, .ofs_x = 2, .ofs_y = -2},
    {.bitmap_index = 15356, .adv_w = 320, .box_w = 19, .box_h = 19, .ofs_x = 0, .ofs_y = -2},
    {.bitmap_index = 15484, .adv_w = 320, .box_w = 18, .box_h = 19, .ofs_x = 1, .ofs_y = -2},
    {.bitmap_index = 15618, .adv_w = 320, .box_w = 18, .box_h = 20, .ofs_x = 1, .ofs_y = -2},
    {.bitmap_index = 15741, .adv_w = 320, .box_w = 18, .box_h = 18, .ofs_x = 1, .ofs_y = -2},
    {.bitmap_index = 15819, .adv_w = 320, .box_w = 20, .box_h = 19, .ofs_x = 0, .ofs_y = -2},
    {.bitmap_index = 15908, .adv_w = 320, .box_w = 20, .box_h = 19, .ofs_x = 0, .ofs_y = -2},
    {.bitmap_index = 16059, .adv_w = 320, .box_w = 20, .box_h = 19, .ofs_x = 0, .ofs_y = -2},
    {.bitmap_index = 16217, .adv_w = 320, .box_w = 20, .box_h = 19, .ofs_x = 0, .ofs_y = -2},
    {.bitmap_index = 16383, .adv_w = 320, .box_w = 19, .box_h = 19, .ofs_x = 1, .ofs_y = -2},
    {.bitmap_index = 16529, .adv_w = 320, .box_w = 20, .box_h = 18, .ofs_x = 0, .ofs_y = -2},
    {.bitmap_index = 16671, .adv_w = 320, .box_w = 19, .box_h = 18, .ofs_x = 1, .ofs_y = -2},
    {.bitmap_index = 16803, .adv_w = 320, .box_w = 20, .box_h = 19, .ofs_x = 0, .ofs_y = -2},
    {.bitmap_index = 16954, .adv_w = 320, .box_w = 20, .box_h = 19, .ofs_x = 0, .ofs_y = -2},
    {.bitmap_index = 17112, .adv_w = 320, .box_w = 20, .box_h = 20, .ofs_x = 0, .ofs_y = -3},
    {.bitmap_index = 17270, .adv_w = 320, .box_w = 20, .box_h = 18, .ofs_x = 0, .ofs_y = -1},
    {.bitmap_index = 17388, .adv_w = 320, .box_w = 18, .box_h = 18, .ofs_x = 1, .ofs_y = -1},
    {.bitmap_index = 17497, .adv_w = 320, .box_w = 20, .box_h = 17, .ofs_x = 0, .ofs_y = -1},
    {.bitmap_index = 17621, .adv_w = 320, .box_w = 20, .box_h = 19, .ofs_x = 0, .ofs_y = -2},
    {.bitmap_index = 17737, .adv_w = 320, .box_w = 19, .box_h = 18, .ofs_x = 0, .ofs_y = -1},
    {.bitmap_index = 17858, .adv_w = 320, .box_w = 19, .box_h = 19, .ofs_x = 0, .ofs_y = -2},
    {.bitmap_index = 17966, .adv_w = 320, .box_w = 19, .box_h = 19, .ofs_x = 0, .ofs_y = -1},
    {.bitmap_index = 18083, .adv_w = 320, .box_w = 18, .box_h = 18, .ofs_x = 1, .ofs_y = -1},
    {.bitmap_index = 18199, .adv_w = 320, .box_w = 19, .box_h = 18, .ofs_x = 0, .ofs_y = -2},
    {.bitmap_index = 18339, .adv_w = 320, .box_w = 20, .box_h = 20, .ofs_x = 0, .ofs_y = -3},
    {.bitmap_index = 18482, .adv_w = 320, .box_w = 18, .box_h = 18, .ofs_x = 1, .ofs_y = -1},
    {.bitmap_index = 18623, .adv_w = 320, .box_w = 20, .box_h = 20, .ofs_x = 0, .ofs_y = -3},
    {.bitmap_index = 18809, .adv_w = 320, .box_w = 19, .box_h = 19, .ofs_x = 1, .ofs_y = -2},
    {.bitmap_index = 18903, .adv_w = 320, .box_w = 20, .box_h = 19, .ofs_x = 0, .ofs_y = -2},
    {.bitmap_index = 19002, .adv_w = 320, .box_w = 20, .box_h = 20, .ofs_x = 0, .ofs_y = -2},
    {.bitmap_index = 19136, .adv_w = 320, .box_w = 19, .box_h = 20, .ofs_x = 0, .ofs_y = -2},
    {.bitmap_index = 19256, .adv_w = 320, .box_w = 20, .box_h = 19, .ofs_x = 0, .ofs_y = -1},
    {.bitmap_index = 19357, .adv_w = 320, .box_w = 20, .box_h = 20, .ofs_x = 0, .ofs_y = -3},
    {.bitmap_index = 19526, .adv_w = 320, .box_w = 20, .box_h = 19, .ofs_x = 0, .ofs_y = -2},
    {.bitmap_index = 19656, .adv_w = 320, .box_w = 20, .box_h = 20, .ofs_x = 0, .ofs_y = -3},
    {.bitmap_index = 19822, .adv_w = 320, .box_w = 19, .box_h = 19, .ofs_x = 0, .ofs_y = -2},
    {.bitmap_index = 19942, .adv_w = 320, .box_w = 20, .box_h = 19, .ofs_x = 0, .ofs_y = -2},
    {.bitmap_index = 20083, .adv_w = 320, .box_w = 20, .box_h = 19, .ofs_x = 0, .ofs_y = -2},
    {.bitmap_index = 20239, .adv_w = 320, .box_w = 20, .box_h = 19, .ofs_x = 0, .ofs_y = -2},
    {.bitmap_index = 20363, .adv_w = 320, .box_w = 20, .box_h = 19, .ofs_x = 0, .ofs_y = -2},
    {.bitmap_index = 20506, .adv_w = 320, .box_w = 20, .box_h = 19, .ofs_x = 0, .ofs_y = -2},
    {.bitmap_index = 20670, .adv_w = 320, .box_w = 20, .box_h = 20, .ofs_x = 0, .ofs_y = -2},
    {.bitmap_index = 20843, .adv_w = 320, .box_w = 20, .box_h = 19, .ofs_x = 0, .ofs_y = -2},
    {.bitmap_index = 20974, .adv_w = 320, .box_w = 20, .box_h = 20, .ofs_x = 0, .ofs_y = -3},
    {.bitmap_index = 21142, .adv_w = 320, .box_w = 18, .box_h = 19, .ofs_x = 1, .ofs_y = -2},
    {.bitmap_index = 21256, .adv_w = 320, .box_w = 20, .box_h = 18, .ofs_x = 0, .ofs_y = -2},
    {.bitmap_index = 21369, .adv_w = 320, .box_w = 14, .box_h = 17, .ofs_x = 3, .ofs_y = -1},
    {.bitmap_index = 21409, .adv_w = 320, .box_w = 19, .box_h = 18, .ofs_x = 1, .ofs_y = -1},
    {.bitmap_index = 21518, .adv_w = 320, .box_w = 18, .box_h = 19, .ofs_x = 1, .ofs_y = -3},
    {.bitmap_index = 21633, .adv_w = 320, .box_w = 20, .box_h = 19, .ofs_x = 0, .ofs_y = -2},
    {.bitmap_index = 21767, .adv_w = 320, .box_w = 20, .box_h = 18, .ofs_x = 0, .ofs_y = -2},
    {.bitmap_index = 21889, .adv_w = 320, .box_w = 19, .box_h = 19, .ofs_x = 1, .ofs_y = -2},
    {.bitmap_index = 22052, .adv_w = 320, .box_w = 18, .box_h = 19, .ofs_x = 1, .ofs_y = -2},
    {.bitmap_index = 22177, .adv_w = 320, .box_w = 16, .box_h = 19, .ofs_x = 2, .ofs_y = -2},
    {.bitmap_index = 22288, .adv_w = 320, .box_w = 17, .box_h = 18, .ofs_x = 0, .ofs_y = -2},
    {.bitmap_index = 22373, .adv_w = 320, .box_w = 19, .box_h = 19, .ofs_x = 0, .ofs_y = -2},
    {.bitmap_index = 22476, .adv_w = 320, .box_w = 20, .box_h = 20, .ofs_x = 0, .ofs_y = -3},
    {.bitmap_index = 22625, .adv_w = 320, .box_w = 19, .box_h = 19, .ofs_x = 0, .ofs_y = -2},
    {.bitmap_index = 22777, .adv_w = 320, .box_w = 20, .box_h = 19, .ofs_x = 0, .ofs_y = -2},
    {.bitmap_index = 22889, .adv_w = 320, .box_w = 20, .box_h = 19, .ofs_x = 0, .ofs_y = -2},
    {.bitmap_index = 23010, .adv_w = 320, .box_w = 20, .box_h = 19, .ofs_x = 0, .ofs_y = -2},
    {.bitmap_index = 23141, .adv_w = 320, .box_w = 20, .box_h = 20, .ofs_x = 0, .ofs_y = -3},
    {.bitmap_index = 23273, .adv_w = 320, .box_w = 20, .box_h = 19, .ofs_x = 0, .ofs_y = -2},
    {.bitmap_index = 23392, .adv_w = 320, .box_w = 20, .box_h = 19, .ofs_x = 0, .ofs_y = -2},
    {.bitmap_index = 23498, .adv_w = 320, .box_w = 19, .box_h = 20, .ofs_x = 0, .ofs_y = -3},
    {.bitmap_index = 23658, .adv_w = 320, .box_w = 19, .box_h = 19, .ofs_x = 0, .ofs_y = -2},
    {.bitmap_index = 23791, .adv_w = 320, .box_w = 20, .box_h = 19, .ofs_x = 0, .ofs_y = -2},
    {.bitmap_index = 23921, .adv_w = 320, .box_w = 19, .box_h = 19, .ofs_x = 0, .ofs_y = -2},
    {.bitmap_index = 24062, .adv_w = 320, .box_w = 20, .box_h = 18, .ofs_x = 0, .ofs_y = -1},
    {.bitmap_index = 24181, .adv_w = 320, .box_w = 20, .box_h = 19, .ofs_x = 0, .ofs_y = -2},
    {.bitmap_index = 24334, .adv_w = 320, .box_w = 19, .box_h = 19, .ofs_x = 0, .ofs_y = -2},
    {.bitmap_index = 24456, .adv_w = 320, .box_w = 19, .box_h = 19, .ofs_x = 0, .ofs_y = -2},
    {.bitmap_index = 24586, .adv_w = 320, .box_w = 20, .box_h = 19, .ofs_x = 0, .ofs_y = -2},
    {.bitmap_index = 24747, .adv_w = 320, .box_w = 20, .box_h = 19, .ofs_x = 0, .ofs_y = -2},
    {.bitmap_index = 24898, .adv_w = 320, .box_w = 20, .box_h = 20, .ofs_x = 0, .ofs_y = -2},
    {.bitmap_index = 25054, .adv_w = 320, .box_w = 20, .box_h = 19, .ofs_x = 0, .ofs_y = -2},
    {.bitmap_index = 25205, .adv_w = 320, .box_w = 20, .box_h = 19, .ofs_x = 0, .ofs_y = -2},
    {.bitmap_index = 25353, .adv_w = 320, .box_w = 20, .box_h = 19, .ofs_x = 0, .ofs_y = -2},
    {.bitmap_index = 25493, .adv_w = 320, .box_w = 20, .box_h = 19, .ofs_x = 0, .ofs_y = -2},
    {.bitmap_index = 25641, .adv_w = 320, .box_w = 19, .box_h = 18, .ofs_x = 1, .ofs_y = -1},
    {.bitmap_index = 25777, .adv_w = 320, .box_w = 20, .box_h = 19, .ofs_x = 0, .ofs_y = -2},
    {.bitmap_index = 25882, .adv_w = 320, .box_w = 19, .box_h = 19, .ofs_x = 0, .ofs_y = -2},
    {.bitmap_index = 26038, .adv_w = 320, .box_w = 20, .box_h = 19, .ofs_x = 0, .ofs_y = -2},
    {.bitmap_index = 26160, .adv_w = 320, .box_w = 20, .box_h = 19, .ofs_x = 0, .ofs_y = -2},
    {.bitmap_index = 26304, .adv_w = 320, .box_w = 20, .box_h = 19, .ofs_x = 0, .ofs_y = -2},
    {.bitmap_index = 26458, .adv_w = 320, .box_w = 20, .box_h = 19, .ofs_x = 0, .ofs_y = -2},
    {.bitmap_index = 26586, .adv_w = 320, .box_w = 20, .box_h = 19, .ofs_x = 0, .ofs_y = -2},
    {.bitmap_index = 26731, .adv_w = 320, .box_w = 20, .box_h = 19, .ofs_x = 0, .ofs_y = -2},
    {.bitmap_index = 26864, .adv_w = 320, .box_w = 20, .box_h = 20, .ofs_x = 0, .ofs_y = -2},
    {.bitmap_index = 27021, .adv_w = 320, .box_w = 19, .box_h = 19, .ofs_x = 0, .ofs_y = -2},
    {.bitmap_index = 27165, .adv_w = 320, .box_w = 19, .box_h = 19, .ofs_x = 0, .ofs_y = -2},
    {.bitmap_index = 27299, .adv_w = 320, .box_w = 20, .box_h = 19, .ofs_x = 0, .ofs_y = -2},
    {.bitmap_index = 27468, .adv_w = 320, .box_w = 20, .box_h = 19, .ofs_x = 0, .ofs_y = -2},
    {.bitmap_index = 27643, .adv_w = 320, .box_w = 19, .box_h = 19, .ofs_x = 0, .ofs_y = -2},
    {.bitmap_index = 27812, .adv_w = 320, .box_w = 20, .box_h = 19, .ofs_x = 0, .ofs_y = -2},
    {.bitmap_index = 27973, .adv_w = 320, .box_w = 20, .box_h = 19, .ofs_x = 0, .ofs_y = -2},
    {.bitmap_index = 28133, .adv_w = 320, .box_w = 20, .box_h = 19, .ofs_x = 0, .ofs_y = -2},
    {.bitmap_index = 28296, .adv_w = 320, .box_w = 18, .box_h = 17, .ofs_x = 1, .ofs_y = -1},
    {.bitmap_index = 28347, .adv_w = 320, .box_w = 20, .box_h = 19, .ofs_x = 0, .ofs_y = -2},
    {.bitmap_index = 28496, .adv_w = 320, .box_w = 19, .box_h = 18, .ofs_x = 0, .ofs_y = -2},
    {.bitmap_index = 28638, .adv_w = 320, .box_w = 20, .box_h = 19, .ofs_x = 0, .ofs_y = -2},
    {.bitmap_index = 28791, .adv_w = 320, .box_w = 18, .box_h = 18, .ofs_x = 1, .ofs_y = -1},
    {.bitmap_index = 28878, .adv_w = 320, .box_w = 18, .box_h = 17, .ofs_x = 1, .ofs_y = -1},
    {.bitmap_index = 28939, .adv_w = 320, .box_w = 18, .box_h = 19, .ofs_x = 2, .ofs_y = -1},
    {.bitmap_index = 29032, .adv_w = 320, .box_w = 18, .box_h = 18, .ofs_x = 0, .ofs_y = -2},
    {.bitmap_index = 29149, .adv_w = 320, .box_w = 20, .box_h = 20, .ofs_x = 0, .ofs_y = -3},
    {.bitmap_index = 29280, .adv_w = 320, .box_w = 20, .box_h = 19, .ofs_x = 0, .ofs_y = -2},
    {.bitmap_index = 29428, .adv_w = 320, .box_w = 20, .box_h = 19, .ofs_x = 0, .ofs_y = -2},
    {.bitmap_index = 29569, .adv_w = 320, .box_w = 20, .box_h = 19, .ofs_x = 0, .ofs_y = -2},
    {.bitmap_index = 29699, .adv_w = 320, .box_w = 20, .box_h = 19, .ofs_x = 0, .ofs_y = -2},
    {.bitmap_index = 29847, .adv_w = 320, .box_w = 20, .box_h = 20, .ofs_x = 0, .ofs_y = -3},
    {.bitmap_index = 30011, .adv_w = 320, .box_w = 20, .box_h = 21, .ofs_x = 0, .ofs_y = -3},
    {.bitmap_index = 30159, .adv_w = 320, .box_w = 20, .box_h = 20, .ofs_x = 0, .ofs_y = -2},
    {.bitmap_index = 30318, .adv_w = 320, .box_w = 16, .box_h = 19, .ofs_x = 2, .ofs_y = -2},
    {.bitmap_index = 30384, .adv_w = 320, .box_w = 19, .box_h = 19, .ofs_x = 0, .ofs_y = -2},
    {.bitmap_index = 30511, .adv_w = 320, .box_w = 19, .box_h = 18, .ofs_x = 0, .ofs_y = -2},
    {.bitmap_index = 30604, .adv_w = 320, .box_w = 19, .box_h = 18, .ofs_x = 0, .ofs_y = -2},
    {.bitmap_index = 30703, .adv_w = 320, .box_w = 20, .box_h = 19, .ofs_x = 0, .ofs_y = -2},
    {.bitmap_index = 30861, .adv_w = 320, .box_w = 20, .box_h = 19, .ofs_x = 0, .ofs_y = -2},
    {.bitmap_index = 31006, .adv_w = 320, .box_w = 20, .box_h = 20, .ofs_x = 0, .ofs_y = -3},
    {.bitmap_index = 31175, .adv_w = 320, .box_w = 20, .box_h = 19, .ofs_x = 0, .ofs_y = -2},
    {.bitmap_index = 31318, .adv_w = 320, .box_w = 20, .box_h = 20, .ofs_x = 0, .ofs_y = -3},
    {.bitmap_index = 31495, .adv_w = 320, .box_w = 18, .box_h = 18, .ofs_x = 1, .ofs_y = -1},
    {.bitmap_index = 31638, .adv_w = 320, .box_w = 19, .box_h = 19, .ofs_x = 0, .ofs_y = -2},
    {.bitmap_index = 31782, .adv_w = 320, .box_w = 18, .box_h = 19, .ofs_x = 1, .ofs_y = -2},
    {.bitmap_index = 31932, .adv_w = 320, .box_w = 20, .box_h = 18, .ofs_x = 0, .ofs_y = -1},
    {.bitmap_index = 32059, .adv_w = 320, .box_w = 20, .box_h = 19, .ofs_x = 0, .ofs_y = -1},
    {.bitmap_index = 32210, .adv_w = 320, .box_w = 17, .box_h = 18, .ofs_x = 1, .ofs_y = -2},
    {.bitmap_index = 32329, .adv_w = 320, .box_w = 19, .box_h = 19, .ofs_x = 0, .ofs_y = -2},
    {.bitmap_index = 32493, .adv_w = 320, .box_w = 20, .box_h = 20, .ofs_x = 0, .ofs_y = -3},
    {.bitmap_index = 32647, .adv_w = 320, .box_w = 16, .box_h = 19, .ofs_x = 2, .ofs_y = -2},
    {.bitmap_index = 32744, .adv_w = 320, .box_w = 20, .box_h = 20, .ofs_x = 0, .ofs_y = -3},
    {.bitmap_index = 32864, .adv_w = 320, .box_w = 17, .box_h = 19, .ofs_x = 2, .ofs_y = -2},
    {.bitmap_index = 32975, .adv_w = 320, .box_w = 19, .box_h = 20, .ofs_x = 0, .ofs_y = -3},
    {.bitmap_index = 33097, .adv_w = 320, .box_w = 18, .box_h = 19, .ofs_x = 1, .ofs_y = -2},
    {.bitmap_index = 33224, .adv_w = 320, .box_w = 20, .box_h = 19, .ofs_x = 0, .ofs_y = -2},
    {.bitmap_index = 33384, .adv_w = 320, .box_w = 20, .box_h = 19, .ofs_x = 0, .ofs_y = -2},
    {.bitmap_index = 33520, .adv_w = 320, .box_w = 19, .box_h = 19, .ofs_x = 1, .ofs_y = -2},
    {.bitmap_index = 33652, .adv_w = 320, .box_w = 19, .box_h = 19, .ofs_x = 1, .ofs_y = -2},
    {.bitmap_index = 33801, .adv_w = 320, .box_w = 18, .box_h = 19, .ofs_x = 1, .ofs_y = -2},
    {.bitmap_index = 33906, .adv_w = 320, .box_w = 19, .box_h = 19, .ofs_x = 0, .ofs_y = -2},
    {.bitmap_index = 34029, .adv_w = 320, .box_w = 20, .box_h = 19, .ofs_x = 0, .ofs_y = -2},
    {.bitmap_index = 34171, .adv_w = 320, .box_w = 19, .box_h = 19, .ofs_x = 1, .ofs_y = -2},
    {.bitmap_index = 34312, .adv_w = 320, .box_w = 18, .box_h = 19, .ofs_x = 1, .ofs_y = -2},
    {.bitmap_index = 34464, .adv_w = 320, .box_w = 20, .box_h = 19, .ofs_x = 0, .ofs_y = -2},
    {.bitmap_index = 34603, .adv_w = 320, .box_w = 18, .box_h = 18, .ofs_x = 1, .ofs_y = -1},
    {.bitmap_index = 34716, .adv_w = 320, .box_w = 18, .box_h = 18, .ofs_x = 1, .ofs_y = -1},
    {.bitmap_index = 34845, .adv_w = 320, .box_w = 19, .box_h = 19, .ofs_x = 0, .ofs_y = -2},
    {.bitmap_index = 34994, .adv_w = 320, .box_w = 20, .box_h = 19, .ofs_x = 0, .ofs_y = -2},
    {.bitmap_index = 35159, .adv_w = 320, .box_w = 19, .box_h = 19, .ofs_x = 1, .ofs_y = -2},
    {.bitmap_index = 35306, .adv_w = 320, .box_w = 20, .box_h = 18, .ofs_x = 0, .ofs_y = -1},
    {.bitmap_index = 35373, .adv_w = 320, .box_w = 20, .box_h = 19, .ofs_x = 0, .ofs_y = -2},
    {.bitmap_index = 35510, .adv_w = 320, .box_w = 18, .box_h = 18, .ofs_x = 1, .ofs_y = -2},
    {.bitmap_index = 35640, .adv_w = 320, .box_w = 20, .box_h = 19, .ofs_x = 0, .ofs_y = -2},
    {.bitmap_index = 35754, .adv_w = 320, .box_w = 20, .box_h = 18, .ofs_x = 0, .ofs_y = -1},
    {.bitmap_index = 35862, .adv_w = 320, .box_w = 20, .box_h = 19, .ofs_x = 0, .ofs_y = -2},
    {.bitmap_index = 35977, .adv_w = 320, .box_w = 20, .box_h = 19, .ofs_x = 0, .ofs_y = -2},
    {.bitmap_index = 36115, .adv_w = 320, .box_w = 20, .box_h = 19, .ofs_x = 0, .ofs_y = -2},
    {.bitmap_index = 36237, .adv_w = 320, .box_w = 20, .box_h = 19, .ofs_x = 0, .ofs_y = -2},
    {.bitmap_index = 36370, .adv_w = 320, .box_w = 20, .box_h = 20, .ofs_x = 0, .ofs_y = -2},
    {.bitmap_index = 36526, .adv_w = 320, .box_w = 20, .box_h = 19, .ofs_x = 0, .ofs_y = -2},
    {.bitmap_index = 36664, .adv_w = 320, .box_w = 19, .box_h = 19, .ofs_x = 0, .ofs_y = -2},
    {.bitmap_index = 36801, .adv_w = 320, .box_w = 19, .box_h = 18, .ofs_x = 0, .ofs_y = -2},
    {.bitmap_index = 36921, .adv_w = 320, .box_w = 20, .box_h = 19, .ofs_x = 0, .ofs_y = -2},
    {.bitmap_index = 37083, .adv_w = 320, .box_w = 20, .box_h = 19, .ofs_x = 0, .ofs_y = -2},
    {.bitmap_index = 37224, .adv_w = 320, .box_w = 20, .box_h = 19, .ofs_x = 0, .ofs_y = -2},
    {.bitmap_index = 37344, .adv_w = 320, .box_w = 20, .box_h = 18, .ofs_x = 0, .ofs_y = -1},
    {.bitmap_index = 37495, .adv_w = 320, .box_w = 20, .box_h = 18, .ofs_x = 0, .ofs_y = -2},
    {.bitmap_index = 37621, .adv_w = 320, .box_w = 20, .box_h = 19, .ofs_x = 0, .ofs_y = -2},
    {.bitmap_index = 37751, .adv_w = 320, .box_w = 20, .box_h = 18, .ofs_x = 0, .ofs_y = -2},
    {.bitmap_index = 37883, .adv_w = 320, .box_w = 20, .box_h = 19, .ofs_x = 0, .ofs_y = -2},
    {.bitmap_index = 38034, .adv_w = 320, .box_w = 19, .box_h = 18, .ofs_x = 0, .ofs_y = -2},
    {.bitmap_index = 38166, .adv_w = 320, .box_w = 20, .box_h = 19, .ofs_x = 0, .ofs_y = -2},
    {.bitmap_index = 38293, .adv_w = 320, .box_w = 19, .box_h = 19, .ofs_x = 0, .ofs_y = -3},
    {.bitmap_index = 38434, .adv_w = 320, .box_w = 20, .box_h = 19, .ofs_x = 0, .ofs_y = -2},
    {.bitmap_index = 38572, .adv_w = 320, .box_w = 20, .box_h = 19, .ofs_x = 0, .ofs_y = -2},
    {.bitmap_index = 38726, .adv_w = 320, .box_w = 20, .box_h = 20, .ofs_x = 0, .ofs_y = -3},
    {.bitmap_index = 38892, .adv_w = 320, .box_w = 20, .box_h = 19, .ofs_x = 0, .ofs_y = -2},
    {.bitmap_index = 39032, .adv_w = 320, .box_w = 20, .box_h = 17, .ofs_x = 0, .ofs_y = -1},
    {.bitmap_index = 39182, .adv_w = 320, .box_w = 20, .box_h = 19, .ofs_x = 0, .ofs_y = -1},
    {.bitmap_index = 39312, .adv_w = 320, .box_w = 19, .box_h = 19, .ofs_x = 0, .ofs_y = -2},
    {.bitmap_index = 39440, .adv_w = 320, .box_w = 19, .box_h = 18, .ofs_x = 0, .ofs_y = -1},
    {.bitmap_index = 39597, .adv_w = 320, .box_w = 19, .box_h = 19, .ofs_x = 0, .ofs_y = -2},
    {.bitmap_index = 39740, .adv_w = 320, .box_w = 18, .box_h = 19, .ofs_x = 1, .ofs_y = -2},
    {.bitmap_index = 39834, .adv_w = 320, .box_w = 19, .box_h = 18, .ofs_x = 1, .ofs_y = -2},
    {.bitmap_index = 39934, .adv_w = 320, .box_w = 19, .box_h = 19, .ofs_x = 1, .ofs_y = -2},
    {.bitmap_index = 40050, .adv_w = 320, .box_w = 19, .box_h = 19, .ofs_x = 1, .ofs_y = -2},
    {.bitmap_index = 40193, .adv_w = 320, .box_w = 19, .box_h = 19, .ofs_x = 1, .ofs_y = -2},
    {.bitmap_index = 40329, .adv_w = 320, .box_w = 18, .box_h = 20, .ofs_x = 1, .ofs_y = -3},
    {.bitmap_index = 40468, .adv_w = 320, .box_w = 18, .box_h = 18, .ofs_x = 1, .ofs_y = -2},
    {.bitmap_index = 40574, .adv_w = 320, .box_w = 18, .box_h = 18, .ofs_x = 1, .ofs_y = -2},
    {.bitmap_index = 40681, .adv_w = 320, .box_w = 18, .box_h = 18, .ofs_x = 1, .ofs_y = -2},
    {.bitmap_index = 40798, .adv_w = 320, .box_w = 18, .box_h = 20, .ofs_x = 1, .ofs_y = -3},
    {.bitmap_index = 40920, .adv_w = 320, .box_w = 19, .box_h = 19, .ofs_x = 1, .ofs_y = -2},
    {.bitmap_index = 41068, .adv_w = 320, .box_w = 19, .box_h = 18, .ofs_x = 1, .ofs_y = -2},
    {.bitmap_index = 41203, .adv_w = 320, .box_w = 18, .box_h = 19, .ofs_x = 1, .ofs_y = -2},
    {.bitmap_index = 41306, .adv_w = 320, .box_w = 20, .box_h = 20, .ofs_x = 0, .ofs_y = -3},
    {.bitmap_index = 41472, .adv_w = 320, .box_w = 18, .box_h = 19, .ofs_x = 1, .ofs_y = -2},
    {.bitmap_index = 41570, .adv_w = 320, .box_w = 20, .box_h = 20, .ofs_x = 0, .ofs_y = -3},
    {.bitmap_index = 41719, .adv_w = 320, .box_w = 19, .box_h = 19, .ofs_x = 1, .ofs_y = -2},
    {.bitmap_index = 41861, .adv_w = 320, .box_w = 20, .box_h = 18, .ofs_x = 0, .ofs_y = -2},
    {.bitmap_index = 41994, .adv_w = 320, .box_w = 20, .box_h = 18, .ofs_x = 0, .ofs_y = -2},
    {.bitmap_index = 42130, .adv_w = 320, .box_w = 19, .box_h = 17, .ofs_x = 1, .ofs_y = -1},
    {.bitmap_index = 42235, .adv_w = 320, .box_w = 18, .box_h = 19, .ofs_x = 1, .ofs_y = -3},
    {.bitmap_index = 42343, .adv_w = 320, .box_w = 18, .box_h = 20, .ofs_x = 1, .ofs_y = -2},
    {.bitmap_index = 42443, .adv_w = 320, .box_w = 20, .box_h = 19, .ofs_x = 0, .ofs_y = -2},
    {.bitmap_index = 42625, .adv_w = 320, .box_w = 18, .box_h = 19, .ofs_x = 1, .ofs_y = -2},
    {.bitmap_index = 42744, .adv_w = 320, .box_w = 19, .box_h = 19, .ofs_x = 0, .ofs_y = -2},
    {.bitmap_index = 42899, .adv_w = 320, .box_w = 18, .box_h = 19, .ofs_x = 1, .ofs_y = -2},
    {.bitmap_index = 43026, .adv_w = 320, .box_w = 20, .box_h = 19, .ofs_x = 0, .ofs_y = -2},
    {.bitmap_index = 43204, .adv_w = 320, .box_w = 20, .box_h = 20, .ofs_x = 0, .ofs_y = -2},
    {.bitmap_index = 43365, .adv_w = 320, .box_w = 20, .box_h = 19, .ofs_x = 0, .ofs_y = -2},
    {.bitmap_index = 43512, .adv_w = 320, .box_w = 18, .box_h = 19, .ofs_x = 1, .ofs_y = -2},
    {.bitmap_index = 43667, .adv_w = 320, .box_w = 4, .box_h = 16, .ofs_x = 3, .ofs_y = -1},
    {.bitmap_index = 43698, .adv_w = 320, .box_w = 18, .box_h = 17, .ofs_x = 1, .ofs_y = -1},
    {.bitmap_index = 43832, .adv_w = 320, .box_w = 7, .box_h = 20, .ofs_x = 13, .ofs_y = -2},
    {.bitmap_index = 43888, .adv_w = 320, .box_w = 7, .box_h = 20, .ofs_x = 0, .ofs_y = -2},
    {.bitmap_index = 43944, .adv_w = 320, .box_w = 5, .box_h = 8, .ofs_x = 2, .ofs_y = -3},
    {.bitmap_index = 43965, .adv_w = 320, .box_w = 4, .box_h = 14, .ofs_x = 3, .ofs_y = -1},
    {.bitmap_index = 43984, .adv_w = 320, .box_w = 5, .box_h = 17, .ofs_x = 2, .ofs_y = -4},
    {.bitmap_index = 44017, .adv_w = 320, .box_w = 10, .box_h = 17, .ofs_x = 0, .ofs_y = -1},
    {.bitmap_index = 44079, .adv_w = 320, .box_w = 20, .box_h = 7, .ofs_x = 0, .ofs_y = 4}
};

/*---------------------
 *  CHARACTER MAPPING
 *--------------------*/

static const uint16_t unicode_list_1[] = {
    0x0, 0x7, 0x27, 0x1f64, 0x1f68, 0x1f69, 0x1f6c, 0x1f6d,
    0x1f76, 0x2f51, 0x2f52, 0x2f60, 0x2f61, 0x4d50, 0x4d51, 0x4d57,
    0x4d75, 0x4d7d, 0x4d8d, 0x4ddb, 0x4dde, 0x4de1, 0x4df6, 0x4e0a,
    0x4e28, 0x4e4b, 0x4e6f, 0x4e9f, 0x4ea5, 0x4ea9, 0x4ec3, 0x4edb,
    0x4eff, 0x4f1a, 0x4f2d, 0x4f31, 0x4fb5, 0x5098, 0x50c0, 0x50c3,
    0x50eb, 0x50ff, 0x514a, 0x5168, 0x517b, 0x51f8, 0x51f9, 0x5217,
    0x524f, 0x5289, 0x528b, 0x529e, 0x52b1, 0x52b2, 0x52d6, 0x52db,
    0x533b, 0x533f, 0x5342, 0x5346, 0x5347, 0x5348, 0x535c, 0x535d,
    0x5361, 0x5365, 0x5384, 0x53a8, 0x53b8, 0x53cc, 0x53dc, 0x543e,
    0x5460, 0x54e8, 0x5559, 0x55b8, 0x564d, 0x56db, 0x57f8, 0x5857,
    0x585f, 0x5884, 0x58c3, 0x58d2, 0x5923, 0x592a, 0x592c, 0x596c,
    0x596f, 0x59c7, 0x5aa0, 0x5aa4, 0x5aa9, 0x5aaf, 0x5ab2, 0x5ad7,
    0x5ad9, 0x5adb, 0x5ae8, 0x5aea, 0x5b06, 0x5b89, 0x5b8f, 0x5bae,
    0x5bd1, 0x5beb, 0x5c64, 0x5d7e, 0x5d88, 0x5dc3, 0x5dc4, 0x5e07,
    0x5e26, 0x5e4a, 0x5e70, 0x5e8a, 0x5ea5, 0x5eb4, 0x5ebd, 0x5ee0,
    0x5f13, 0x5f27, 0x5f6d, 0x5f71, 0x5f75, 0x5f77, 0x5fbf, 0x605f,
    0x608f, 0x60b2, 0x60b7, 0x6184, 0x619b, 0x61a3, 0x61e7, 0x61f4,
    0x6222, 0x6238, 0x6251, 0x6259, 0x62a0, 0x6320, 0x635f, 0x647f,
    0x6495, 0x649f, 0x64a1, 0x64d7, 0x64dc, 0x6509, 0x6530, 0x6535,
    0x6546, 0x655e, 0x6575, 0x65b8, 0x6636, 0x6649, 0x664e, 0x6658,
    0x6659, 0x665d, 0x666f, 0x667a, 0x667f, 0x6681, 0x668a, 0x669e,
    0x66ac, 0x66b8, 0x66c0, 0x66e7, 0x6706, 0x6735, 0x6798, 0x67a0,
    0x67b3, 0x67d1, 0x67d5, 0x67f6, 0x6810, 0x6a73, 0x6ab6, 0x6b05,
    0x6b2b, 0x6baf, 0x6bb4, 0x6bba, 0x6bd8, 0x6c32, 0x6c38, 0x6c4d,
    0x6cb9, 0x6ceb, 0x6d05, 0x6d55, 0x6ea8, 0x7086, 0x70da, 0x7125,
    0x71b9, 0x727e, 0x72db, 0x737a, 0x7384, 0x73c6, 0x746f, 0x7480,
    0x7485, 0x7487, 0x74e7, 0x74fb, 0x7515, 0x7517, 0x753b, 0x7574,
    0x759c, 0x75bb, 0x75cd, 0x7735, 0x7743, 0x788a, 0x7910, 0x7936,
    0x794b, 0x795b, 0x7c26, 0x7c4b, 0x7c70, 0x7c77, 0x7df2, 0x7e2d,
    0x7ea7, 0x7f24, 0x7fa4, 0x7fe6, 0x7fed, 0x800e, 0x800f, 0x8031,
    0x8040, 0x805f, 0x8203, 0x821f, 0x8227, 0x8235, 0x8241, 0x8253,
    0x82bf, 0x82fb, 0x8381, 0x83b3, 0x83db, 0x8471, 0x84eb, 0x8790,
    0x87d1, 0x88d1, 0x88d3, 0x8b00, 0x8b08, 0x8b27, 0x8b2d, 0x8b47,
    0x8b72, 0x8b7d, 0x8c8a, 0x8c8e, 0x8cc5, 0x8cc7, 0x8eb9, 0x8ed9,
    0x8f00, 0x8f17, 0x8f2c, 0x8f97, 0x8fe3, 0x9001, 0x9005, 0x9009,
    0x9021, 0x902d, 0x903d, 0x90e2, 0x9121, 0x93ef, 0x9401, 0x943d,
    0x953b, 0x958f, 0x9596, 0x9598, 0x95b2, 0x95c6, 0x9638, 0x963a,
    0x9647, 0x9650, 0x9659, 0x966e, 0x96a2, 0x96a9, 0x9736, 0x9739,
    0x97cb, 0x97ce, 0x981e, 0x982e, 0x99bc, 0x9a28, 0x9a9f, 0x9d73,
    0x9d9f, 0x9e14, 0x9e1e, 0x9ed4, 0x9ee9, 0x9eea, 0xfe51, 0xfe55,
    0xfe58, 0xfe59, 0xfe5c, 0xfe6a, 0xfe6b, 0xfe6f, 0xfeae
};

/*Collect the unicode lists and glyph_id offsets*/
static const lv_font_fmt_txt_cmap_t cmaps[] =
{
    {
        .range_start = 32, .range_length = 95, .glyph_id_start = 1,
        .unicode_list = NULL, .glyph_id_ofs_list = NULL, .list_length = 0, .type = LV_FONT_FMT_TXT_CMAP_FORMAT0_TINY
    },
    {
        .range_start = 176, .range_length = 65199, .glyph_id_start = 96,
        .unicode_list = unicode_list_1, .glyph_id_ofs_list = NULL, .list_length = 327, .type = LV_FONT_FMT_TXT_CMAP_SPARSE_TINY
    }
};

/*-----------------
 *    KERNING
 *----------------*/


/*Map glyph_ids to kern left classes*/
static const uint8_t kern_left_class_mapping[] =
{
    0, 0, 0, 1, 0, 0, 0, 0,
    1, 2, 0, 0, 0, 3, 4, 3,
    5, 0, 0, 0, 0, 0, 0, 0,
    0, 0, 0, 6, 6, 0, 0, 0,
    0, 0, 7, 8, 9, 10, 11, 12,
    13, 0, 0, 14, 15, 16, 0, 0,
    10, 17, 10, 18, 19, 20, 21, 22,
    23, 24, 25, 26, 2, 27, 0, 0,
    0, 0, 28, 29, 30, 0, 31, 32,
    33, 34, 0, 0, 35, 36, 34, 34,
    29, 29, 37, 38, 39, 40, 37, 41,
    42, 43, 44, 45, 2, 0, 0, 0,
    0, 0, 0, 4, 0, 0, 0, 0,
    0, 0, 0, 0, 0, 0, 0, 0,
    0, 0, 0, 0, 0, 0, 0, 0,
    0, 0, 0, 0, 0, 0, 0, 0,
    0, 0, 0, 0, 0, 0, 0, 0,
    0, 0, 0, 0, 0, 0, 0, 0,
    0, 0, 0, 0, 0, 0, 0, 0,
    0, 0, 0, 0, 0, 0, 0, 0,
    0, 0, 0, 0, 0, 0, 0, 0,
    0, 0, 0, 0, 0, 0, 0, 0,
    0, 0, 0, 0, 0, 0, 0, 0,
    0, 0, 0, 0, 0, 0, 0, 0,
    0, 0, 0, 0, 0, 0, 0, 0,
    0, 0, 0, 0, 0, 0, 0, 0,
    0, 0, 0, 0, 0, 0, 0, 0,
    0, 0, 0, 0, 0, 0, 0, 0,
    0, 0, 0, 0, 0, 0, 0, 0,
    0, 0, 0, 0, 0, 0, 0, 0,
    0, 0, 0, 0, 0, 0, 0, 0,
    0, 0, 0, 0, 0, 0, 0, 0,
    0, 0, 0, 0, 0, 0, 0, 0,
    0, 0, 0, 0, 0, 0, 0, 0,
    0, 0, 0, 0, 0, 0, 0, 0,
    0, 0, 0, 0, 0, 0, 0, 0,
    0, 0, 0, 0, 0, 0, 0, 0,
    0, 0, 0, 0, 0, 0, 0, 0,
    0, 0, 0, 0, 0, 0, 0, 0,
    0, 0, 0, 0, 0, 0, 0, 0,
    0, 0, 0, 0, 0, 0, 0, 0,
    0, 0, 0, 0, 0, 0, 0, 0,
    0, 0, 0, 0, 0, 0, 0, 0,
    0, 0, 0, 0, 0, 0, 0, 0,
    0, 0, 0, 0, 0, 0, 0, 0,
    0, 0, 0, 0, 0, 0, 0, 0,
    0, 0, 0, 0, 0, 0, 0, 0,
    0, 0, 0, 0, 0, 0, 0, 0,
    0, 0, 0, 0, 0, 0, 0, 0,
    0, 0, 0, 0, 0, 0, 0, 0,
    0, 0, 0, 0, 0, 0, 0, 0,
    0, 0, 0, 0, 0, 0, 0, 0,
    0, 0, 0, 0, 0, 0, 0
};

/*Map glyph_ids to kern right classes*/
static const uint8_t kern_right_class_mapping[] =
{
    0, 0, 1, 2, 0, 0, 0, 0,
    2, 0, 3, 4, 0, 5, 6, 7,
    8, 0, 0, 0, 0, 0, 0, 0,
    0, 0, 0, 9, 10, 0, 0, 0,
    11, 0, 12, 0, 13, 0, 0, 0,
    13, 0, 0, 14, 0, 0, 0, 0,
    13, 0, 13, 0, 15, 16, 17, 18,
    19, 20, 21, 22, 0, 23, 3, 0,
    0, 0, 24, 0, 25, 25, 25, 26,
    27, 0, 28, 29, 0, 0, 30, 30,
    25, 30, 25, 30, 31, 32, 33, 34,
    35, 36, 37, 38, 0, 0, 3, 0,
    0, 0, 0, 6, 0, 0, 0, 0,
    0, 0, 0, 0, 0, 0, 0, 0,
    0, 0, 0, 0, 0, 0, 0, 0,
    0, 0, 0, 0, 0, 0, 0, 0,
    0, 0, 0, 0, 0, 0, 0, 0,
    0, 0, 0, 0, 0, 0, 0, 0,
    0, 0, 0, 0, 0, 0, 0, 0,
    0, 0, 0, 0, 0, 0, 0, 0,
    0, 0, 0, 0, 0, 0, 0, 0,
    0, 0, 0, 0, 0, 0, 0, 0,
    0, 0, 0, 0, 0, 0, 0, 0,
    0, 0, 0, 0, 0, 0, 0, 0,
    0, 0, 0, 0, 0, 0, 0, 0,
    0, 0, 0, 0, 0, 0, 0, 0,
    0, 0, 0, 0, 0, 0, 0, 0,
    0, 0, 0, 0, 0, 0, 0, 0,
    0, 0, 0, 0, 0, 0, 0, 0,
    0, 0, 0, 0, 0, 0, 0, 0,
    0, 0, 0, 0, 0, 0, 0, 0,
    0, 0, 0, 0, 0, 0, 0, 0,
    0, 0, 0, 0, 0, 0, 0, 0,
    0, 0, 0, 0, 0, 0, 0, 0,
    0, 0, 0, 0, 0, 0, 0, 0,
    0, 0, 0, 0, 0, 0, 0, 0,
    0, 0, 0, 0, 0, 0, 0, 0,
    0, 0, 0, 0, 0, 0, 0, 0,
    0, 0, 0, 0, 0, 0, 0, 0,
    0, 0, 0, 0, 0, 0, 0, 0,
    0, 0, 0, 0, 0, 0, 0, 0,
    0, 0, 0, 0, 0, 0, 0, 0,
    0, 0, 0, 0, 0, 0, 0, 0,
    0, 0, 0, 0, 0, 0, 0, 0,
    0, 0, 0, 0, 0, 0, 0, 0,
    0, 0, 0, 0, 0, 0, 0, 0,
    0, 0, 0, 0, 0, 0, 0, 0,
    0, 0, 0, 0, 0, 0, 0, 0,
    0, 0, 0, 0, 0, 0, 0, 0,
    0, 0, 0, 0, 0, 0, 0, 0,
    0, 0, 0, 0, 0, 0, 0, 0,
    0, 0, 0, 0, 0, 0, 0, 0,
    0, 0, 0, 0, 0, 0, 0
};

/*Kern values between classes*/
static const int8_t kern_class_values[] =
{
    0, 0, 0, 0, -41, 0, -41, 0,
    0, 0, 0, -20, 0, -34, -4, 0,
    0, 0, 0, -4, 0, 0, 0, 0,
    -11, 0, 0, 0, 0, 0, -7, 0,
    0, 0, 0, 0, 0, 0, 0, 0,
    0, 0, 0, 0, 0, 0, 0, 0,
    0, 0, 0, -7, 0, 0, 0, 0,
    0, 0, 0, 0, 0, 0, 0, 0,
    0, 0, 28, 0, 0, 0, 0, 0,
    0, 0, 0, 0, 0, -34, 0, -49,
    0, 0, 0, 0, 0, 0, 0, 0,
    0, 0, 0, -35, -7, -23, -12, 0,
    -33, 0, 0, 0, -4, 0, 0, 0,
    9, 0, 0, -16, 0, -12, -8, 0,
    -7, 0, 0, 0, 0, 0, 0, 0,
    0, 0, 0, 0, 0, 0, 0, -7,
    -6, -17, 0, -7, -4, -10, -24, -7,
    0, 0, 0, 0, 0, 0, 0, 0,
    0, -9, 0, -3, 0, -5, 0, 0,
    0, 0, 0, 0, 0, 0, 0, 0,
    0, 0, 0, -14, -4, -28, 0, 0,
    0, 0, 0, 0, 0, 0, 0, -9,
    -11, 0, -4, 9, 9, 0, 0, 3,
    -7, 0, 0, 0, 0, 0, 0, 0,
    0, -18, 0, 0, 0, 0, 0, 0,
    0, 0, 0, 0, 0, 0, 0, 0,
    0, 0, -9, 0, 0, 0, 0, 0,
    0, 0, 1, 0, 0, 0, 0, 0,
    0, 0, 0, 0, 0, -20, 0, -34,
    0, 0, 0, 0, 0, 0, -9, -2,
    -4, 0, 0, -20, -5, -5, 0, 1,
    -5, -3, -14, 8, 0, -4, 0, 0,
    0, 0, 8, -5, -2, -3, -1, -1,
    -3, 0, 0, 0, 0, -11, 0, 0,
    0, 0, 0, 0, 0, 0, 0, -6,
    -5, -9, 0, -2, -1, -1, -5, -1,
    0, 0, 0, 0, 0, 0, 0, 0,
    0, -4, 0, -5, -4, -4, -5, 0,
    0, 0, 0, 0, 0, -9, 0, 0,
    0, 0, 0, 0, -10, -4, -9, -6,
    -5, -1, -1, -1, -3, -4, 0, 0,
    0, 0, -7, 0, 0, 0, 0, -10,
    -4, -5, -4, 0, -5, 0, 0, 0,
    0, -12, 0, 0, 0, -6, 0, 0,
    0, -4, 0, -14, 0, -9, 0, -4,
    -2, -6, -7, -7, 0, 0, 0, 0,
    0, 0, 0, 0, 0, 0, 0, 0,
    0, -5, 0, -3, 0, 0, 0, 0,
    0, 0, 0, 0, 0, 0, 0, 0,
    0, 0, 0, 0, 0, 0, 0, 0,
    0, 0, 0, 0, -4, 0, 0, 0,
    0, 0, 0, -9, 0, -4, 0, -11,
    -4, 0, 0, 0, 0, 0, -26, 0,
    -26, -25, 0, 0, 0, -13, -4, -50,
    -7, 0, 0, 1, 1, -9, 0, -11,
    0, -12, -5, 0, -9, 0, 0, -7,
    -7, -4, -6, -7, -6, -9, -6, -11,
    0, 0, 0, -10, 0, 0, 0, 0,
    0, 0, 0, -1, 0, 0, 0, -7,
    0, -5, -1, 0, 0, 0, 0, 0,
    0, 0, 0, 0, 0, 0, 0, 0,
    0, 0, 0, 0, 0, 0, 0, 0,
    0, 0, -9, 0, -9, 0, 0, 0,
    0, 0, 0, -14, 0, 0, 0, 0,
    0, 0, 0, 0, 0, 0, 0, 0,
    0, 0, 0, 0, 0, 0, 0, 0,
    0, 0, 0, 0, 0, -7, 0, -14,
    0, -11, 0, 0, 0, 0, -3, -4,
    -7, 0, -3, -6, -5, -4, -4, 0,
    -6, 0, 0, 0, -3, 0, 0, 0,
    -4, 0, 0, -12, -5, -7, -6, -6,
    -7, -5, 0, -32, 0, -54, 0, -19,
    0, 0, 0, 0, -12, 1, -9, 0,
    -8, -43, -10, -27, -20, 0, -27, 0,
    -28, 0, -4, -5, -1, 0, 0, 0,
    0, -7, -4, -13, -12, 0, -13, 0,
    0, 0, 0, 0, -40, -12, -40, -27,
    0, 0, 0, -18, 0, -52, -4, -9,
    0, 0, 0, -9, -4, -28, 0, -15,
    -9, 0, -11, 0, 0, 0, -4, 0,
    0, 0, 0, -5, 0, -7, 0, 0,
    0, -4, 0, -11, 0, 0, 0, 0,
    0, -1, 0, -6, -5, -5, 0, 2,
    2, -1, 0, -4, 0, -1, -4, 0,
    -1, 0, 0, 0, 0, 0, 0, 0,
    0, -3, 0, -3, 0, 0, 0, -6,
    0, 5, 0, 0, 0, 0, 0, 0,
    0, -5, -5, -7, 0, 0, 0, 0,
    -5, 0, 0, 0, 0, 0, 0, 0,
    0, 0, 0, -9, 0, 0, 0, 0,
    0, 0, 0, 0, 0, 0, -38, -26,
    -38, -32, -7, -7, 0, -14, -9, -45,
    -14, 0, 0, 0, 0, -7, -5, -19,
    0, -26, -24, -6, -26, 0, 0, -17,
    -21, -6, -17, -12, -12, -14, -12, -27,
    0, 0, 0, 0, -6, 0, -6, -11,
    0, 0, 0, -6, 0, -17, -4, 0,
    0, -1, 0, -4, -5, 0, 0, -1,
    0, 0, -4, 0, 0, 0, -1, 0,
    0, 0, 0, -3, 0, 0, 0, 0,
    0, 0, -23, -7, -23, -17, 0, 0,
    0, -5, -4, -26, -4, 0, -4, 4,
    0, 0, 0, -7, 0, -8, -5, 0,
    -8, 0, 0, -7, -4, 0, -11, -3,
    -3, -5, -3, -9, 0, 0, 0, 0,
    -12, -4, -12, -11, 0, 0, 0, 0,
    -2, -23, -2, 0, 0, 0, 0, 0,
    0, -2, 0, -6, 0, 0, -4, 0,
    0, 0, 0, 0, 0, 0, 0, 0,
    0, -4, 0, -4, 0, -4, 0, -10,
    0, 0, 0, 0, 0, 1, -6, 0,
    -5, -7, -4, 0, 0, 0, 0, 0,
    0, -4, -3, -6, 0, 0, 0, 0,
    0, -6, -4, -6, -5, -4, -6, -5,
    0, 0, 0, 0, -32, -24, -32, -24,
    -9, -9, -3, -5, -5, -36, -6, -5,
    -4, 0, 0, 0, 0, -9, 0, -24,
    -15, 0, -21, 0, 0, -14, -15, -10,
    -12, -5, -9, -12, -5, -17, 0, 0,
    0, 0, 0, -12, 0, 0, 0, 0,
    0, -2, -7, -12, -11, 0, -4, -2,
    -2, 0, -5, -6, 0, -6, -8, -7,
    -5, 0, 0, 0, 0, -5, -8, -6,
    -6, -9, -6, 0, 0, 0, 0, 0,
    0, 0, 0, 0, 0, 0, 0, 0,
    0, 0, 0, -31, -11, -19, -11, 0,
    -26, 0, 0, 0, 0, 0, 12, 0,
    26, 0, 0, 0, 0, -7, -4, 0,
    4, 0, 0, 0, 0, -19, 0, 0,
    0, 0, 0, 0, -4, 0, 0, 0,
    0, -9, 0, -6, -1, 0, -9, 0,
    0, 0, 0, 0, 0, 0, 0, 0,
    0, -5, 0, 0, 0, 0, 0, 0,
    0, -11, 0, -9, -4, 2, -4, 0,
    0, 0, -4, 0, 0, 0, 0, -20,
    0, -7, 0, -1, -17, 0, -9, -5,
    0, 0, 0, 0, 0, 0, 0, -6,
    0, -1, -1, -6, -1, -2, 0, 0,
    0, 0, 0, -7, 0, 0, 0, 0,
    0, 0, 0, 0, 0, -7, 0, -5,
    0, 0, -9, 0, 0, -4, -8, 0,
    -4, 0, 0, 0, 0, -4, 0, 2,
    2, 3, 2, 0, 0, 0, 0, -12,
    0, 4, 0, 0, 0, 0, -3, 0,
    0, -7, -7, -9, 0, -6, -4, 0,
    -9, 0, -7, -5, 0, 0, -4, 0,
    0, 0, 0, -4, 0, 2, 2, -3,
    2, 0, 5, 14, 18, 0, -18, -5,
    -18, -5, 0, 0, 9, 0, 0, 0,
    0, 17, 0, 24, 17, 12, 21, 0,
    22, -7, -4, 0, -5, 0, -4, 0,
    -1, 0, 0, 4, 0, -1, 0, -5,
    0, 0, 5, -12, 0, 0, 0, 17,
    0, 0, -13, 0, 0, 0, 0, -9,
    0, 0, 0, 0, -5, 0, 0, -6,
    -5, 0, 0, 0, 13, 0, 0, 0,
    0, -1, -1, 0, 5, -5, 0, 0,
    0, -12, 0, 0, 0, 0, 0, 0,
    -3, 0, 0, 0, 0, -9, 0, -4,
    0, 0, -6, 0, 0, 0, 0, 0,
    0, 0, 0, 0, 0, 0, 0, 0,
    0, 0, 0, 0, 0, 0, 0, -8,
    4, -16, 4, 0, 4, 4, -4, 0,
    0, 0, 0, -12, 0, 0, 0, 0,
    -4, 0, 0, -4, -6, 0, -4, 0,
    -4, 0, 0, -7, -5, 0, 0, -3,
    0, -3, 0, 0, 0, 0, 0, 0,
    0, 0, 0, 0, 0, 0, 0, 0,
    0, 0, 0, 0, 0, 0, 0, 0,
    0, 0, 0, 0, 0, 0, 3, 0,
    0, 0, 0, 0, 0, 0, 0, 0,
    0, 0, 0, -9, 0, 0, 0, 0,
    0, 0, 0, 0, 0, 0, 0, -7,
    0, -5, 0, 0, -11, 0, 0, 0,
    0, 0, 0, 0, 0, 0, 0, 0,
    0, 0, 0, 0, 0, 0, 0, 0,
    0, 0, -20, -9, -20, -12, 9, 9,
    0, -5, 0, -20, 0, 0, 0, 0,
    0, 0, 0, -4, 4, -9, -4, 0,
    -4, 0, 0, 0, -1, 0, 0, 9,
    7, 0, 9, -1, 0, 0, 0, -18,
    0, 4, 0, 0, 0, 0, -4, 0,
    0, 0, 0, -9, 0, -4, 0, 0,
    -7, 0, 0, 0, 0, 0, 0, 0,
    0, 0, 0, -7, 0, 0, 0, 0,
    0, 0, 0, 0, 0, 0, 2, -9,
    2, 4, 5, 5, -9, 0, 0, 0,
    0, -5, 0, 0, 0, 0, -1, 0,
    0, -8, -5, 0, -4, 0, 0, 0,
    -4, -7, 0, 0, 0, -6, 0, 0,
    0, 0, 0, -4, -12, -3, -12, -7,
    0, 0, 0, -4, 0, -14, 0, -7,
    0, -3, 0, 0, -5, -4, 0, -7,
    -1, 0, 0, 0, -4, 0, 0, 0,
    0, 0, 0, 0, 0, -9, 0, 0,
    0, -4, -14, 0, -14, -3, 0, 0,
    0, -1, 0, -11, 0, -9, 0, -3,
    0, -5, -9, 0, 0, -4, -1, 0,
    0, 0, -4, 0, 0, 0, 0, 0,
    0, 0, 0, -6, -5, 0, 0, -8,
    3, -5, -3, 0, 0, 3, 0, 0,
    -4, 0, -1, -12, 0, -5, 0, -4,
    -12, 0, 0, -4, -6, 0, 0, 0,
    0, 0, 0, -9, 0, 0, 0, 0,
    0, 0, 0, 0, 0, 0, -12, 0,
    -12, -5, 0, 0, 0, 0, 0, -14,
    0, -7, 0, -1, 0, -1, -3, 0,
    0, -7, -1, 0, 0, 0, -4, 0,
    0, 0, 0, 0, 0, -5, 0, -9,
    0, 0, 0, 0, 0, -6, 0, 0,
    0, 0, 0, 0, 0, 0, 0, -9,
    0, 0, 0, 0, -11, 0, 0, -8,
    -4, 0, -2, 0, 0, 0, 0, 0,
    -4, -1, 0, 0, -1, 0
};


/*Collect the kern class' data in one place*/
static const lv_font_fmt_txt_kern_classes_t kern_classes =
{
    .class_pair_values   = kern_class_values,
    .left_class_mapping  = kern_left_class_mapping,
    .right_class_mapping = kern_right_class_mapping,
    .left_class_cnt      = 45,
    .right_class_cnt     = 38,
};

/*--------------------
 *  ALL CUSTOM DATA
 *--------------------*/

#if LVGL_VERSION_MAJOR == 8
/*Store all the custom data of the font*/
static  lv_font_fmt_txt_glyph_cache_t cache;
#endif

#if LVGL_VERSION_MAJOR >= 8
static const lv_font_fmt_txt_dsc_t font_dsc = {
#else
static lv_font_fmt_txt_dsc_t font_dsc = {
#endif
    .glyph_bitmap = glyph_bitmap,
    .glyph_dsc = glyph_dsc,
    .cmaps = cmaps,
    .kern_dsc = &kern_classes,
    .kern_scale = 16,
    .cmap_num = 2,
    .bpp = 4,
    .kern_classes = 1,
    .bitmap_format = 1,
#if LVGL_VERSION_MAJOR == 8
    .cache = &cache
#endif
};



/*-----------------
 *  PUBLIC FONT
 *----------------*/

/*Initialize a public general font descriptor*/
#if LVGL_VERSION_MAJOR >= 8
const lv_font_t lv_font_health_20 = {
#else
lv_font_t lv_font_health_20 = {
#endif
    .get_glyph_dsc = lv_font_get_glyph_dsc_fmt_txt,    /*Function pointer to get glyph's data*/
    .get_glyph_bitmap = lv_font_get_bitmap_fmt_txt,    /*Function pointer to get glyph's bitmap*/
    .line_height = 24,          /*The maximum line height required by the font*/
    .base_line = 6,             /*Baseline measured from the bottom of the line*/
#if !(LVGL_VERSION_MAJOR == 6 && LVGL_VERSION_MINOR == 0)
    .subpx = LV_FONT_SUBPX_NONE,
#endif
#if LV_VERSION_CHECK(7, 4, 0) || LVGL_VERSION_MAJOR >= 8
    .underline_position = -2,
    .underline_thickness = 1,
#endif
    .dsc = &font_dsc,          /*The custom font data. Will be accessed by `get_glyph_bitmap/dsc` */
#if LV_VERSION_CHECK(8, 2, 0) || LVGL_VERSION_MAJOR >= 9
    .fallback = NULL,
#endif
    .user_data = NULL,
};



#endif /*#if LV_FONT_HEALTH_20*/

